#include "gui.h"

static const binfile_t background_2600 = {"background_2600.png", 1329, {
"\x89\x50\x4E\x47\x0D\x0A\x1A\x0A\x00\x00\x00\x0D\x49\x48\x44\x52\x00\x00\x01\x40\x00\x00\x00\xF0\x01"
"\x03\x00\x00\x00\x4B\xE3\x2F\x28\x00\x00\x00\x01\x73\x52\x47\x42\x00\xAE\xCE\x1C\xE9\x00\x00\x00\x04"
"\x67\x41\x4D\x41\x00\x00\xB1\x8F\x0B\xFC\x61\x05\x00\x00\x00\x06\x50\x4C\x54\x45\x8F\x42\xAE\x99\x54"
"\xB5\x52\x18\x26\xF1\x00\x00\x00\x09\x70\x48\x59\x73\x00\x00\x0D\xD6\x00\x00\x0D\xD6\x01\x90\x6F\x79"
"\x9C\x00\x00\x04\xB4\x49\x44\x41\x54\x68\xDE\xED\xD8\x3D\xB2\x9C\x38\x10\x00\x60\xF4\x08\x08\x39\x02"
"\x47\xC1\xA9\xD3\xAD\x7D\xB1\x8F\x82\x02\xDF\xC3\x76\xEC\x4B\x10\xEE\x05\x36\x27\xD8\x03\x50\x8E\x54"
"\xB5\x58\x18\xF4\xDB\x52\x77\x4B\x9A\x79\x6F\x83\xAD\xF2\x24\x9E\x61\xBE\xD7\xB4\x7E\x50\xF7\xB8\x3B"
"\x1B\x5F\xBF\xE1\x6F\xF8\xDF\xC1\x7F\xF5\xF7\x57\xF3\x02\xF0\xEF\xD7\x3F\xBA\xC2\x2B\xB8\xBD\x2B\xBF"
"\x02\xFC\xD0\x08\x55\xD7\x08\xF7\x56\xB8\xBE\x3B\xEC\xDE\x1B\xEA\x77\x87\xC7\xBB\x43\xF5\x18\x7C\x39"
"\xBF\xD6\xA0\x5D\xC1\x4F\xE7\xCF\x26\x28\xAE\x37\xB2\x05\x8E\xA5\x64\x21\x9C\x4B\xC3\x87\xB0\xB8\x96"
"\x00\xF6\xE6\x9D\x2C\xC3\xED\x7A\x3B\x84\x77\x15\x38\x15\xA7\x1E\xC0\xB9\xB8\x98\x20\xC7\xA5\xB8\x8F"
"\x62\x44\x51\xDE\xC2\x18\xCA\x1A\x1C\xDC\xDB\xB5\x15\x6E\x35\x78\xCF\xCE\xB7\x85\x3D\x0A\x12\xA8\xEE"
"\xB0\xAA\x06\x67\x93\x1E\x3B\x91\x11\x2E\x66\x66\xA6\x3A\xB4\xB1\x46\x6E\x22\x21\xBC\xB3\x1B\xAA\x50"
"\xD8\x89\x11\xDC\x8C\x43\xB8\xDA\x0B\x15\xD8\x3B\xB1\x30\x33\x0E\xA1\xB9\x30\xD7\xE0\xE0\x36\xD8\xC4"
"\x2C\x4D\x80\xA3\x83\x63\x1D\x2A\x07\x55\x1B\x1C\x98\xA5\x09\xD0\xE7\xD6\xB7\x43\x5D\x83\x76\x5A\x04"
"\xB3\x86\x8F\xC3\xD9\x3F\x2C\xCC\x1A\x52\x70\xAD\x40\xF9\x20\x5C\xE8\xA5\x09\x70\x79\x02\xAA\x0A\xEC"
"\x3C\x3C\xDA\x22\xCE\xF4\xD2\x50\x11\xCF\x36\x38\xD3\x33\x4E\x46\x5C\x5B\x23\x6E\xAD\x11\xF7\xD6\x88"
"\x47\x6B\x44\x5D\x86\x61\x65\xC8\x61\x93\x11\xA9\xD1\x50\xBB\x87\x3C\x75\xE9\x5B\x5F\xD1\xC5\xA7\xF3"
"\xCF\x7A\xC4\xF3\x87\xB8\xFF\xF9\x41\xC3\x35\xB9\xE2\x2E\xF3\x50\x40\xA8\x5B\x21\x08\x19\x2E\x80\xE7"
"\x1A\xBC\x7E\x52\x11\x29\x18\x37\x12\x88\xE8\xCF\x9E\xE4\xB5\x13\xD0\x1F\x7B\x27\x39\x9C\x00\x47\x1A"
"\x86\x7B\x03\x68\x37\xD7\x78\xD2\xF7\x0E\x30\x1E\xF6\xE9\xEB\xE0\xE0\x9C\xC1\x33\x87\xB1\x20\xD1\x49"
"\x22\x98\x3B\x9F\x64\x80\xB1\x68\xD2\x49\x42\xB8\xE3\xF9\x8E\x49\x06\xE8\xEA\xF5\x88\xE1\x8A\xA0\x26"
"\x66\xE7\xF4\x3B\x28\x7E\xB0\x67\x0E\x76\x6E\xC5\x12\xA8\xA8\x14\xDD\x68\x22\xBC\xB2\xD3\x72\x21\xE0"
"\x99\xC1\x3C\xBB\x7F\x3E\x7F\x71\xEF\x64\x0A\xB3\x6D\xF3\x57\x1C\xD9\x56\x82\x30\xB1\x3D\x85\xE9\x9A"
"\x48\xB0\x39\x55\x01\x2A\xB8\x67\x74\x0A\x93\x29\xF4\xFB\xDA\x66\xC9\xC3\xF0\xA4\xC4\x26\x1E\xC0\x19"
"\xDF\xD9\x6D\xCF\x95\x85\xB1\x2C\x8C\x7E\xD8\x00\x82\x19\xEF\x52\xA8\x52\x18\x77\x18\x3C\xEC\xFD\x67"
"\x12\xC2\x03\x77\xC1\x70\x20\x52\x74\x7F\x9E\xC2\xB8\xC5\x60\x51\x18\xDC\x05\x0A\xDA\x59\x7C\xF9\x18"
"\x93\x5C\x13\x28\x92\xB1\x5C\x91\x74\x80\x1B\x0D\x37\x3F\x08\xE5\x57\x71\x4F\x60\x07\xC7\x32\x86\x64"
"\xDD\x8F\x40\x0A\x4A\xBF\x74\x26\x64\x6F\x93\xC9\xEF\xE6\x26\xA3\x8F\xC3\xE2\xE1\x01\x96\xD3\x6F\x87"
"\x14\xBA\x5D\xA1\x40\x70\xFF\x9E\x84\x5B\x36\xA5\x93\x49\x1B\xC2\x29\xDC\x2E\x2E\xBB\xB4\x1F\x56\x0A"
"\x4A\xB8\x35\xDD\xE3\xB9\x25\x70\x0C\x83\x0E\xEE\x4E\xF2\xCE\x63\x27\xE0\x91\x3C\x90\xDA\xFE\x99\xA2"
"\x21\x3C\x0B\x28\x68\xBF\xDF\xD3\x63\x68\x75\x0D\x0E\x09\x61\x09\xB1\x07\xA2\x26\xE0\x9A\x1E\x05\xCA"
"\xA6\x94\xC0\xDE\xC1\xE4\x70\x39\x58\x98\x55\x06\x6D\x3F\x93\x30\xAD\x0C\x92\x81\x47\x7E\xF6\xDA\x54"
"\x12\x28\x1C\x4C\xEB\xA6\x7D\x5E\x30\x54\x79\xDD\xDC\x6D\xDB\x8B\xE0\x9E\x97\x43\xC5\xC0\x2D\x87\x36"
"\x69\x0A\xE6\x45\x89\x81\x2B\xAA\x9B\xD2\xFC\x44\x46\x50\x12\x70\xA0\x20\x2E\x61\xAB\xF9\xB9\x0A\xA1"
"\x7B\x30\xF3\xF6\x63\x43\xF0\x8E\xA8\x71\x25\x36\x13\x86\x22\x1E\x18\x2A\x04\x85\xBF\x9A\xBE\x8E\x7B"
"\xC6\x51\x44\xA2\xB6\x6B\x04\x85\x49\x08\x37\x01\x64\xC4\x1D\xB5\x7B\x76\x22\x50\xC4\x8D\x68\x68\xE4"
"\x35\xB5\x04\xC4\x0D\xCD\x4A\xC1\x95\x84\x23\x05\x51\x5F\x68\xD2\x41\x50\xE2\xBE\xD0\x0C\x10\x41\xA2"
"\x81\x34\xFF\x0D\x84\x9E\x42\xAA\xE9\xBA\x17\x21\x8F\xA8\x89\x06\x12\xC3\x9E\x81\xC7\x75\x11\x43\xA2"
"\x8D\xD3\x04\x3C\x68\xD8\x11\x10\x2F\xB5\x19\x61\x7E\x3E\x2A\x06\x2E\x18\x12\x4D\xEE\xBD\x0A\xF9\x61"
"\xBF\x03\x38\x00\x38\x63\x18\xF6\x44\x28\x04\x66\x03\xE4\x10\xEC\xB2\xFB\x47\x53\x80\x13\x86\x73\xBC"
"\xDF\x08\xFE\x26\xAF\x85\x11\xBA\xB3\xDB\x7D\x3B\xE5\x30\x6E\x47\xD0\x8F\xDD\x99\x63\xB8\x84\x2F\xE3"
"\x29\x74\xCD\x05\x0F\xEF\x26\x81\x83\x33\xA8\xF4\x67\xAC\x27\x66\xBD\x58\x78\x84\x73\xD0\x40\x3E\xA2"
"\xED\x0C\x17\x3E\xA2\x80\x17\xFC\x14\x1C\x19\xBC\xAB\x84\x00\x63\x09\xC5\xEE\xDA\xA5\x2C\x34\xCE\x8F"
"\x86\x82\xA0\xD7\xEA\xC2\x68\x34\x82\xE1\x91\x49\x7E\x02\x94\xA0\xFF\xC5\x3A\xD7\xA0\xFF\x49\x3F\x91"
"\x10\x3C\xAD\xBE\x6F\xF6\x3D\x93\x40\xD0\xED\x7F\x99\x40\x8D\xE0\x91\xC3\x81\x89\x78\xD0\x11\xCF\xE6"
"\x88\x12\xC3\xD8\xF1\xF1\x50\x14\x60\xD7\x18\xB1\xEB\xB8\x88\x3E\xC7\x9E\x8A\x28\xC0\xD1\x53\xBC\xF5"
"\x23\xF0\x68\x8F\x38\xA5\x30\x2E\x7D\xDB\xAD\xEB\xD0\x45\xFC\x50\xBD\x35\x1F\xF1\x59\xD8\xBF\x7D\xD4"
"\xFF\xDF\x1C\xE5\x1B\x72\x1C\x5B\x6F\xDD\xBC\xD6\xCF\xEE\x1E\x7E\x87\x37\x8F\x9A\xCE\xF1\xC9\x67\xA6"
"\x6B\x7D\xAE\x1F\x3B\x29\x9A\x4F\xB3\x67\x0F\xD2\x37\x9F\xB8\xBA\x1D\x66\xE5\xC3\xD7\x19\xF1\x5C\x41"
"\x22\x4A\xDC\x52\x83\xB5\xA2\x79\xC6\xC2\x6B\x5E\xEE\x53\xBD\xB0\x0F\x34\x9C\xF9\x56\x61\x60\x61\xB1"
"\xF9\x78\xA8\x9D\x69\x6A\x90\xA6\xBC\xE5\xF2\xCD\xEB\xD3\x4D\x1C\x6A\x0B\xE7\xF0\xED\xF8\x5C\xA3\x39"
"\xB6\xB6\xAE\x7C\x33\xDC\x4D\xBF\x00\x05\x07\xDE\x14\xCF\x58\x72\xE9\x00\x00\x00\x00\x49\x45\x4E\x44"
"\xAE\x42\x60\x82"
}
};

static const binfile_t background_col = {"background_col.png", 1587, {
"\x89\x50\x4E\x47\x0D\x0A\x1A\x0A\x00\x00\x00\x0D\x49\x48\x44\x52\x00\x00\x01\x40\x00\x00\x00\xF0\x01"
"\x03\x00\x00\x00\x4B\xE3\x2F\x28\x00\x00\x00\x01\x73\x52\x47\x42\x00\xAE\xCE\x1C\xE9\x00\x00\x00\x04"
"\x67\x41\x4D\x41\x00\x00\xB1\x8F\x0B\xFC\x61\x05\x00\x00\x00\x06\x50\x4C\x54\x45\x21\xAE\x60\x29\xCB"
"\x71\xA5\x36\x8B\xE8\x00\x00\x00\x09\x70\x48\x59\x73\x00\x00\x0D\xD6\x00\x00\x0D\xD6\x01\x90\x6F\x79"
"\x9C\x00\x00\x05\xB6\x49\x44\x41\x54\x68\xDE\xED\xDA\xCF\x6B\xDC\x46\x14\x07\xF0\x27\x2B\x89\x0A\x35"
"\x96\x7B\x69\x03\x31\x96\x43\xFF\x80\x24\xF4\xD0\x42\x8C\x15\xE8\x21\x7F\x86\x0B\xF9\x03\x92\x5B\x17"
"\x5A\x90\x96\x16\x5C\x4A\x61\xFF\x84\xF4\x4F\xE8\xB1\x87\x82\x45\x5D\xBA\xC7\x5C\x7B\x08\xB5\xDC\x3D"
"\xA4\x10\x68\xB4\x6D\xC2\xAA\xB1\xAA\xD7\xF7\x66\xB4\xDA\x1F\x96\xDE\x9B\x42\x2E\x05\xEF\x21\x2B\xA2"
"\xCF\x6A\x77\x46\xF3\x7D\x9A\x99\x04\xD0\xF1\x75\x09\x97\x5F\x95\x2B\x2C\x22\x57\xE8\x39\xC2\x33\x88"
"\xDD\xBE\x7A\x92\xBF\xED\x08\xAB\xB5\x33\xBD\x10\xD3\xD0\x09\x8E\xD7\x9B\xD3\x0F\x11\x0E\x1D\x61\x1E"
"\xB8\xC0\x11\xDD\x1C\x48\xDC\xE0\x6A\x73\x24\x58\x6E\x38\x40\x73\xB1\xE5\xBB\xD3\x07\xCD\x98\x28\x7C"
"\x37\xF8\xFA\xE9\x52\x73\x24\xF8\xF5\xFD\x2C\xD0\x60\x4D\xB0\x3A\xAE\x4A\x50\x21\x35\xE3\x2F\xBA\x6E"
"\x1A\x29\xB0\x22\xF8\x24\x0F\x4F\x17\xCD\xE9\x83\xD4\x8A\x63\xF0\x9E\xD5\x6D\x0F\x09\x70\x00\xF0\x19"
"\xB6\xCD\xE9\x87\x75\x09\xB0\x83\xED\xF8\xED\x81\x25\xE2\x3F\x19\xC0\x2E\xDD\xF0\x48\x83\xE7\x04\x83"
"\xA4\xBD\x3B\xFD\x70\x06\x00\x3E\xFD\x82\xA1\x08\x0B\xC4\x67\x04\xBD\xC7\x88\x99\x08\xA7\x88\x7F\x30"
"\x3C\x35\x9F\x91\xE1\xAF\x04\xE1\xD4\x1C\xCA\xF0\x29\xC3\x17\x1A\x9C\x20\xFE\xC0\xF0\x21\x15\x17\x0D"
"\x7E\xCF\xF0\x43\x73\x28\xC0\x13\xC4\xEF\x9C\xE0\xF8\x3F\xC0\x82\xE1\x5D\x73\x28\xC3\x47\x0C\x6F\x68"
"\xF0\xC8\x15\x8E\x16\xF0\xC8\x15\x8E\x44\x18\xBA\xC2\xA8\x81\x77\x9B\xE2\xA2\xC2\x1B\x4D\x71\x91\xE0"
"\x6D\x86\xB1\x02\x39\xFF\x94\x2D\x80\x0F\x1C\x60\x33\x28\xEA\xD8\x09\x7E\xAA\x40\xCE\xFF\x2F\x76\x3C"
"\xEA\xD0\x8C\xF0\x87\xA6\x0A\xC9\xB0\xC9\x4C\x95\x48\xB0\x4C\xDA\x14\x2A\x10\x9B\x02\x70\x6C\x3E\xA3"
"\xC0\xD4\x54\x8A\x12\x35\xC8\xB5\x27\xD4\x20\xCF\x28\xFE\xCE\x01\xB6\xDA\x42\xD1\x07\xAF\x52\xA7\x53"
"\x68\xF6\xDB\xFC\xF7\xC0\x9C\x1E\x30\xF5\xE7\x5C\x71\x55\x48\x15\xF9\x31\xF8\x33\x0D\x4E\x80\xFE\xFE"
"\x34\xBF\xF5\xA4\x8D\x75\x0F\xFC\x6D\x17\x6E\xF1\x73\xE6\x50\x83\x3F\x46\x99\x8F\xAF\x4D\xD7\xC8\xF0"
"\xE7\xB8\xA2\xC1\xFD\x2E\x27\xF5\x44\x84\x3F\xC5\x98\x06\xF8\xEA\x18\xDB\xFC\xF7\xC0\x2F\x63\x2A\x3D"
"\xF6\x26\xCB\xF0\x9B\x18\x6B\xB0\x39\x95\xE1\x57\x74\xB5\xDC\x4E\x90\x46\x2A\xE4\xE6\xA8\xF0\x3A\xFF"
"\x3E\xEA\x21\x6C\x0B\x45\x0F\xDC\xE6\x3F\x5E\x9A\xE6\x44\x3A\x44\xD3\x1C\x11\xD6\xB7\xCD\x9B\x69\x8E"
"\x0C\xEF\xD8\x37\x88\xDA\x58\xF7\xC0\x9B\xF6\xFD\x5B\x5F\x81\x55\x03\x4B\x38\x56\xE0\xFB\xF3\xB3\x61"
"\x25\xC3\xF9\x24\xA6\x80\x79\xFE\x15\x58\xC1\x8E\x08\xCB\x76\x5A\x94\x81\x0C\xDB\xB9\x5B\xD1\x9E\xEF"
"\x84\xC5\xAC\xFD\x88\x0C\xA7\xE8\x78\xC5\x25\xF8\xCE\x9B\x81\x93\xF6\x28\xBF\xE3\x0A\x6F\xBA\xC2\x07"
"\x22\x3C\x69\x8F\xB2\x8F\x45\x38\x5E\xC0\x07\xAE\xF0\xBE\x23\x4C\xC7\x22\x1C\x2D\xE0\x91\x2B\x1C\xBD"
"\x19\xB8\x58\x8E\x7A\xCE\x50\x5C\x02\xD4\x0B\xE8\x2B\xF0\x74\x7E\xB4\x21\xC3\x18\x1C\xE1\xC1\x7C\x29"
"\xB1\x58\x53\x74\xC3\x7D\x68\x62\x58\xC9\xB0\xA2\xA7\x60\xE2\x0A\xE3\x06\x26\x22\xA4\x95\x4C\xE4\x02"
"\xCB\x72\x0E\x51\x81\xF4\x48\x0F\xBF\x30\x87\x99\x08\x0B\x86\xF6\x5A\x19\x4A\x70\x4A\x70\x0B\x4C\xFD"
"\x49\x55\xB8\x0B\xE6\xCC\x50\x86\x34\x3F\xD9\xB1\x3D\x24\xC3\x33\x0B\xB9\xE1\x32\x9C\x58\xC8\x8F\x23"
"\x4F\x85\x1F\x11\x7C\x4E\xE3\x51\x84\x27\x99\x85\xA9\x06\xC7\x04\x07\xDC\x43\x61\xAD\x40\xFA\xEA\x47"
"\x0C\x3D\x57\x08\x07\xF2\x8A\x7D\x54\x18\xB8\x49\x6D\x57\x60\x05\x60\x7B\x68\x33\x94\x21\xA6\x6E\x30"
"\x9C\x15\x9E\xED\xCA\xB7\x64\x18\xA5\xE8\x5B\x08\x0A\xA4\xF3\x0D\x8C\x24\x58\x47\x94\x56\x6A\x38\xAF"
"\x53\x64\x78\x40\x43\xCC\xF6\x90\x0E\xA3\xCA\x05\xEE\x73\x23\x0C\xDC\x8E\x25\xC8\xF9\x0F\xA8\x35\xD4"
"\x1E\xD0\xE1\x59\xCD\x5D\x29\x6F\xE3\x18\x98\xC6\x47\x7C\x45\x11\x72\xA1\x08\x6C\x0F\xED\xA9\x30\xA4"
"\xB4\xF2\xBA\x59\x85\x34\x16\x23\x5E\xEF\xA1\x04\x0B\x53\x28\x28\x07\xA0\x40\x5B\x51\xA8\x87\x32\x48"
"\x55\x48\x63\x31\x98\x95\x30\x14\x61\x53\x28\x82\x2C\x19\xCA\x70\x62\xAF\xE8\xA7\xE1\x52\xA1\xE8\x83"
"\xFB\xDC\x95\x80\xF2\x4E\xDC\xA4\x34\x83\x96\xE0\xA1\x0C\xC7\x16\x52\xC3\xB7\x14\x58\x99\xD1\x4D\xF0"
"\x9A\x02\xA9\x03\x6D\xA1\xB8\x16\x88\xF0\x88\x26\x83\xB6\x50\x5C\x91\xE1\x68\x86\x43\xDB\x43\x57\x42"
"\x19\x66\xC9\x73\x0B\x41\x86\x61\xFA\x1E\xEF\x14\x5C\x57\x61\x04\x5E\x52\xAE\x17\x8A\x6E\x08\xB4\x88"
"\x33\xA5\x27\xD2\x60\x48\xF5\x6C\xB5\xA2\x74\x40\xCE\x7F\x40\x39\x58\xCD\x7F\x2F\xAC\x75\x58\xD1\xC8"
"\xF1\xFF\xC4\x33\xCE\x96\xB8\xE1\xCB\xB1\xF6\xB3\xD8\xEC\xA5\xA8\x30\x48\x7D\x86\x4B\xB1\xEE\x82\x03"
"\x33\x16\x13\xEA\x21\x10\xA1\x2D\x14\x36\xAD\x2E\x90\xD3\xBA\xA7\x42\x13\xEB\x0A\xEE\xA1\x04\x0B\x0B"
"\xFD\x19\x2E\xE7\xBF\x03\x36\x85\xC2\xCF\x92\x73\x1D\x36\xB1\x76\x84\x1B\x4B\x33\x8A\x2E\x38\xA9\x6C"
"\x45\xA1\xFB\xE2\x0A\x43\x5F\x86\xB5\x19\xB4\xD7\xC8\xCA\x70\x4C\x4F\x0E\x0B\x7D\x0D\x96\x76\xEA\x01"
"\x1B\x0A\xCC\x31\xB3\x7D\xBE\x11\x88\xF0\x28\x8B\xA8\xD6\x72\xA1\x50\xE0\x08\xAE\xF2\x58\xE4\xFC\x6B"
"\xD0\xA4\x75\xAD\x50\x74\x43\x1E\x8B\x6B\xA5\xA7\x03\x46\xFC\x95\xE9\x7A\x45\xE9\x80\x34\x17\xF5\xF1"
"\xF7\xF5\x42\x71\x11\xD6\x06\xD6\xDC\x95\x20\x43\xCA\xBF\x3F\x4D\x72\x6A\xF8\xB6\x0C\x39\xFF\x59\x64"
"\x62\xAD\xC3\xD4\x63\xB8\x1D\x4B\x90\x2B\x4A\x90\x9A\xAE\x54\xE0\xC0\xC0\x00\x57\x63\xDD\x03\x6D\xAC"
"\x65\x58\x0E\xCC\x44\xC1\xA7\x58\x7F\x22\x43\x3B\xC4\xBC\x73\x4C\xEF\x39\xC1\xFC\xF0\x55\x86\x0E\xD0"
"\xCF\xE8\x57\x8A\x70\x5A\x9A\xA5\x87\x9F\x42\x92\xCA\xB0\x6A\xF2\x0F\x34\x31\x95\xE0\x99\x1D\x8B\x3E"
"\xF5\xD0\x50\x86\x34\x16\xF7\x0D\xF4\x3D\x11\x16\x87\x65\x33\x51\x58\x89\x75\x07\xA4\x9B\x37\x30\xF9"
"\xF7\x7C\x11\x96\x90\x4C\x9B\xAE\x94\x21\x6F\xD4\x55\x17\x0B\x45\x07\xCC\x37\xE6\x50\xF9\xE7\xD4\xCA"
"\x4C\x99\x37\x75\xC8\xFB\x8E\x17\x0B\x45\xE7\x44\x13\x92\x8C\x63\xBD\x3C\x47\xE9\x5E\x2B\x40\x58\x71"
"\x57\xAE\x14\x8A\x4E\x98\x03\xAE\xCF\x28\x7A\xF6\x00\x20\xE4\xA7\xD2\x4A\xA1\xE8\xDE\xF9\xC8\x38\x08"
"\x2E\xF0\xA5\x49\xEB\x4A\xFE\xBB\x21\xA6\x41\xBD\x56\x51\x7A\x60\xE1\x25\xE9\x6A\xFE\x7B\x60\x0D\x51"
"\xEE\x04\x31\xF7\x6A\xD8\x73\x81\x25\xC4\xD9\x4A\xFE\xFB\x20\xA6\xFE\x79\x9E\xB8\xC0\x02\x96\xF6\x28"
"\x24\x48\x37\x7C\x25\xFF\xFD\x30\xF7\x1C\x61\xB5\xBC\x46\x91\x20\xC5\xDB\x11\x96\x6E\xFF\xA9\x01\x97"
"\xF7\x28\x14\xF8\xC2\x15\xAE\xBE\x2E\xE1\x25\xFC\x1F\x42\xC4\x7F\x01\x44\xD8\x97\x3B\x6F\x40\xF1\xBE"
"\x00\x00\x00\x00\x49\x45\x4E\x44\xAE\x42\x60\x82"
}
};

static const binfile_t background_collections = {"background_collections.png", 1438, {
"\x89\x50\x4E\x47\x0D\x0A\x1A\x0A\x00\x00\x00\x0D\x49\x48\x44\x52\x00\x00\x01\x40\x00\x00\x00\xF0\x01"
"\x03\x00\x00\x00\x4B\xE3\x2F\x28\x00\x00\x00\x01\x73\x52\x47\x42\x00\xAE\xCE\x1C\xE9\x00\x00\x00\x04"
"\x67\x41\x4D\x41\x00\x00\xB1\x8F\x0B\xFC\x61\x05\x00\x00\x00\x06\x50\x4C\x54\x45\x84\x49\x9B\x9A\x57"
"\xB5\xA1\x91\x02\x2A\x00\x00\x00\x09\x70\x48\x59\x73\x00\x00\x0D\xD6\x00\x00\x0D\xD6\x01\x90\x6F\x79"
"\x9C\x00\x00\x05\x21\x49\x44\x41\x54\x68\xDE\xED\xD9\xB1\x6F\xDD\x44\x1C\x07\xF0\x73\x9C\xC8\xAF\x30"
"\x1C\x54\x62\x76\x84\x88\x04\x8A\xC4\x3F\x80\xC4\x8B\x50\x87\x36\x6C\x55\x1F\x0C\x0C\xFD\x0B\xAA\x4E"
"\xB0\x54\xC8\x2F\xCA\x40\xC7\xAA\x52\xE7\xA2\x08\x24\xFA\xA4\x8C\xA4\x42\x4F\x6D\xBC\x31\xC2\xD2\x29"
"\x2A\x79\x12\xDB\x93\x20\x1E\x0A\xB5\x12\xC7\x87\x7D\x7E\xBE\x3B\xDB\xDF\x3B\xFF\xD2\x06\x16\x72\x4B"
"\xD5\xF6\xA3\xDF\xEF\x77\xE7\xFB\x9D\xED\x67\x26\x88\xE3\x02\x5E\x40\x0B\x1C\x33\xB6\xF6\x19\x01\xE6"
"\x6C\x31\x2E\xF7\xC0\xAC\x86\x6C\xE8\x86\xA9\x82\xDC\x0D\x13\x05\x7D\x37\x9C\x79\xEF\x2E\xA0\xE7\x86"
"\x71\x99\x71\x3A\x7A\xBB\x90\x6E\x38\xAE\xE7\x90\xB2\xC8\x0D\xF5\x5F\xA9\x30\x1E\x3A\xA1\x9E\x42\x1C"
"\x12\x61\xE2\x86\xFE\xD9\x61\xCA\xCF\x07\x06\x1A\x06\xC4\x88\x59\x40\x8C\x98\xF9\xC4\x88\xB9\xE7\x82"
"\xB9\x8E\x98\x5B\xAF\x61\x2B\xB5\x60\x6F\x3C\x26\xA5\x2E\xDB\xAC\xD8\x95\x6B\x7B\xBD\x30\x56\x9B\x9D"
"\x5D\xFB\x22\xB2\xD7\x28\x66\xAC\x39\xAE\xDD\xDA\xC7\x35\x26\xAC\x3B\xDE\x44\x11\x73\x00\x19\x8A\x28"
"\x76\x00\x8C\x10\x2C\xC6\xD1\xFC\x87\x71\x03\x86\x75\x6A\x74\xDD\x4E\xE6\xDF\x6D\x98\xC7\x42\xBB\xC6"
"\x96\xFE\xEB\xFA\xAA\x01\x85\x15\x56\x63\x23\x50\x11\x8B\x92\x36\x0F\xAC\x9D\x9A\xFA\x35\x5C\xAE\x8B"
"\x79\x6F\x77\x1F\x40\xB9\xA5\x24\x6C\x2E\xC6\x60\xF7\x66\x0B\xD6\x11\x05\x58\xBA\xC1\x03\x23\xB6\x25"
"\xA2\x1E\x4B\xEB\x9F\xB7\xE1\x15\x66\x1D\x4B\xEF\x44\x5B\x0A\x96\x4B\x3F\x1D\x5D\xB2\xD0\x60\x4B\xD5"
"\xA8\x8E\xA6\xE7\x93\xBB\xE3\xAE\xD4\x11\x9B\xB3\x3C\x78\x76\x65\xA3\x01\x55\x8D\xA8\xF5\x4E\x26\x3B"
"\xAB\x24\x28\xC7\xCB\x2F\xE5\xB5\x56\xD0\x7E\x2F\x28\xC7\x29\x15\x16\x37\x0D\xD1\xB7\xCD\xAA\x91\x50"
"\x61\x46\x85\xF9\xB9\x43\xBD\x29\x38\x15\xF6\x45\xDC\xA2\x42\xDF\x96\xFA\x1B\x6A\x44\x46\x84\x79\xFB"
"\xD1\x62\xDB\x92\x3A\x67\x81\x25\x62\x03\x26\x65\x0F\x61\xD8\xBC\x0B\xC5\x3C\xAB\xCE\x2F\x90\xBA\x01"
"\x7F\xD9\xC8\xDA\x4F\x2B\x38\xF5\xC3\x17\x03\xD6\xCA\x8D\x27\xF3\x30\x2F\xFB\x90\x13\x22\xCA\x03\xBF"
"\x91\xDB\x87\x35\xEE\x57\x77\x86\x08\xA4\xCE\x74\xC4\x64\x5D\x0C\x2B\xC8\xDD\xA9\x67\x6C\x65\x01\x7D"
"\x00\x8D\x88\x71\xF9\x64\x58\xDD\xBD\x8C\xDC\x60\x1D\x0D\x68\xE4\xF6\x61\xC4\x68\x01\x8D\xE3\x03\xEC"
"\x47\x09\x17\x77\x58\xBD\x85\xB6\xDD\x50\xFF\xAB\x2D\xF5\x98\xB5\x72\x83\x59\x8F\xCB\xAB\x5C\x1F\xA5"
"\x43\x77\x6A\x0D\x03\x47\x6A\x19\x51\x9D\xB4\x64\x18\xB5\x52\x37\xA0\x07\x20\x58\xC7\x12\xEA\xFB\xD3"
"\xD0\x95\xFA\x95\xA0\xB3\x46\xDF\x78\xC5\x88\x5C\x11\x89\xB0\xDC\xB0\x29\x6D\x1D\x11\xDC\x46\x11\x03"
"\x5A\xC4\x12\xAA\xC7\x33\xEF\x3F\x86\x5C\x3F\x42\xFA\x1D\x18\x52\x21\x7F\x35\xA8\x1E\x73\x1D\x3B\x3C"
"\x2F\xCF\x5A\x07\x34\x6B\x44\x30\xC0\x11\xD5\xF3\x0C\xEF\x49\xED\x80\x66\xEA\xA1\x6E\x99\xD0\x19\x11"
"\xC1\x80\x0A\xBB\xA9\x4B\xD8\xED\x2D\x05\x53\x13\x46\x00\xC2\xD4\x4E\xA8\x22\x16\x7D\x15\x75\x7B\x0B"
"\xCF\xDA\x09\xCD\x88\xA0\x5B\xF3\x3A\xB5\x7E\xBD\x2C\x61\xB7\xB7\x54\x8D\x69\x48\x84\x19\x86\xFA\x0C"
"\x47\x35\x7A\xA0\xB7\xF2\x80\x08\x61\x8D\x9E\x6E\x19\x10\x91\x43\xA8\xEF\xAF\xDD\x88\x29\x15\x66\xC5"
"\xFF\x76\x5B\x26\xEF\xCE\x3A\xC5\x10\xA5\x46\x50\x60\xD8\xED\x2D\x70\x65\xD2\x22\x4C\x17\xC2\xD4\x67"
"\x80\x6A\x4F\xE8\x26\xA6\x42\x18\x91\x6B\xA8\x5A\x06\xC0\x84\xF1\x9C\x04\x53\x2A\x4C\x58\x88\x7E\x6C"
"\xEB\x81\xAA\x09\xF3\xD7\x83\xA0\xB7\x5E\x0F\x0E\x9D\x70\x68\x40\xD0\x5B\x38\x22\x0D\xCE\xE8\x11\x23"
"\xD0\x5B\x39\x07\x11\x21\xEC\x4E\xC6\x84\xC6\xEF\x4F\xA8\xC6\x28\x26\x42\xD4\x84\xBA\x46\x23\x35\x6A"
"\x42\x58\xA3\x13\x26\x61\x0F\x04\xCB\xE3\xA1\x26\x04\xA9\x63\x0C\xC1\x64\xE8\x11\x41\x6F\x55\x07\x6D"
"\xB3\xC6\xD8\x47\x50\xA5\x4E\x86\x3D\x10\xA4\xF6\x41\x6F\x19\xEB\xD8\x07\x41\x8D\x81\x86\xCA\xE9\xC9"
"\x18\x11\xDD\xD0\xA8\x31\xC8\x01\x04\xB3\x1E\x1B\x07\xAE\x3B\x22\x17\xBF\x2E\x9C\xF1\x6E\x06\x66\x3D"
"\xE6\xEA\x01\xC0\x73\xA7\xE6\xEA\xFD\xC8\x77\xCE\xBA\x84\x89\x1D\xA6\xE6\x64\xEA\xDC\xBE\x3B\x35\x13"
"\x75\xEE\xC0\x9D\x9A\xA9\xDC\x7D\x90\xD5\x3F\xF5\x05\xEE\x1A\x65\x4F\xC9\xDC\xDC\x59\x63\xB9\x7E\x51"
"\xE7\x8D\x3D\x83\xB0\x10\x79\xB3\x65\x6C\x70\xF1\x3A\x1C\xF6\x4D\xA6\x7E\xF5\x09\xFB\x6A\x94\x55\x36"
"\x5A\x06\x6E\x5C\x56\x55\x19\xF7\xC1\xC5\x29\x1A\xA5\x7D\x50\x7C\x2B\xE1\x8A\x68\xFC\xFA\x80\xA0\x78"
"\x51\xF5\xF4\x0C\x43\xF3\x77\x93\x63\x39\xF1\xA4\x37\x62\xB1\x18\x65\xFA\x9F\xC6\xA2\x17\x0A\x71\xAF"
"\xD8\x8D\xBF\x53\xA0\x98\x07\x3F\x0B\xD1\x57\x23\x18\x59\x68\x8B\xD8\x86\xFC\xCC\x30\x3A\xAF\x88\xE1"
"\xB9\x47\xAC\xE1\x8C\x5D\xDE\x3B\x24\xA5\xAE\x36\xD7\xA5\xF5\xDB\x34\x28\xC7\xF2\xEE\x63\x47\x8D\xAC"
"\x35\x96\x36\x0F\x68\xB0\x6A\x9D\xF5\x5B\x0B\x98\xD6\xA9\x67\x1F\x3F\x1A\x30\xCB\xB8\xBF\x67\xD4\x38"
"\x5B\x79\x72\x54\xFC\x31\xB9\x6B\xD3\xCD\xC9\x2C\x4F\xA7\xA5\xFE\x04\x40\x54\xE3\xD1\x1D\x21\x0E\xE7"
"\x3B\xAE\x88\x7A\x7C\xF0\xE1\x9F\xC5\xBF\xCE\xEF\x8D\xDB\x70\x06\x0B\xFB\xE8\xB7\xE2\xBF\x8E\xE5\xD7"
"\xA4\xD0\xB9\x3C\x72\x7C\x3A\xDD\x37\x97\x87\xB9\xC7\x80\x0A\x19\xEF\x4F\x5D\x8D\xF0\xDF\x83\x5C\x9C"
"\x4C\xBE\x27\xC0\xB4\xBE\x9D\xCD\x1F\xAD\xBA\x21\xFB\x51\x77\xC2\x09\xD0\x35\x94\xB7\xC9\xB5\xD1\xDF"
"\x47\x7A\xAF\x1E\x4F\xAE\x02\xA8\x9F\x23\x56\x46\x7F\x18\x4F\x31\xA7\xA3\xF7\x9B\xB0\xF5\x41\x6C\x69"
"\xF4\xF5\x53\x1D\x3B\x9F\x6C\x6A\x08\x3E\x44\x79\xA3\x3B\xEA\x43\x9B\xFC\x9E\x2E\xA1\xF5\x1A\x3E\xB8"
"\x79\xBB\xD8\x14\x4C\xC1\xD3\x1B\xD6\x2E\x28\x2A\xB9\xA1\xBF\x69\xCA\xF1\x64\xF4\x96\xCD\x8A\x06\x94"
"\xE3\xAB\x09\xF8\x2A\xE7\x01\x28\xC7\xE1\xA8\xD9\xBD\xBE\x0D\xCA\xF1\x7C\x72\xBF\x86\x81\x13\xCA\xF1"
"\xF2\x59\x79\x81\x78\x3F\xAC\xB4\x20\x42\x71\x01\xFF\x57\x50\x88\x7F\x00\x7C\x5C\x40\x63\x22\x39\x67"
"\x92\x00\x00\x00\x00\x49\x45\x4E\x44\xAE\x42\x60\x82"
}
};

static const binfile_t background_doom = {"background_doom.png", 957, {
"\x89\x50\x4E\x47\x0D\x0A\x1A\x0A\x00\x00\x00\x0D\x49\x48\x44\x52\x00\x00\x01\x40\x00\x00\x00\xF0\x01"
"\x03\x00\x00\x00\x4B\xE3\x2F\x28\x00\x00\x00\x01\x73\x52\x47\x42\x00\xAE\xCE\x1C\xE9\x00\x00\x00\x04"
"\x67\x41\x4D\x41\x00\x00\xB1\x8F\x0B\xFC\x61\x05\x00\x00\x00\x06\x50\x4C\x54\x45\x6D\x36\x00\x7F\x40"
"\x00\x90\xB8\x88\x05\x00\x00\x00\x09\x70\x48\x59\x73\x00\x00\x0B\x13\x00\x00\x0B\x13\x01\x00\x9A\x9C"
"\x18\x00\x00\x03\x40\x49\x44\x41\x54\x68\xDE\xED\xD9\x4D\x6E\xD4\x30\x14\x07\xF0\x17\x59\x10\x81\x50"
"\x7D\x81\xAA\xE6\x08\x1C\x00\xD5\xDC\x84\x6B\x74\x51\xC9\xBE\x19\x3E\x02\x3B\x96\x58\x9C\xC0\x0B\x16"
"\x11\x0A\x13\xEC\x64\xA6\xAA\xBF\xE2\xFF\x4C\x42\x87\x05\xD9\x44\xCA\xFC\xE6\xF9\x23\xF6\x8B\xE3\xD0"
"\x04\x1E\xFF\xE1\xDF\x87\x3F\x14\x00\x83\x31\xB2\x0D\x5D\xB8\x6E\x78\x1B\x6A\xF2\x21\x75\x1B\x1E\x88"
"\x84\x87\xAC\x09\x07\xA2\xDE\xFF\xD6\x86\x96\x02\xD2\x5D\x13\x1A\x22\x8F\xA8\x0D\xC9\x1F\x0A\x89\x18"
"\xA0\xF4\x4D\x6F\xC1\x43\x80\xDC\x57\x40\x35\xE0\x78\x82\xAD\x88\x43\x80\x0C\x88\x08\x43\x17\x60\xE7"
"\x7B\x53\x22\x90\x94\x6D\x42\xBB\x40\x07\x42\xE9\xC2\xC8\x58\x85\x66\x86\xE2\x0C\xC8\x21\xC8\x87\x30"
"\xD6\x56\xA1\x5E\xA0\x43\xE1\xF0\x7C\x9C\xAD\xC0\x1E\x86\x7E\x6C\xA0\x11\x5B\x70\x76\xC4\x46\x7A\x36"
"\x2A\x5E\x1C\x4A\x04\xD2\xA3\x87\xBF\x38\x00\x3F\x7A\x68\x19\x00\xEF\xFC\xC0\xD0\xA7\x6A\xAE\xC1\x77"
"\xB3\xBD\x69\xC3\x1B\xA2\x5B\x7F\xFA\x52\x85\x87\x23\x7C\xBD\x9C\x44\x33\x22\x5B\x4E\x6F\x50\xD8\xA1"
"\x70\x69\xF7\x1A\xEC\x9A\x50\x53\x74\x88\xDD\x61\xBF\x1D\x9A\x18\x32\x14\x76\x55\x68\x63\x48\x55\xE8"
"\x12\xA8\x76\x87\x12\xAD\x63\x15\x9A\x4B\xA1\x98\xB0\x3B\xF3\x17\x20\xBF\x1E\xEC\x27\xB0\x7B\xFE\x3D"
"\xF8\xFB\x33\xD8\xEA\x41\x80\xAD\x76\x37\x04\xC2\xB7\x29\xA4\xEF\x45\x68\x33\x17\x2A\x89\xC1\xBE\x08"
"\x0D\x1A\x51\xE7\x50\x94\xE0\x81\x40\x38\x12\x58\xF4\xB0\x05\x16\x5B\x6D\xB7\x40\x9F\x7D\x08\xE9\x9D"
"\x90\x2B\x72\x48\x20\x1C\x09\x2C\xDA\xED\x0E\x87\x6D\x11\x0B\xFD\x68\xD1\x88\xFB\x43\x53\x84\x12\x85"
"\xEA\x25\xA0\x46\xEB\xF8\x52\x90\xE7\x90\xB6\xC1\x0E\x2D\x9A\x60\x28\x50\xC8\x51\xC8\x76\x87\x04\x76"
"\x4F\x01\xC2\x11\xCD\xF5\xA0\xBD\x34\x62\x87\x42\xA6\x2B\x50\xA3\x30\x2B\xDA\x82\x8D\x61\x35\x98\xE6"
"\x47\xE6\x2A\x30\x7D\x14\xF6\x43\x05\x66\xAB\xF5\x11\x85\x53\x0D\x26\x45\xF3\xD3\x3F\xDB\xD0\x60\x50"
"\x9C\xD2\x7F\x1B\xFE\xC4\xA0\x3C\x5D\x01\xA0\xBD\x12\x54\x67\x44\x34\xD7\x83\x5B\x5B\xAD\x2F\x87\xAE"
"\x0C\x93\x69\x28\x50\xC8\xAB\x45\xE7\x2F\xAE\x5B\x61\x92\x01\x3A\xAB\x1C\x04\xE7\xFD\x33\x0C\x72\x14"
"\xF6\x58\xF7\xF8\xE6\x0C\x75\xF8\x3E\x6A\xCE\x0A\xFC\x10\x85\x7C\xA8\xC3\x87\x08\x3E\x96\xA1\x7E\xFA"
"\x09\x80\x2A\x82\xF7\x2B\x30\x1A\x6B\x52\xD7\xA1\x01\x60\xB8\xA8\xA2\x05\xAC\x30\x75\x18\xA5\x7C\x61"
"\x4B\x70\x4E\xD9\x2A\x4A\xF9\xBC\x08\xE7\x58\x13\x00\xDD\x72\xF1\x79\xB3\xB9\xDB\x04\x43\x31\x5D\x02"
"\x87\x1A\x64\x08\x34\x39\x5C\x1E\x5E\x15\x48\x97\x40\x7E\xD8\x0C\xBB\xA4\xC3\x57\x60\x7C\xAF\xAB\x90"
"\xE2\xD7\x1F\x59\x84\x73\xBF\xA8\x68\x72\xAB\xA9\x0E\x0D\x0A\x35\x08\x65\x04\x97\x8B\x65\x48\x31\xA4"
"\x2D\x90\xCE\x8A\x78\x17\x41\x55\xEF\xC7\xDB\x18\x3A\x10\x4A\x14\x0A\x07\xD6\xB1\x3C\x5D\x67\x78\x7F"
"\x19\x64\x06\x2C\xBA\x2B\x66\xB3\xF9\xDF\x71\x87\x53\x1D\xC6\x45\x2F\x47\x11\x8A\x36\xFC\xFA\x09\x83"
"\xC7\xD9\x27\x9B\xF0\x38\xA9\x84\x06\xA1\x84\xA1\xD9\x1B\x2A\xBB\x3B\x74\x2D\x78\x4C\x4E\x72\x40\x23"
"\x1E\x50\x58\x78\xE1\x8C\xA1\x45\xE1\x53\x44\x83\x42\xDB\x80\xC3\xEE\x70\x3C\x13\x4E\x4D\x78\x38\x45"
"\x4C\xEF\xE1\xAB\x74\xCE\xD4\xE0\xB7\x14\xEA\x32\x64\xD9\x16\x89\x29\x37\xA6\xCF\xA0\x2B\x43\x56\xD9"
"\xBC\x42\xA0\x5B\x60\xF6\x75\xE8\x72\x38\x16\x61\x61\x63\xE8\xF8\xA8\x48\xA1\xAA\x2C\xE2\x50\x58\xF8"
"\xE8\x53\x5E\x68\x16\x3E\xFA\xA0\x90\x6F\x84\xF9\x2C\x64\xE5\x05\x3B\x0C\x65\xBE\xF7\x92\xC3\x70\x0F"
"\x45\x16\xB1\x2B\x43\x8E\xC3\x56\xA6\x98\x96\xA9\x0D\xC1\x10\xB1\x47\xA0\x9D\xA1\xDE\x31\x62\x80\x0C"
"\x89\x38\xA0\xD0\xA2\x70\x59\xBB\x26\x90\xE8\x0F\xE3\xFC\xB8\xB2\x32\x4E\x25\xC7\x00\x00\x00\x00\x49"
"\x45\x4E\x44\xAE\x42\x60\x82"
}
};

static const binfile_t background_favorite = {"background_favorite.png", 1405, {
"\x89\x50\x4E\x47\x0D\x0A\x1A\x0A\x00\x00\x00\x0D\x49\x48\x44\x52\x00\x00\x01\x40\x00\x00\x00\xF0\x01"
"\x03\x00\x00\x00\x4B\xE3\x2F\x28\x00\x00\x00\x01\x73\x52\x47\x42\x00\xAE\xCE\x1C\xE9\x00\x00\x00\x04"
"\x67\x41\x4D\x41\x00\x00\xB1\x8F\x0B\xFC\x61\x05\x00\x00\x00\x06\x50\x4C\x54\x45\x21\xAE\x60\x29\xCB"
"\x71\xA5\x36\x8B\xE8\x00\x00\x00\x09\x70\x48\x59\x73\x00\x00\x0D\xD6\x00\x00\x0D\xD6\x01\x90\x6F\x79"
"\x9C\x00\x00\x05\x00\x49\x44\x41\x54\x68\xDE\xDD\xD9\x3D\x8E\xDD\x36\x10\x07\x70\x6A\x85\x85\x00\xBB"
"\x78\x95\x9D\x52\xEE\x0D\xC3\xAD\x3B\xF9\x12\x81\xCB\xCD\x0D\x72\x04\x71\x6F\xE2\xD2\x9D\xAB\xC0\xA5"
"\x95\x1B\xE4\x06\x51\xB9\xA5\x02\x2C\x62\xC1\xD0\x92\xD1\x17\x39\xC3\x99\xE1\x87\xED\x4D\x63\x15\x6B"
"\xBF\xB7\xBF\xFD\x93\x43\x4A\x94\x04\x2A\x5B\x78\xFC\x84\xD0\x3C\xED\xCB\xE0\xAC\xAA\x9B\x22\x38\x2A"
"\xA5\x5E\x96\x40\xBD\x42\x75\xDD\xE7\xA1\x3A\x8E\x8F\xA5\x50\x3D\xC9\x40\xE3\xA0\xAA\xD2\x70\x51\xDD"
"\xC3\x29\xFB\x0C\x5C\x7F\xBC\xDF\x61\x97\x84\x73\xBD\xFD\xBC\xDF\xE0\x25\x0D\x9B\xFD\xFF\x46\x17\x42"
"\x6B\xEF\x54\x93\x84\x93\xCF\x19\xEA\x42\x38\x55\x69\xD8\xBA\x8F\x4B\x29\x34\xAA\x10\xDA\xE8\x88\x53"
"\xA8\x4B\x13\x75\x69\xE2\x50\x0C\xBB\x14\x1C\xBF\x07\xB6\x49\x08\x31\xE3\x25\x05\x51\x1F\xC7\xA6\x30"
"\x31\x3A\xD9\x14\xCE\xB1\x0B\x8C\xC3\xC8\x55\x4B\xE1\xB2\x5D\x0F\xCF\x0B\xE0\x71\xE5\x5E\x7D\x8E\x41"
"\x98\xB8\xF3\xB2\x7D\x27\xC2\xE1\x0D\xF4\x4B\x47\x16\x8D\x23\xF1\x85\x52\xCF\xCE\x2F\x26\xBF\x68\x84"
"\x0B\xE1\x91\x88\xFB\x75\xE7\xD7\x97\x67\x32\xF4\xFD\x7A\xF0\xF2\xEA\x6F\x19\xFA\x15\xF2\x2F\x4F\xDF"
"\xC9\x50\xA9\x4F\xC7\xB7\xF7\x8A\x2D\x84\x04\xFA\x7E\xBD\xF5\xDF\x7C\xC4\xB0\x42\xFD\x62\x35\x3D\x47"
"\xB0\xC1\xFD\x3A\x57\xFD\x6D\xC9\x3A\xFF\x16\xE0\x76\xB6\x7E\xF5\xD2\xD5\xF4\xDE\x7D\xD1\x79\xD8\x86"
"\xBF\x70\xFD\x72\x7F\x7B\xF1\xB0\x8B\x8C\xF5\xD9\x7C\xE3\xA0\xBF\xEA\xA1\x5F\x0A\xD7\x54\xFB\x44\x38"
"\x79\xA0\xF9\x5F\x8F\x2F\xB6\xF1\xA8\x58\xA2\x58\xD3\x3A\x1E\x1E\x5A\x7C\xB0\xB1\x9E\x22\x10\x4D\xE0"
"\x51\x93\xD9\xD6\x42\xD6\xB4\xEB\x17\x9E\x27\xDD\xC9\x89\x96\x9E\x3F\x09\x88\x6A\x7A\x72\x5C\x7C\x31"
"\x88\x6B\xBA\x49\x43\x98\xA7\xCA\xC3\xC8\xAD\xC0\xCF\xD3\x6F\xE9\xC4\xF5\x38\xE7\xE9\x45\x26\x11\x6A"
"\xEA\xB3\xF0\xAC\xC9\x25\xD2\x35\xF1\x1F\xFC\xE1\x2E\x01\xFF\x0C\x3E\x3D\x40\xD3\x14\x92\x9B\xCD\x14"
"\x85\x64\xEE\x97\x28\x24\x77\x4E\x13\x87\x1D\xFF\x43\x09\x1A\x0A\x75\x14\xB6\x32\x34\x04\x2E\x31\x48"
"\x13\x67\x0A\x07\x97\x58\x53\x48\x6E\x88\x83\x95\x9B\x9E\x18\x8C\x24\x8E\xF4\x79\x2A\x96\xC8\x61\x24"
"\x71\xA0\x50\xDB\x18\xAC\x23\x4D\x93\xEF\x35\x85\xB1\x44\x55\x0E\xAB\x22\x68\xA2\x70\x09\xE1\x76\x6F"
"\xFF\x51\x18\x0E\xDB\xCC\xE0\xAD\xDC\xC7\x59\xD1\xE7\xF6\x48\xE2\xC4\xE0\xAD\x0C\x47\x45\x1F\xF0\xAB"
"\x52\x18\x49\x1C\x4A\x13\x37\xD8\x96\x40\xCD\xA0\x6B\x7A\x0E\xA1\x2A\x4D\x74\x37\x5E\x0E\xE7\xE0\x6B"
"\xC3\x61\x2D\x36\xBD\xB8\x3B\x74\x2E\x51\x80\x72\xE2\x5C\x9A\x38\xB9\x7B\x3E\xF4\xBA\x16\xE0\x1F\xC7"
"\xFD\xA2\x96\x9B\x76\xF0\xDF\x0F\xEE\xAE\x96\x49\x84\x47\xAF\x2A\x0D\xD5\xB7\xC3\xE0\xF4\xF1\x70\x12"
"\x60\x55\x0A\x71\x24\x40\x77\xAE\x68\x04\x51\xDD\xA6\xA1\x7D\xD4\x72\x24\x4F\x1C\x30\xBC\xE6\x89\x1E"
"\x8E\x4A\x8C\xE4\x89\x53\x00\x7D\xE1\x4B\x93\x86\xFE\x7A\xE0\x70\x56\x62\x24\x87\x26\x84\x6E\x61\xF1"
"\xC5\x8C\x19\xC8\x13\x2D\x81\x1D\x81\xF0\xFE\xA8\x1F\x0B\xFA\xA1\x1D\xE4\x3E\x5E\x18\x24\x03\x69\x0B"
"\xA1\x1B\xC7\x99\x37\x1D\x8E\x78\x1D\x4F\x5C\x02\xE8\xCE\xBE\x99\x43\xF3\x7D\xB0\x8B\xC3\x70\x20\x7B"
"\x0A\x87\x08\xB4\x89\xC4\x41\x28\x1A\x25\xC2\x7D\x0A\x5F\x0C\x7E\xE9\x9B\x5B\xDE\xF4\x24\x14\x2D\x26"
"\xE2\x11\xF7\xA7\x8A\x94\x38\x0B\x45\x23\x08\x89\x8B\x50\xF4\x71\x62\x13\x88\x46\x1C\x96\x29\x29\xD1"
"\x0A\xA3\x23\x26\xA2\x11\x87\x85\x5D\x84\x03\x2F\x1A\xA0\x16\x21\x1A\x5C\x29\x71\xE4\xA3\x23\x27\x8E"
"\x7C\x74\x10\xB4\x02\x44\x2B\xEE\xD4\xA5\x8A\x69\x32\x89\x03\x1F\x9D\xE3\x34\x8C\xC2\x4E\x68\x3A\x07"
"\xC5\x44\xCD\x47\xE7\x7F\x80\xBE\x8F\xF8\x69\x51\x95\x26\x26\x61\x95\x83\xFD\xB7\x36\x8D\x12\x4D\x69"
"\xA2\x51\xA9\x01\xCF\x25\x0E\x7D\x0A\x76\x42\xD3\x08\x2E\x12\x1C\x1E\x07\x66\xFA\x38\xA7\x12\xCD\xE3"
"\xC3\x3A\x07\x2D\xEF\xE3\x54\x9A\x38\xA5\x12\xCD\xA3\x25\x6A\xCB\xE1\xBE\xA2\xBC\xD9\x7E\xB4\x79\x58"
"\x2D\x85\x89\x0D\x7D\xAD\x70\xC5\xE0\xB7\xBD\xE3\x5D\x46\xE7\x9B\xDE\xE0\x91\x2B\x40\xFC\x96\x32\xEC"
"\x0B\xE3\x14\x81\x61\x62\x7B\x9C\x6C\x99\x44\xBD\x9F\x88\x26\x84\xB7\x42\xE2\xF9\x0E\xAE\x65\x18\x24"
"\x5E\xA0\x07\xEE\x50\x22\xDC\x2F\x81\x29\x9B\x78\xDE\x2A\x97\x00\x56\x52\xE2\xB1\xC6\x9B\x3C\x3C\x7F"
"\x1F\xDC\x15\x44\x78\xFE\x3B\x48\x89\xF8\xDD\xEC\xCB\xF9\xEF\x98\x6B\xDA\x1D\xB3\xD4\xF4\x2C\xC0\x05"
"\xC3\xDA\x41\x69\xC7\x41\x4C\x94\xF6\x09\x75\x2B\x25\xAE\xA7\xFF\xEF\x04\x8E\x11\xC8\xF6\x3E\x67\x80"
"\x26\x84\xEA\x3A\xD8\xC6\x58\xFA\x58\xA2\x12\xB6\x31\xE4\x44\x45\x76\x1C\x52\x50\xDE\xCF\xF5\x30\x78"
"\x4A\x7F\x55\x96\xA8\xA4\xFD\x5C\x39\x51\xF1\x9D\xA1\x28\xA4\xF3\xB4\xBF\x49\xF1\xA6\x15\x9B\xA7\x78"
"\x22\x99\xA7\xA5\x49\x40\x5C\x53\xA2\xE9\xB0\xA6\x25\x03\xFD\x3C\x65\xA1\x9B\x27\x80\xD5\x7D\x8C\xBE"
"\x0A\xE0\xB2\xAE\xD7\x6F\x23\x72\xAB\x09\xC1\x6B\xBC\x3F\x40\x8E\x4F\x00\xB7\xD5\xF0\x06\x6D\x3A\xD0"
"\x9A\xF6\x77\xB3\xE3\x49\x6A\xFD\xF8\x0B\xDE\x48\x21\x47\x83\xA1\xAA\x7A\xB4\xE9\x10\x1E\x3E\xF1\x7C"
"\x00\x7E\x8D\xF7\x71\xC4\x44\x37\x90\x57\x78\x73\x48\x4A\x84\x7D\x96\xCF\x62\x4D\x00\xA1\xCD\xA7\x52"
"\x4D\x08\xC2\x38\xAE\x35\xDD\x27\x21\xB4\xF9\xDA\xD2\x79\x0A\x21\xFC\x9A\xCD\x13\x85\xD0\x26\x99\x27"
"\x06\xA1\xA6\x70\x9E\x38\x84\x71\x5C\x2F\x2F\xA8\xA9\x15\x20\x4C\x23\x9A\x27\x29\xD1\x42\x9B\x30\x4F"
"\xAD\x0C\xF1\x3C\x7D\x4D\x42\x36\x4F\x51\x08\xE3\x78\xB5\xE7\x27\x60\x30\x4F\x49\x88\xE6\x69\xCE\x40"
"\x34\x8E\x7D\x1A\x42\x4D\x39\xE8\x6B\xB2\x59\x78\x8C\x63\x55\x00\xF7\x71\xAC\x8B\xE0\x3A\x8D\x97\x32"
"\x68\x6D\x5F\x0A\xED\xCF\x06\xAD\xFD\x0F\x69\xC9\x92\x7C\xC2\xF9\xF0\x0C\x00\x00\x00\x00\x49\x45\x4E"
"\x44\xAE\x42\x60\x82"
}
};

static const binfile_t background_gb = {"background_gb.png", 2679, {
"\x89\x50\x4E\x47\x0D\x0A\x1A\x0A\x00\x00\x00\x0D\x49\x48\x44\x52\x00\x00\x01\x40\x00\x00\x00\xF0\x01"
"\x03\x00\x00\x00\x4B\xE3\x2F\x28\x00\x00\x00\x01\x73\x52\x47\x42\x00\xAE\xCE\x1C\xE9\x00\x00\x00\x04"
"\x67\x41\x4D\x41\x00\x00\xB1\x8F\x0B\xFC\x61\x05\x00\x00\x00\x06\x50\x4C\x54\x45\xDF\x6C\x10\xE8\x81"
"\x1F\x42\xB5\xFF\x01\x00\x00\x00\x09\x70\x48\x59\x73\x00\x00\x03\xE7\x00\x00\x03\xE7\x01\xC3\xB5\xFC"
"\x71\x00\x00\x09\xFA\x49\x44\x41\x54\x68\xDE\x8D\x5A\x4D\x8E\x23\xB7\x15\xA6\x52\x88\xB5\x88\xD1\x95"
"\xA5\x81\x64\xAC\x23\x38\xCB\x00\xCE\x4C\xF9\x28\x59\x66\x37\xD9\x29\x80\xD3\xCD\x3E\x8A\x8F\xE0\xDD"
"\x18\x50\x3C\xD4\x11\xB2\xCC\xC2\x1A\xF6\x01\x6C\x51\xAB\x61\x03\x6C\xF2\xE5\x3D\xB2\x8A\x7C\xAC\x62"
"\x49\x4D\xC0\x1E\x49\xF5\xD5\xAB\x8F\x1F\xDF\x1F\x59\x2D\xC4\x16\xCA\x78\x11\x42\xEC\xA0\x39\x84\xE8"
"\x67\xC0\x7E\x0D\xB8\xAD\xBF\x8A\x6E\x0D\xC8\x1F\x15\xAE\x01\xFB\x03\x1B\x8F\x88\x3C\xB5\x86\x16\x42"
"\xF2\xFB\x08\xB8\x66\xF1\x1D\xFF\xFA\x03\x02\x87\x16\xCE\xCD\x0C\x1C\xD7\x80\x68\x11\xCE\x65\x98\x67"
"\x04\xDE\xB5\x39\x6E\x2D\xBF\xEF\xB2\x2A\x24\xAA\xA1\xCA\x37\xFF\xB2\xAA\xCF\xEC\xFE\x2B\xC0\x9D\x74"
"\x45\x46\x25\x49\x9F\x73\x63\x58\x01\x15\x47\x25\xD6\x84\xC4\x5F\x19\x47\xB7\xAE\x8F\xD0\x8A\x7F\x35"
"\x6B\x40\x25\x1C\xD8\x7D\x1E\x12\xD6\x84\xC4\x47\x7B\x7E\xA3\x5B\x13\xD2\xD4\xCC\x8D\x5C\xD5\x47\x04"
"\x53\x7D\x5F\x07\x3A\x60\xEE\x08\x20\x49\x1F\xC6\x3A\xB3\x17\x7C\xD2\xC1\x9B\x55\x21\xEB\x1F\x51\xFC"
"\xA7\xB6\x3E\xB8\x32\xA7\xFA\x97\x35\x21\x05\x48\xE6\x8E\xA0\xED\xA5\x2D\xA4\x16\x7C\xA9\x03\x8A\xBA"
"\x26\x64\xCD\xD1\x43\x58\xD3\xA7\x5E\x19\x0D\xAB\x8A\x0B\xA3\x2A\x8E\x29\x62\x97\x42\x7E\x2F\x80\xAD"
"\x8C\x43\x9B\x72\x45\x48\x51\xF9\x44\xF0\x7E\x4D\x9F\x39\x47\x38\xB5\x81\x1A\x9F\xC2\x39\x9A\xB4\x34"
"\x77\x0D\x7F\xE4\x1E\x1E\xE8\x7F\x4F\x6D\x21\x6B\xDE\x21\x68\xF8\x57\x5B\x1F\xE1\xAA\xD9\x80\xD7\x97"
"\x16\x50\x9A\x9A\xA3\x36\xC9\x75\x17\x42\x5A\x59\x79\xB8\xA3\xFF\x9E\xDB\x42\x8A\x2A\x12\x1C\xDE\xF6"
"\x49\x34\xF5\x99\x45\xA1\x4C\x8B\x3D\x07\xE2\x3A\xD4\x1C\x15\x3D\x5C\x2C\x85\xD4\xC6\x08\x57\x65\x0A"
"\x70\x9E\x2A\x43\x43\xC8\x9A\xB6\x03\x6D\xF4\x63\x53\x48\xCC\xCC\x8C\x0A\x72\x8C\xB5\x66\x0E\x3C\x07"
"\x9A\xB5\x65\xA9\x87\x38\x3E\x2E\x85\x94\xD6\x88\xC0\x6E\x34\x0A\xAC\xB4\xA2\x29\xE4\x3C\x66\x64\x4A"
"\x91\x4B\x21\x2B\x8E\x71\x44\x17\x9F\x01\x89\x23\xCF\x8F\x52\x62\xF6\xB1\xC7\xA5\x90\x60\x9D\xA8\x65"
"\x84\x93\x4A\x93\xE9\x97\x8F\x66\x48\x6B\x88\xE6\x71\xA9\x8F\xA2\x44\xCA\xA7\x1D\x9D\xF3\x71\x09\x0C"
"\xB8\xD6\xDE\x31\x8E\x0A\xA3\xEB\xE7\x27\xB1\x10\xD2\xCD\xE5\xC1\xA7\x8F\x1C\x67\xBF\x9B\xDA\x1F\x29"
"\x61\x8D\x1C\x2B\x7D\x42\x0C\xD7\x8F\xEC\x17\x6F\x25\x98\xC7\xA5\x90\x1F\xE3\xA3\x0B\x9B\x07\x43\xAE"
"\x9B\x38\x72\x21\x35\xCE\xA6\x4E\x29\x44\x66\xE4\x58\x0B\xA9\xA1\x2A\x9A\x16\x05\x3B\xBB\xC4\x91\xEB"
"\xE3\x68\xD6\x86\xEB\xA8\xB2\x8E\xB5\x90\x12\x6B\x21\xE7\x28\xBD\x0D\xA9\x6E\xD6\x42\x4A\xA0\xE0\x92"
"\x33\x32\x90\x70\xB5\x90\x0A\x97\xD0\x71\x8E\xE4\x51\xA3\x45\xA6\x8F\xC1\x0B\xE2\xE7\x8A\x23\x99\x17"
"\x0B\x20\x2E\xF5\x4C\x47\x8A\xF4\x51\x70\x2E\x24\xCE\x5B\xCD\xC3\x55\x65\x8B\x33\x8F\x14\xD6\x70\x8E"
"\x16\x0E\x13\x90\xE9\x73\xB0\x24\x78\xC5\x11\xF9\x7C\x5E\x02\x69\x3E\x18\xAE\x3C\xAE\x49\xF1\x11\xC8"
"\x84\x04\x15\x16\x65\x58\xA5\x44\x3A\x13\x32\xD0\x12\x56\x1C\x71\xD2\x19\x98\xF5\x09\x67\xBC\x22\x80"
"\x2D\x4D\xA4\xFB\x93\x58\x0A\x89\x75\x45\x78\x5F\x7A\x33\x05\x7B\x1F\xB2\xC5\x2C\xA4\xA6\x69\xCE\xDA"
"\x19\xE4\x78\x11\x0D\x21\x65\x1D\xD7\x51\xA1\x0C\xCC\xFA\xB8\x03\x66\x62\xA1\x19\x47\x8C\x18\xB0\x4F"
"\x62\x29\x64\x0C\x57\x5B\x71\xBC\x8F\x8D\x73\x2D\x24\x59\x3A\x08\x57\x73\x9C\x1C\x7C\x26\xA4\x5C\x26"
"\x00\x53\x80\x93\x3E\x58\x2E\x5C\xA5\x63\x88\x11\x29\x44\x43\x48\x5A\x99\x7D\xE6\xA8\x2C\xEC\xE5\x43"
"\x01\xDE\x65\x77\x0C\xB5\x8E\xB1\xAE\xBF\x14\x20\x17\xD2\xCC\x39\xA6\x9A\x59\xEB\x83\xCF\xC2\x24\x65"
"\x4B\xE9\x0A\x44\xF7\xB2\x04\xA2\x3D\x9A\x8C\xF2\x25\x53\x23\xC7\xA7\x02\x9C\x84\x5C\xC8\x43\x1C\xF5"
"\x91\x01\x2B\x8E\x75\xE7\x0A\x81\x03\x93\x3E\xE1\x7C\x8E\xDE\x93\x39\x86\xA8\xA3\x10\x0D\x21\x31\x03"
"\x60\xAB\xE0\x99\xDB\xED\x25\x07\xDE\xE5\xDF\x67\x1C\xB1\xF7\xF8\x25\x8B\x88\xD3\xE7\x42\x32\x60\x5C"
"\xC0\xAC\xF7\x0E\xCB\x71\xD2\x07\x57\x4E\x7B\x2D\x0E\xAC\x05\x40\x7F\xCC\x32\x42\x06\xD2\x50\x5C\x47"
"\x8D\x29\x7D\x9F\x81\x92\xAA\x83\x1D\xDD\xD1\xE3\x2E\xAE\x12\xC7\xF8\x63\x59\x15\xF4\x37\x46\x6A\xCE"
"\x71\x02\x6E\x80\xD6\x28\xEA\x83\xEE\x68\x90\x23\x5B\x6B\x7B\x2A\x32\x6E\x2D\xA5\xE8\xA1\xCD\x91\xDA"
"\xA3\xE2\x10\x01\xE9\xDE\x25\x77\x9C\xC9\x83\x38\x53\x64\x54\x54\x98\x46\x21\xBD\x9B\xF7\x66\x45\xC6"
"\x0E\x34\x7A\x66\xD4\x87\xA2\x13\x39\x86\xCC\xD1\x5A\x2B\x4B\x9A\x70\x64\x71\x12\x52\x53\x22\x05\x9F"
"\x43\x23\xF2\x1A\x27\xA3\x3C\x65\x2B\x1B\xDD\x31\x76\x6C\x25\xA5\x48\x29\xB3\x3A\xC4\x8E\x5C\x78\xBC"
"\x84\x65\xAA\xDA\x54\x8C\x1D\x4A\xE1\x48\xFA\x90\x3B\xC6\x8C\xCB\x38\x9E\x8B\x37\xF6\x07\xB6\x05\x52"
"\x76\xCE\xB1\x00\x93\x8E\x24\xA4\x1E\x97\xD0\x31\x8E\x2C\xA8\xB7\x69\x35\xB3\x47\xEA\xCA\x29\xE4\xAF"
"\x19\xB8\x09\x31\xFF\x75\xD1\x1D\xC9\xA6\x50\x85\xA3\xF1\x25\xA8\x37\x3A\xA6\xB5\x24\xA4\x3A\xA9\x9A"
"\xA3\x61\xD1\x9F\xFB\xC8\xE8\x8E\x30\xEB\x71\x59\xAC\x4A\x3D\xE2\xC7\xC1\x38\x6A\x29\x4B\x6E\x14\xBB"
"\x34\xB1\x81\xDC\x51\xC6\xEA\x5A\x4C\x1A\x1E\xD4\xDB\x44\x23\x09\x89\xCF\x47\xEF\x29\x1C\xAD\x58\x8C"
"\xBB\x13\xA4\x8C\xCD\xD6\xDA\xF1\xDC\x98\x57\x08\x52\x07\x61\x78\x83\x14\x1A\xC0\x8E\xDC\x11\x83\x90"
"\xAF\xB5\xD6\x97\x16\x90\x7C\xC7\x4A\x59\xE9\xF8\xB4\x04\x26\xEF\xD2\xD5\xA9\x42\xE0\x32\xE6\x31\xE2"
"\xB8\x8E\x36\xB4\x80\xEF\xCE\x67\x6C\xAF\x9C\x15\x6E\xE2\x18\x40\x37\x70\x49\x48\x2B\xD9\x5A\xEB\x3A"
"\x89\x4E\x83\xF4\x91\xD4\xC6\xB3\x32\xFC\xB2\x02\x94\x34\xA1\x12\xD7\xFE\xFC\xDC\x02\x76\xE4\x8E\xAA"
"\xD2\x11\x2E\x4D\x20\xC0\x6F\x71\x5F\xE8\x0B\xC7\x96\x8C\x49\x1F\x5B\x6F\x01\x8E\x6B\xC0\x78\xD0\x91"
"\x61\xFE\xD4\x06\x7E\x6B\xA8\x81\xC0\x95\x29\x1C\x9B\x38\x14\xD2\xC2\x43\xEC\xCD\x32\xC7\x36\x10\x13"
"\x60\x6A\x3E\xD4\x55\x19\x49\x48\xDC\xA7\x62\xB8\xE6\x46\xC1\xFF\x8F\x5F\xFE\x31\x7F\xEA\x88\x1B\x72"
"\x1C\x32\x47\x2E\xE3\x36\x14\x20\x5E\x22\x8E\x6F\x32\xC7\x4B\xF5\xBC\x22\x41\xEA\xAB\x23\xD7\xA5\x8C"
"\x03\xFB\xA6\xE0\x80\xED\x7F\x39\x22\xF5\x1C\xF8\x8E\x11\xB9\xD7\x91\x63\x97\x39\xF2\xB9\x48\xF8\x27"
"\xB3\x1E\x7D\x75\x93\x39\x56\xC0\x0F\xC5\x95\x76\x21\x99\x69\xC9\xB8\xB1\xF0\xCC\x26\x66\xF7\x04\x7C"
"\x3F\x02\x2B\x6F\xE4\x31\xBE\x45\x18\x25\xED\x41\x2D\x65\xEC\xF8\x7D\x71\xBA\x98\x6D\xBE\x1E\x39\x56"
"\xDE\x68\xF5\x27\x76\xD7\x3D\xF5\x14\x39\x4D\x73\x75\x3A\xCF\x28\x77\xB1\xF7\x2D\x67\xCD\xC7\x9A\x63"
"\x59\x43\x6C\xD5\x29\x66\x44\xA7\x97\x32\x56\x1C\x37\xE3\xE5\x4D\x48\x87\x14\xA2\xB2\x68\x3E\x97\x2F"
"\xF7\x18\x09\x4E\x4C\x42\x56\xDE\xB8\xF9\xC0\xD5\xC2\xED\x7E\xAC\xF8\xB2\xE1\xB6\xF0\x91\x7D\x1F\xD4"
"\x29\x66\xED\x6F\x1A\x41\x5D\x7D\x1F\x28\x16\xF0\xDF\x5D\x6C\x12\xFF\x5E\x01\x25\x30\x7F\x7F\x33\xCE"
"\xB5\x6F\x04\xB5\xE4\xD9\x60\xE7\x28\x87\x4F\x42\xD6\xC0\x3F\xED\x19\xB0\x37\xA7\x78\x12\xDC\x35\x82"
"\x7A\xC7\x1A\x7C\x7A\xE4\x9E\xAE\x6F\x62\x13\x5E\x03\xB7\x55\x6D\x9A\xB6\x95\xAD\xA0\xFE\x87\xA8\x2C"
"\x26\xA0\x5C\x8F\xFE\x38\x3A\x77\x80\x3D\x7D\x18\x60\x25\x37\x66\x1E\x63\x99\x7C\x33\xF7\xC6\xD9\xC0"
"\x22\xAF\x60\xE2\x70\xBC\xF6\xE8\x89\x23\x09\xF9\x78\xCD\x22\x66\xA9\xFD\x74\x87\xB8\x6A\x91\xD2\xDE"
"\x23\x39\xD5\x7E\x7F\x0D\x88\x95\xE3\x94\x2C\x5D\x57\x27\xB9\xB8\xA0\x59\xC8\xEB\x40\x11\xCF\x52\xD2"
"\x91\xE8\xE5\xBA\x45\x2C\x0B\x82\x20\x6F\xAE\xCA\x28\xC4\x9E\x38\xA6\xB3\xE5\xE3\x2D\x8E\x46\x10\xBB"
"\xED\x55\x19\x93\x33\x88\x74\xB6\x7C\x15\x27\xE0\x7B\xDA\x88\x93\xED\x0F\xD7\x81\xEF\xE3\x0E\x89\x3E"
"\x3D\xDF\xB0\x48\x49\x4A\x1F\xC5\xCD\x71\x1F\xAB\xEB\x2B\x80\xD4\x5B\x0A\x77\xB9\x0D\x1C\x22\xC7\x57"
"\x00\xE9\xD4\x46\xC0\xBF\x6F\x03\xBF\xA5\xF3\x10\xF5\xF2\x0A\x8B\x94\x7B\x1C\xDC\x06\x0E\x12\x4E\x02"
"\xE0\x35\x16\xA9\x6B\x7E\x85\x90\xD2\xC4\xD7\x2E\xB7\x81\xD6\xC5\x06\xE9\xB6\x3E\x32\x6D\x01\x6E\x03"
"\x23\x47\xA3\x6F\x0B\x49\x15\xFB\x56\x04\xD2\xD8\x68\xE7\xE2\x11\xF2\x4D\x8B\xD1\xC3\xB1\xDB\x6C\x5F"
"\xFD\xAE\x58\xA4\x23\x4D\xEA\x8A\xDB\xFA\xFC\xB5\x7C\xA4\x96\x54\x40\x3E\x47\x9C\x8D\x12\xC1\x1B\x1B"
"\x5B\x2E\xB9\xA2\xCF\x5F\x98\x45\x3A\xEF\x81\xD3\x8A\xE2\xC5\x22\x6E\xFD\xF6\xD4\xE3\xEA\xB6\x3E\xA5"
"\x9F\xD9\xA4\xDD\x07\xEB\x33\x7E\xC7\xE6\xBA\x29\xCC\xB7\x71\xBB\xC7\x0F\x31\xBA\x23\x0B\xDC\x52\x1C"
"\x51\x1E\x4D\x3B\xA4\xF4\x22\x93\xC6\xEE\xD8\x5D\x5A\x16\xE5\x81\xCE\x52\x74\x11\xB2\xBF\x74\xA1\x39"
"\x99\x78\xEA\x0A\x1F\xB2\x90\xF2\xD2\x67\x60\x57\xF2\x56\x9F\xB6\xCD\xEC\x30\x68\x78\xE9\x7D\xC3\xE2"
"\x36\x1D\x21\xBB\xEC\xBA\x1B\x78\x50\x39\x01\x32\x8B\x3B\x75\x40\xC7\x75\x10\xB2\x90\xF8\x84\xF7\xC7"
"\xC6\x64\xD2\xDE\x15\x77\xD9\x23\x70\xEB\x6C\xD9\x4E\x75\x19\x27\xDE\x26\x8E\x3A\x0B\xD9\xD9\xF1\x35"
"\xE0\xCC\x22\x96\x40\x6D\x05\x9D\x61\x8F\x42\xEE\xD0\xED\xF2\xC2\x6F\x8B\x45\x19\xAB\x02\x3B\x41\xD9"
"\x6A\x2C\xB7\xFF\x99\x2C\xB2\x33\x3E\x9D\x4E\x86\x3F\x9A\x51\xC8\xB8\x6B\x6A\x58\x4C\x2F\x8C\x68\x65"
"\xC6\xAB\x9D\x54\x45\x53\x26\xCF\xFD\xA4\xE3\x44\xAC\xB3\x9F\x8B\xBB\xDF\x65\xDC\x86\x36\x34\xB4\x43"
"\x72\x39\x62\xF9\xDE\x90\xC9\x03\xD4\x5F\x53\xC6\x3F\x84\x0C\xF4\x8D\xD8\xED\xCC\x21\xEB\x38\x5E\x1E"
"\x9A\x15\xBE\x43\x77\xD0\x74\xEA\x1A\xDD\x32\x8E\xAF\x3F\x65\x75\xD8\xC0\x15\x3C\x50\xA6\xF0\x2E\x4C"
"\x42\x62\x6B\xDE\x88\x9F\x6D\xEC\xBF\x89\xA9\x9E\xE6\x3A\xCC\xDA\xF6\x34\x76\xD6\xA5\x5D\x9C\xC2\xD6"
"\x34\xE9\xD3\x5B\x08\x0D\x20\x26\x3D\x9D\x04\x9F\x84\x44\xD2\x29\x07\x6E\x39\xF0\x3E\x6E\x0C\xD1\xC3"
"\x91\x63\x7A\xF7\x27\xDE\x86\xB1\x01\xDA\xF0\xFA\x4D\x5A\x78\xF2\x1E\xDC\xFC\x27\x21\x37\x71\x33\x4B"
"\xE3\x0B\x6E\x11\xCE\xC9\x1F\x99\x90\x30\x9D\x21\x75\xDC\xA2\x8B\xF3\x4D\xDB\x66\x15\x85\xFC\x3D\x1D"
"\xB1\xA5\xD7\x61\x5C\x1D\x90\x9A\x62\x06\x64\xF0\x36\xBD\x38\xEA\x02\xD2\x8D\xD3\x62\x0B\x9D\x5A\x38"
"\x3F\xBD\x8B\x33\xE3\x71\x91\x4E\x07\x62\xDC\x62\xAF\xFD\xC8\xD1\x1A\x9D\x72\x24\x75\x7D\x29\x22\xB9"
"\x3C\x3D\xED\xAE\x31\x66\xD2\x71\x58\x14\xF2\x0E\x35\x8D\x2F\xE3\xC5\x9F\x19\xF0\x21\x8C\x3A\x62\xBC"
"\x62\xAD\x4B\xED\x4F\x08\xF0\xDF\xB9\x3C\x83\xC7\x48\x8A\xE7\x3D\x12\xAC\x7D\x88\xED\x0F\x6E\xFF\x52"
"\x5C\x73\x8B\xE3\x09\x26\xCA\xE3\xA6\x86\x7D\x03\x2D\x79\x80\x36\xCD\xF1\x80\x0D\xFD\x7F\xFC\x63\x0F"
"\xFD\xCB\x10\xFF\xCC\x46\xFC\x8D\xA9\xF3\x19\x51\x14\x33\xF4\x12\x59\xE1\x5D\xB1\x8F\x7C\xE9\xD3\x12"
"\x7D\x59\xCB\xA8\x53\xCC\x28\x85\x5A\x46\x21\xDF\x5E\xFE\x90\xDC\x8C\x15\xA3\x9D\xF2\x69\xDB\x6C\x03"
"\xC5\x61\xCA\x39\xBB\x4B\xF7\x32\xB7\xD8\xC7\x75\x19\x39\x4E\x42\xF6\xC7\xEE\xA7\xB9\xC5\xC1\xE2\x72"
"\x50\xCC\xD0\x61\x01\x3E\x3C\x09\x79\x14\xC9\x83\x99\x3C\x03\x09\x1D\x97\x90\x5E\xC6\x05\x93\x84\x9C"
"\x12\x72\x29\x46\x54\xA6\xE9\x89\x52\xFC\x86\x9B\x1A\xE7\x66\x01\xFD\x55\xF9\xE8\x91\x21\x7A\x43\xE6"
"\x58\x8A\x4D\x6D\xB1\xA3\xBF\xE0\xC8\x67\xCD\x4A\x05\x5B\x55\xED\x3F\x56\x32\x2A\x72\x59\xEC\x00\xE8"
"\x9C\x4B\xAF\x55\xED\xDE\x40\x7A\x1D\x25\x8C\x0C\x89\x63\xBB\x18\xF7\xF1\x2D\x99\x81\x91\x63\x00\xBF"
"\x52\xB5\x07\xB5\x27\x8E\x56\xC7\x57\x6C\x4A\x79\xBD\xD2\xD5\xC4\xB3\x87\x3D\x5E\xC6\x4D\x7C\xDA\x5F"
"\x87\x36\xD0\xDB\xF8\xE0\x00\xFF\x07\x4D\x1E\xAC\x19\x09\xF4\x4F\x19\x00\x00\x00\x00\x49\x45\x4E\x44"
"\xAE\x42\x60\x82"
}
};

static const binfile_t background_gba = {"background_gba.png", 1313, {
"\x89\x50\x4E\x47\x0D\x0A\x1A\x0A\x00\x00\x00\x0D\x49\x48\x44\x52\x00\x00\x01\x40\x00\x00\x00\xF0\x01"
"\x03\x00\x00\x00\x4B\xE3\x2F\x28\x00\x00\x00\x01\x73\x52\x47\x42\x00\xAE\xCE\x1C\xE9\x00\x00\x00\x04"
"\x67\x41\x4D\x41\x00\x00\xB1\x8F\x0B\xFC\x61\x05\x00\x00\x00\x06\x50\x4C\x54\x45\x27\xAE\x60\x2C\xC5"
"\x6D\xFF\x26\xDB\xDF\x00\x00\x00\x09\x70\x48\x59\x73\x00\x00\x0D\xD6\x00\x00\x0D\xD6\x01\x90\x6F\x79"
"\x9C\x00\x00\x00\x18\x74\x45\x58\x74\x53\x6F\x66\x74\x77\x61\x72\x65\x00\x50\x61\x69\x6E\x74\x2E\x4E"
"\x45\x54\x20\x35\x2E\x31\x2E\x38\x1B\x69\xEA\xA8\x00\x00\x00\xB6\x65\x58\x49\x66\x49\x49\x2A\x00\x08"
"\x00\x00\x00\x05\x00\x1A\x01\x05\x00\x01\x00\x00\x00\x4A\x00\x00\x00\x1B\x01\x05\x00\x01\x00\x00\x00"
"\x52\x00\x00\x00\x28\x01\x03\x00\x01\x00\x00\x00\x02\x00\x00\x00\x31\x01\x02\x00\x10\x00\x00\x00\x5A"
"\x00\x00\x00\x69\x87\x04\x00\x01\x00\x00\x00\x6A\x00\x00\x00\x00\x00\x00\x00\x88\x5F\x01\x00\xE8\x03"
"\x00\x00\x88\x5F\x01\x00\xE8\x03\x00\x00\x50\x61\x69\x6E\x74\x2E\x4E\x45\x54\x20\x35\x2E\x31\x2E\x38"
"\x00\x03\x00\x00\x90\x07\x00\x04\x00\x00\x00\x30\x32\x33\x30\x01\xA0\x03\x00\x01\x00\x00\x00\x01\x00"
"\x00\x00\x05\xA0\x04\x00\x01\x00\x00\x00\x94\x00\x00\x00\x00\x00\x00\x00\x02\x00\x01\x00\x02\x00\x04"
"\x00\x00\x00\x52\x39\x38\x00\x02\x00\x07\x00\x04\x00\x00\x00\x30\x31\x30\x30\x00\x00\x00\x00\xF7\x24"
"\xB6\xCE\x4E\x82\x64\x39\x00\x00\x03\xBE\x49\x44\x41\x54\x68\xDE\xCD\xDA\x4B\xD2\xA3\x20\x10\x00\xE0"
"\xB6\xB2\x70\x37\x1C\xC1\xA3\x78\x34\x3D\x1A\x47\xE1\x08\x2C\x59\x50\x30\xFE\x91\xF7\xA3\xBB\xFF\x94"
"\x99\x1A\x57\xA9\xE4\xB3\xA1\x5B\x04\x4C\x02\x9E\x79\xFC\x17\x50\xED\x3C\x68\x01\x78\x50\x03\xBC\x58"
"\x50\x02\x2E\x13\x3C\x2F\x08\x2B\x03\xC2\xFB\x10\x24\x74\x37\x84\xED\x4A\x1F\x85\x36\x40\x38\xFC\xB8"
"\xAB\x11\x9A\x08\xC1\xBC\xC3\x32\xE0\xCF\x81\x40\x5D\x41\xC1\x85\x57\x4F\x67\x50\xD5\x70\xE5\xC2\x3E"
"\xE4\x0C\xAE\x5C\xD8\x85\x9C\xC2\x95\x0B\xDB\x90\x73\xD8\x84\x9C\xC3\x26\x24\x02\xEB\x90\x08\xAC\x43"
"\x46\x28\x81\x08\x19\xE1\x39\x80\xC0\x86\x62\x00\x01\x88\x90\xE1\xB5\x1B\x43\xC1\x85\xD0\x41\x3B\x81"
"\x1B\x17\x2E\x2D\x34\x40\x85\x0C\x50\x03\x15\x92\x82\xB0\xD7\x50\x4D\xE1\x8B\x0B\x63\xC8\x00\xE5\x1C"
"\xAE\x5C\x18\x46\x5B\x80\x27\x50\x21\x47\x70\x6D\x4E\x2B\x61\xF3\x41\x0D\xC5\x04\xBE\xBA\x0B\x95\xA1"
"\x6B\x03\xD4\xE5\xDA\xC6\x70\xEB\xFA\xB2\x24\x58\x0D\x9E\xBD\x1F\x4E\xFB\x10\x1E\xFD\xB5\x7A\x45\x68"
"\x7A\xE8\x9B\x90\x03\x18\x46\x41\xD5\xCA\x3A\x80\x69\x04\x56\x8D\x1F\xD0\x0D\xC7\x62\xF4\x17\x87\xE8"
"\x61\x5E\xB7\xAA\x76\xA0\x6B\xA5\x58\xE0\xCE\xAE\xEB\x13\x68\x3B\x28\xAB\x04\xF3\x21\xB9\xD0\x62\xB0"
"\x5A\x07\x65\x03\xCF\x19\xB4\x5C\x58\x7C\xD2\x95\xB6\x5E\xD5\x0D\x17\x7A\x36\x54\x25\x74\x08\xB4\x1D"
"\x14\xA1\x14\xED\x5E\xEE\x2C\xE0\xFB\xAC\xCD\x8E\xA1\xEE\x60\x38\xB7\x85\xAE\x85\x7B\x28\x45\xB7\x49"
"\x90\x19\x9A\x1B\xDA\x31\x34\x1D\x74\x63\xE8\x33\xD4\x25\xEC\x5C\x28\x65\x82\x47\x68\xBA\x87\x96\x0B"
"\xEF\x72\x84\xD8\x22\xC2\x65\x00\x75\x01\x37\xE5\xE7\xD0\x46\x78\x55\x6A\x77\x21\xF9\x11\x7C\xB7\x1D"
"\xA1\x0F\x70\xB8\x1D\xD5\x5C\xE8\x02\x3C\xEF\x32\xCF\xE1\x8F\x28\xE0\x3B\xB9\xF1\x56\x5C\x73\xA1\x0B"
"\x33\xFE\x0D\xED\x1C\x5E\x69\x04\x18\x7B\x32\xDB\xDB\x9B\x0A\x9A\x39\x74\xE0\x73\xF2\xEF\x17\xB3\xA7"
"\x85\x0A\x7A\x18\xEF\xEA\x23\xB4\xE9\xC2\x7D\x05\xEE\x08\x34\x11\xBA\xAF\xC0\x03\x81\xBA\xAC\x23\x05"
"\xDF\xC9\x5A\x06\x5C\x22\xF4\x08\x54\x10\x42\x3E\x0B\xC3\x4D\xB3\x60\x50\x7E\x0F\x62\x8F\xCE\x3F\xF0"
"\x0C\x73\xD4\xC1\x85\x2B\x17\x22\x37\xE1\x0D\xC3\xB4\xC8\x86\xE6\x57\x50\x20\xD0\xFD\x0E\x1E\xF7\xD4"
"\x43\xC3\xED\x86\x1B\x02\xEF\xC5\x60\xE1\xC2\x6B\xBA\x67\xC2\x25\x8D\xB6\x19\xAC\x36\x8F\xCF\xC3\xE3"
"\x09\xA8\x3F\x82\xFE\x09\xA8\x3E\x81\xCB\x23\x50\x7E\x15\xBE\x30\x78\x7E\x15\xAE\x8F\x40\xF8\x04\x8A"
"\x27\xA0\xFB\x08\x6E\xFF\x14\xF6\x8F\xA3\xFF\x0C\xF2\x6E\xEB\xEF\x43\x8F\xC0\x7C\xFF\xFF\xE1\xC2\xFD"
"\x64\xC2\x43\x2D\x3C\xE8\x99\xF0\x5A\x17\xD8\xF0\xF5\x34\x34\xEC\x88\xEB\xB3\x10\x08\x58\x3C\x18\x2B"
"\xC1\x83\x87\x64\xC2\x0D\x50\x58\xDE\x0A\xDB\x23\xD0\x7D\x02\x77\x0C\xFA\xE7\x61\x9C\x9A\x5F\x0A\xB9"
"\x09\xCB\x75\x46\x18\x02\xC6\xB5\x70\xB3\x04\x8C\xA3\x62\x73\xC8\x4D\x58\xEE\x29\x76\x0A\x5A\x2E\x74"
"\x09\x2E\x38\xF4\x6C\x78\x72\xA1\xE2\x42\x1D\xEB\x48\xFD\xCE\x65\xE3\x95\xA1\x60\x48\x7B\xD5\xE4\x2F"
"\x67\x69\x58\x50\x50\xD2\xD0\xE5\xAF\x48\x38\xD0\x70\xA1\xE3\x42\xCF\x86\x92\x84\xF6\x86\xE1\x22\x2E"
"\x24\x34\x5C\xE8\xB8\x30\x66\x43\x43\x49\x41\x13\x3E\x53\x5C\x18\xB2\x39\x48\x68\xB9\x30\x64\xB3\xD3"
"\xF0\x1E\x92\xF3\x89\x54\x47\x78\x67\x23\x68\x78\x0F\xC9\x95\x86\x96\x18\x15\x09\x3A\xE2\x1A\xAA\x54"
"\x63\xA2\xE2\x19\x9E\x78\x21\x33\x94\x78\x7D\x32\x54\x78\xDA\x19\x1A\x3C\x1B\x99\x20\x71\xB5\x33\x0C"
"\x83\x7C\x23\x61\x48\x7B\xA5\xA1\x44\x3B\x59\xEC\xEF\x34\xDA\xC9\x02\x1A\xB4\x93\x05\x8C\xD3\x29\x09"
"\x3D\x7A\x6F\x97\x50\x62\x9D\x2C\xC7\x4B\xC8\x46\x90\xD0\x62\x53\x5A\x09\x1D\x36\xAF\x54\x6F\x9F\x48"
"\x81\x2A\xA8\xE6\x05\x72\x15\x44\x66\xC9\x1A\xA6\x85\x9B\x82\xB1\x93\x82\x84\xF3\xA9\xBC\xF9\xD7\x8A"
"\x99\xB6\xDD\xC0\xD8\x49\x41\xC1\xD8\xC9\x85\x84\x6A\xD6\x76\x0B\xE3\x16\x68\xA5\x60\xDA\x22\xB6\xD0"
"\xB4\x6F\xC5\x25\x7E\xA3\xE0\x6C\x89\xEF\x60\xDA\xF0\x1E\x5D\x80\xE6\xD4\x73\x5C\xCA\x1E\xEA\x71\x3A"
"\x3D\x4C\xDB\xF7\x3A\x1D\xD5\x17\x22\xB6\x5D\x5F\x1D\xD9\x43\x35\x0C\x39\x80\xA9\xED\xA5\x69\xC7\xCF"
"\xDA\xAE\xFF\x76\x31\x80\xF9\x9B\x27\x02\xE6\xC7\x96\x3C\x34\x1C\xC0\x5F\x7A\x9C\x06\x10\xF1\x8D\x1E"
"\xE3\x00\x00\x00\x00\x49\x45\x4E\x44\xAE\x42\x60\x82"
}
};

static const binfile_t background_gbc = {"background_gbc.png", 1377, {
"\x89\x50\x4E\x47\x0D\x0A\x1A\x0A\x00\x00\x00\x0D\x49\x48\x44\x52\x00\x00\x01\x40\x00\x00\x00\xF0\x01"
"\x03\x00\x00\x00\x4B\xE3\x2F\x28\x00\x00\x00\x01\x73\x52\x47\x42\x00\xAE\xCE\x1C\xE9\x00\x00\x00\x04"
"\x67\x41\x4D\x41\x00\x00\xB1\x8F\x0B\xFC\x61\x05\x00\x00\x00\x06\x50\x4C\x54\x45\x24\x81\xBA\x31\x99"
"\xDC\xCD\x5C\xE9\x38\x00\x00\x00\x09\x70\x48\x59\x73\x00\x00\x0D\xD6\x00\x00\x0D\xD6\x01\x90\x6F\x79"
"\x9C\x00\x00\x04\xE4\x49\x44\x41\x54\x68\xDE\xAD\xD8\x3D\xB2\xA5\x2A\x10\x07\x70\x28\x02\x83\x09\x0C"
"\x5F\xC8\x46\x5E\x95\xDB\x99\x05\xBC\x5C\x96\xE6\x52\x5C\x02\x21\x01\x85\x4F\xC4\x0F\xBA\xF9\xB7\x87"
"\x7B\x66\x0C\x6E\xD5\xF1\xFE\x14\xBA\x69\x15\x50\x5B\x7B\x2C\xE4\xA4\x53\x4A\x8D\xDB\xF6\x19\x2E\x3B"
"\x34\x18\x3A\x5D\xFF\xF2\x3B\x54\x02\x34\xF5\xAF\x98\xE1\x04\xA1\x32\xF4\xE7\x7E\x58\x0C\x07\xDA\xC0"
"\x0E\x07\x04\x13\x83\xEB\x0E\x35\x82\x31\x67\xA3\x3A\xC2\x11\x4D\x07\x4C\x47\x34\x00\x86\xBD\xEB\xE4"
"\xC8\x70\x84\x70\xA2\x27\x8E\x94\x03\xE8\x39\xCC\x29\xD7\x10\xCE\xBC\x89\x32\x38\xFC\x58\x39\x4C\x02"
"\x5C\x9A\x73\xAE\x17\xAE\x18\xD2\xE2\xC9\x87\x17\xA0\xE1\x67\x22\x86\xCA\xB4\xA7\x30\x1C\x9A\x53\x0B"
"\x82\x09\xC0\x15\x41\x5E\x13\xF9\x08\x18\x5A\xD0\x0A\x80\x01\xC0\x9C\x72\x00\xA7\x16\x2E\x00\x7A\x04"
"\x3D\x80\x4D\x4D\xE4\x23\xF6\xC2\x04\xE0\x82\x9E\xE0\x3D\x9A\x16\x6A\x04\xD7\x16\x3A\x08\x03\x80\x06"
"\xC1\xD4\x42\x05\x61\xFB\x02\x40\x35\x21\xC0\xB1\x0F\xC6\x7E\x68\xFB\x60\xE8\x87\x53\x1F\xF4\xBD\x10"
"\xD6\xC4\x1F\x41\x5C\x3C\x08\xEA\x4E\xE8\xBA\xA1\xE9\x84\xAA\x13\x4A\xC5\x03\xE0\xD8\x07\x63\x3F\xB4"
"\x7D\x30\xF4\xC3\xA9\x0F\xFA\x5E\x28\xD5\x04\x80\x5B\x1F\x5C\xBA\xA1\xEE\x84\xAE\x17\x4A\x35\xD1\xC2"
"\xE1\x2F\x43\xB1\x78\x38\x8C\xFD\xD0\xF6\xC1\xD0\x0B\xC5\x9A\xF8\x1A\x8A\xC5\xF3\x35\x5C\xFE\x3A\x74"
"\x12\xE4\x1F\x24\xF5\xC7\x30\x2A\x76\x9D\x94\xC7\x6E\xC8\xBE\xAE\x51\x49\x63\xED\xBF\x84\x41\x49\xF5"
"\xC8\x9E\x77\xAF\xA4\x47\xA1\x85\xC2\x53\xC8\x5E\x0C\xEB\x0F\xA0\xF0\x02\x60\xD3\x19\x38\xA1\x3C\x0E"
"\x76\x3E\xCF\xA3\xE7\x5E\x08\x87\x86\x4F\xB9\xCA\xAA\xA9\x13\xC2\x8C\xB3\xD9\xDE\xB1\x28\x80\x19\x0F"
"\x00\x9A\x0E\x18\x85\x65\x46\x33\x23\x0D\x3F\x83\x28\x3F\x2B\x85\xC7\x2A\x03\xE6\x07\x42\x94\x1F\x36"
"\xBD\x3E\x16\x38\x30\x6C\xA7\x01\xD4\x9F\xE1\xA2\xA4\xB0\xD9\xBA\xD0\x29\x29\x6C\x35\x20\x88\x56\x1F"
"\x14\x16\x07\xC2\x4E\x6C\xED\x7A\xC2\x36\xEC\xFD\x63\xA1\xC8\x75\x4A\x08\x3B\x60\xD8\x3E\x0D\x0C\xC6"
"\x0B\x36\x61\x7B\xBA\x10\x0F\x4A\x8A\x66\x5F\x20\x43\xD8\x14\xF9\x4A\xA1\x57\x52\x34\x0B\xDD\x2C\xB8"
"\x61\x13\x0D\x83\xAB\x92\xA2\x71\x74\x9F\x62\x51\x52\x34\xFB\x34\x15\x43\x1E\x8D\xA2\xD0\x29\x29\x1A"
"\xB6\x97\xF2\x40\x16\x4D\x62\xF0\x71\x2C\x9A\x3C\xD3\x10\xE0\xC8\x20\xD9\xEF\x49\x15\x1C\xDE\x60\xAC"
"\x20\x8D\x26\xD0\xAD\xA6\x1A\xD2\x68\x3C\x85\xA1\x86\x96\xC2\x59\x84\x24\x9A\x95\x42\x5F\x43\xF2\xDC"
"\xE4\x8F\x0C\x83\xFA\x96\x2F\x30\x17\xCF\xB0\xA0\x68\xF2\x34\x55\xD5\xD7\xED\xD0\xA3\x68\x9C\x69\xE0"
"\x18\x51\xCA\xD9\x26\xE0\xB1\x7F\x98\x50\xCA\xF3\x55\x04\x1A\x67\x9F\x12\x7A\xFE\x91\x18\xDC\xEF\xB7"
"\x4E\xCF\xF3\xF0\x14\x50\xA4\x1B\x95\x7B\xA3\x63\x98\x9E\x6C\x3E\x29\x3F\xA6\xA9\x14\xC6\xF9\x19\x9F"
"\x27\xE5\x81\xC2\x73\x86\x12\xDA\x94\x1F\x6B\x1C\x02\x27\x02\xEF\x94\x7B\x0A\x43\x81\xBE\x2D\xA0\x63"
"\xF6\x49\xE0\x4C\xE0\x9D\x72\x06\x7D\x81\xCF\xEB\xE2\x4E\xF9\x31\x43\x79\xE0\xF9\x15\x7B\xDE\x02\x77"
"\x27\x8F\x35\x4E\x0D\x35\x83\x57\xCA\x1D\x84\xD5\x5B\xE0\xEA\xE4\xB1\x40\x7E\xE0\x52\x52\x5C\xC1\xAB"
"\x93\x8A\x42\x57\xA0\x52\xBC\x93\x65\x81\x5C\x43\xDE\xC7\xB3\x93\x65\x8D\xF3\xC0\x73\xD0\x56\xC5\x3B"
"\xC9\x60\x3A\x9B\xAA\x1F\xDA\xD2\xC9\xB2\xC6\x21\xD0\x6E\xF4\x0D\x54\x3A\x19\x28\xCC\x0F\xCB\xC8\xA3"
"\xB1\x05\x4E\x1C\xF2\xFC\x94\x13\x9E\xC2\xB2\xF5\xCC\xA0\x2E\xA3\x3F\x73\xC8\x87\xA6\xB4\xCD\xA0\x47"
"\x4D\xAB\x5F\xDB\x35\xBD\xBD\xE1\x7A\x41\x45\x8E\xED\x5A\x20\x13\x38\xB4\xD0\x5E\x0B\xE4\x1B\x2E\x27"
"\x4C\x14\xEA\xFD\x84\x69\xE0\xB8\xB1\x17\xF4\x7E\xFC\xE3\x19\x74\x67\x8C\x1C\xDE\x3D\xBA\xE0\x95\x8C"
"\xD0\xC2\xF1\x2B\x98\x0A\x8C\xB3\x6F\xA1\x6D\xE0\xB8\x45\xBB\x7E\x80\xB1\xF4\x3A\x0C\x00\x4E\x0D\xD4"
"\x5B\xD0\xCB\x07\x78\x4E\x98\x41\x0F\xCF\xF2\x55\x55\x4D\xEC\xD7\xAE\x08\x6E\x2D\x1C\x7B\xA1\x01\x3D"
"\x3C\x1F\x31\x55\x15\x4F\xFD\x85\x13\x21\xBA\xD5\x79\x98\xEF\xA0\x93\xE1\x40\xA0\xEC\xCE\x0F\xCE\x4F"
"\x61\x7A\x81\xF6\x2B\x18\x5F\xE0\xF4\x15\x0C\x2F\x70\xAE\xA1\x7F\x81\xDB\x57\x70\x95\x9D\xFE\x0E\x7E"
"\xAC\x09\x11\x1A\x3E\x01\x52\x42\xF1\x8C\x1B\x86\x4D\x83\x36\x37\xA2\xFF\x53\xF7\x6C\x45\x82\x73\x8E"
"\x6F\xD8\x38\x4C\x00\xEE\xA9\x3D\xE6\x55\xF6\x1D\x1E\x63\x30\xE5\xF6\x09\x8C\x00\x1E\x93\x11\x7F\xCF"
"\x03\x14\xAE\x09\x7D\xEE\x0F\xF8\x7B\x66\xF1\x01\x06\x06\x9B\x9A\x30\x19\xEA\x7A\x93\xE0\x87\x70\x85"
"\x4D\x5F\x7F\xDE\xE0\x71\x47\xD3\xC2\x05\xDE\xF1\xD2\x15\x74\x32\x1C\xBE\x83\x0A\xC0\x50\xF4\xF8\x0E"
"\x15\x86\x09\x41\x5F\x6E\x6B\x3F\xC0\xB9\xCC\xFE\x18\x04\x2F\x94\xA9\xEC\x8A\x3C\xDB\xB5\x12\x1C\x73"
"\x26\xE6\x6A\x17\x56\x82\x43\x3A\x6E\xCB\x20\xE8\xA3\xFE\xBD\xFF\xB1\xD5\x06\x1C\x83\xDA\xD1\xF6\x95"
"\x04\x0D\x29\x0F\xFD\xD4\x04\x87\x03\xAF\x75\xB3\xE1\x91\x19\x62\x2F\xE4\xA3\x39\x6C\xB8\x7A\x0C\x2F"
"\x4D\x09\x6A\x5E\xEC\x23\x85\xCF\x6D\xE6\xD0\x09\x2D\x83\x96\xC2\xA7\x3D\x9E\x9F\x89\xC2\xE7\xB9\x36"
"\xEF\xB0\xFA\x2F\x7B\x17\xCC\x14\xCA\x5F\xB8\x6E\xB8\x51\x98\x7A\x21\x19\xB8\x3A\xE5\x9A\xC3\x7A\x5D"
"\x54\xC7\x6D\x38\xAC\x46\x58\xA7\x37\xB8\xD6\xAD\x55\x70\xE0\xD0\xD7\x70\x79\x81\x75\xBF\xEA\xAB\x46"
"\x0E\xEB\x44\xD6\x05\xD4\xC0\x3A\x00\x5B\xFD\xB0\x1C\x92\x00\x2A\x38\x35\xB0\x4E\xE4\x2B\xAC\x87\xA3"
"\x82\xF3\x2B\xFC\xF7\x0D\x0A\x33\xA4\xAD\x13\xEA\x16\xA6\x5E\x88\x67\x9A\x06\x40\xD7\x0B\xE1\x5C\x6A"
"\x00\xD0\xBF\xC2\x6D\xFB\x1F\x9E\x96\xD7\x4D\x67\xE2\x69\xA8\x00\x00\x00\x00\x49\x45\x4E\x44\xAE\x42"
"\x60\x82"
}
};

static const binfile_t background_gg = {"background_gg.png", 1524, {
"\x89\x50\x4E\x47\x0D\x0A\x1A\x0A\x00\x00\x00\x0D\x49\x48\x44\x52\x00\x00\x01\x40\x00\x00\x00\xF0\x01"
"\x03\x00\x00\x00\x4B\xE3\x2F\x28\x00\x00\x00\x01\x73\x52\x47\x42\x00\xAE\xCE\x1C\xE9\x00\x00\x00\x04"
"\x67\x41\x4D\x41\x00\x00\xB1\x8F\x0B\xFC\x61\x05\x00\x00\x00\x06\x50\x4C\x54\x45\x13\xBC\x9D\x0E\xA1"
"\x86\x03\x61\x93\x21\x00\x00\x00\x09\x70\x48\x59\x73\x00\x00\x0D\xD6\x00\x00\x0D\xD6\x01\x90\x6F\x79"
"\x9C\x00\x00\x05\x77\x49\x44\x41\x54\x68\xDE\xED\xD9\x3D\xAE\xDC\x36\x10\x00\x60\x2A\x02\xA2\x22\x85"
"\x4A\x97\x4C\x9F\x22\x47\x90\x6F\x92\x3E\x17\x48\x17\x69\xB1\x45\xAE\xB1\x75\x2E\x61\x3D\xF8\x02\xBE"
"\x81\xE9\x22\xC0\x96\x32\x60\xC0\xC4\x83\x2C\x46\xFC\x9F\x21\x87\x14\x53\xC7\x2A\x1E\x76\xDF\x7E\x3B"
"\xA4\x66\x48\x4A\xE2\x32\xFA\xE8\x54\x7A\x14\xE0\xD8\x08\x93\x80\x53\x11\xE2\x80\xC7\x50\x84\x38\xE0"
"\xDE\x97\x60\xD2\xC3\xBD\x2B\xC1\xE4\x3C\x76\x56\x80\x23\x3A\x0B\xA5\x24\x9B\x69\x38\x7B\x27\xB8\x8B"
"\x48\xC3\x21\xE6\x8E\x57\x23\x4E\xDE\x6D\x75\xD8\x87\xF4\x2D\xAE\xB7\x05\xC8\x63\xC0\x3A\x0C\x3D\x5C"
"\xEA\x30\x9C\x8A\x0C\x6F\x68\x18\x72\xB3\x02\x48\x24\xBC\x87\x01\x3D\xA4\x4A\xC8\x61\x40\xF7\x35\x49"
"\x0D\x8A\x58\x5F\x00\x89\x61\x16\x4E\xE5\x01\xE0\xC1\x73\x38\xA1\x80\xB1\xC7\x29\x0C\x53\x40\x24\xEF"
"\x53\xE8\x07\xD8\xC1\x2E\xA0\x4F\xE2\x07\x04\xBF\x66\xB0\x4F\x02\x3A\xB8\xCD\x29\xF4\x49\xDC\xC2\x7F"
"\xEC\xDB\x2C\x62\xDE\x9F\x00\x77\xE8\x7C\x12\x9F\x09\x14\x09\xFC\xD9\x27\x71\x21\x22\x4A\x00\x3F\x3B"
"\x27\xD3\x34\x08\xFC\xCF\x30\x49\x17\x0A\xC6\xF3\x0B\xD5\x83\x01\x29\x18\x8A\xB0\x42\x38\xE5\xD0\xB7"
"\x8C\xF2\x60\xE1\xA7\x3C\xB5\x69\x40\x22\x62\x4F\x06\x8C\x11\x43\xCF\x7D\xF5\x04\x86\x3C\x83\xCE\x1D"
"\xEC\x02\x0E\x74\x40\x0B\x5F\x40\x97\x86\x6C\x38\x24\xF0\xC0\x70\x4B\xE1\xE8\xA1\x82\xFF\xD0\xEB\xD7"
"\x15\x9C\xE9\x80\x19\xEC\xA9\x64\x07\xF8\x3E\x42\x9E\x8F\x1B\xD0\x77\x10\x51\x55\x61\x8C\x38\xB4\xC2"
"\xA9\x08\x4D\xE7\xEF\x01\xAA\x3A\x3C\x23\xBE\x53\xB0\xE5\x72\xC4\xF3\xB2\x19\xDE\xD1\xE9\x71\x70\x63"
"\x06\xDE\xCB\xB0\xB3\x50\xB0\x59\xB7\x7C\xBB\x84\xAB\x81\xD3\x7A\x01\xFF\x3A\x3B\x3F\xE9\xD7\xC2\x43"
"\x51\x8A\xB8\x30\xAE\xCF\x79\x9B\x8B\x90\xD9\x88\x4C\xC3\x49\x6D\x53\x13\x3C\xE7\x03\xAF\xC3\xE1\x84"
"\xA3\xCE\xF6\xEE\x27\x7F\x3E\x1E\xCD\x40\xB5\x90\xB7\x41\xAE\x63\x1F\x43\x23\x54\xBE\x86\xF2\x0A\xDE"
"\xCB\x50\x27\x64\x34\x79\xD4\xE0\x56\x87\x83\xA9\x8C\x29\xDD\x55\xC4\xD5\x41\xE1\x4A\xB3\x97\xA0\x38"
"\x87\xD9\x05\xE4\x06\x6E\x0E\xFA\x1A\xD2\xF0\x18\xD5\x3E\x58\xE8\x6B\x58\x84\xEA\xA3\x85\xBB\x83\x47"
"\x11\x2A\x07\xC7\x22\x1C\x11\xF4\x35\xBC\x84\xAA\x0E\x79\x84\xBE\xD8\x39\x1C\x30\xBC\x55\x21\x68\x7A"
"\x6D\x8D\xE8\xE7\x21\xB9\x9C\xED\x10\xCE\x8D\xD0\xD7\x90\x5C\xA5\x20\x94\xBC\x11\xFA\x1A\xAE\x97\x70"
"\x2C\xC1\x0E\x43\x5F\x43\x1A\x4E\x11\xAA\xFE\x3F\x42\x71\xD5\xB4\xAF\x21\xB9\xF8\x48\x18\xF1\xA5\x02"
"\x51\xD3\xA2\x35\xA2\x28\x5D\x5E\xCF\x35\x05\x41\x57\xC3\x6B\xE8\x6A\xD8\x0C\xC9\xE5\x4C\xCE\x00\xEE"
"\x63\x09\x4E\x18\x1E\x43\x23\x54\x15\xB8\x21\x68\x6B\xB8\x5F\xC3\x5B\x09\xF2\x04\xAE\xAD\x50\x54\xA0"
"\x42\xD0\x7C\x8D\x5C\xCE\x04\x82\xB6\x86\xE4\xE2\x13\xE1\xB7\xC1\x0F\x91\x0B\xB8\x0D\xA1\x86\x14\xFC"
"\x14\xE0\xDA\x87\x1A\xE6\x70\x70\x83\x5A\xC3\xA5\xF7\x4B\x56\x03\x74\x35\xA4\xE0\xFB\x08\xBB\x50\x43"
"\x6A\x95\xBA\x63\x78\x2B\xC0\x31\x85\x2F\x05\x38\xF9\x4E\xE9\xB3\xEE\x42\xB1\x33\xD8\x2B\x08\x99\xBE"
"\x2E\x9A\x1A\x66\x6B\x0A\xC7\xF0\x7C\x8C\xB5\x35\x4C\x61\x17\x13\x67\x3E\x3D\x13\x24\x49\xC8\x11\x14"
"\xBA\x2B\xB6\x86\x29\x54\x61\x91\x0D\xD0\xD6\x50\xA4\xB9\x49\x61\xE7\xE6\xA1\xC8\x02\xBA\x3E\xB9\x3E"
"\x16\xA0\x69\x64\x0B\xF0\xD5\x9E\x9D\xA9\x21\x5E\x53\x4C\xC6\xDC\xBD\x20\xB3\x27\xD0\xB9\x9B\x1F\x04"
"\x6D\x02\xDD\x8A\xC8\x6C\x35\x3A\x57\xC3\x2D\x0B\xE8\xAF\x93\x2C\xDC\x8A\xAF\x29\x74\x57\x8A\x9B\x87"
"\x87\xAB\x80\xA9\x21\x5C\x53\xDC\x65\xAF\x47\x11\x7B\x77\x76\x00\x3A\xE0\x2F\x41\x0E\xF2\x1C\xFA\x7B"
"\xA1\x11\x42\x3D\xCE\x4C\x0D\x65\x1A\x50\x49\x04\x47\xFF\xD5\xB8\xA6\x84\xFD\x80\x09\xA6\x47\x9B\x03"
"\xC1\xF8\x70\x9C\xC3\x01\xC2\xB0\x4B\xB3\xA8\x14\x9A\x3C\x04\xE8\xDD\xD1\x45\xB8\xFE\x68\x73\xAB\x33"
"\xEB\x17\x9F\xF0\x9C\xBF\xF7\x00\xFE\x19\x1F\xD6\x8E\x24\xA0\x12\x43\x84\x5F\x95\x85\x6B\x84\x71\x77"
"\x6F\xE5\x11\x9E\x7F\x4C\x7C\x11\xB7\x4C\xC2\x0E\xD6\x11\x5E\x02\x18\xF7\x56\xE2\xEE\xDE\x16\xB7\x4D"
"\x00\x0C\x5B\xA1\x21\xA0\x5D\xBF\x22\xB4\x6F\xA5\xDF\x7A\x8A\x01\xF7\x98\x4F\x00\x4D\x0D\x17\x06\xB6"
"\x0B\xF5\xB3\x16\x01\x0F\x07\xE3\x8E\xD5\x37\xB0\xD7\x64\xEF\xEC\x4D\x63\xA6\x86\x0B\x0C\xB8\xB1\x37"
"\x09\xB4\x9F\xF5\x06\xC6\x80\xE7\x03\xFC\x8C\xE1\x3F\xF6\xF5\xDD\xF4\x2A\x74\xFF\x1C\x9C\xF1\xB4\x14"
"\xF8\x8E\xA9\xE1\x0A\x76\xC0\xDE\x82\x5E\x20\xB8\xCE\x61\xA3\x55\x1F\x3B\xFB\x41\xD1\x50\xD7\xF0\x73"
"\x7C\xFB\x00\xBD\x38\x21\x88\xBE\x81\xD7\x3A\x60\x37\x17\xA0\x84\x11\xCE\xF5\x0A\x6D\x39\x43\xB8\xC3"
"\x4F\xCE\x01\xF7\xAE\x08\x41\x36\xCE\x64\xC3\x77\x4A\xA1\x0E\xF7\xF0\x03\x78\x9A\x29\x04\x39\x7C\xC2"
"\x4D\xCA\x0C\x2E\x30\x20\x4A\x41\x02\xD7\x39\x06\x4C\x7F\x30\x40\x39\x10\x53\x0C\xC8\x6B\x70\xF3\x6F"
"\x64\xFE\x0B\x04\x82\xFB\x50\x0C\x88\xA1\x5F\x3F\x24\xF5\x93\x06\x4A\xAB\x9B\x9C\x0B\x18\xD9\x34\x5C"
"\xCC\xD9\x3C\xB3\x1F\x0C\x32\x28\xEC\xE3\x15\x11\x50\xE1\x02\x98\x0D\x6D\x32\x60\x02\xF7\xB3\x1E\x07"
"\x19\x50\x26\x25\x65\xEC\xEF\x85\x0C\x28\x12\x68\x2E\xEC\x6F\xA8\x96\x93\x8C\x49\xB4\x8A\xC2\x3E\xA5"
"\xA9\x3D\xDD\xAF\x64\xCB\x29\x7C\xB2\x9F\x08\xA7\x57\x9A\x4E\x35\x1C\x7B\xA1\x47\x54\xCB\x6D\x90\x35"
"\xC2\x3D\x59\xB0\xEB\x2D\xB7\x40\xD6\x08\x65\x2B\x14\xE8\x96\xA0\x7C\x1C\xAC\x11\xCA\x56\xB8\xA6\xD7"
"\xFA\x8B\x96\x2F\xA1\x68\x85\xE1\x46\x7A\xAC\xBB\x78\x27\x74\x01\x1F\x8D\x10\x3C\x0A\xD5\x21\xB8\x4F"
"\x1C\xAA\x90\x35\xC2\x2F\xAD\x10\xDE\xC0\xF7\x15\x87\x9E\xEA\x6A\x10\xDD\x96\xD7\xE6\x2B\x6B\x84\x5B"
"\x2B\x64\x8D\x30\x7D\x7E\x2F\xC2\xB7\x8D\x30\xDB\x10\x28\x4D\xC3\xEC\x41\xAD\x00\xF3\xA7\xF7\x02\xCC"
"\x77\x6A\xA6\xC6\x80\x05\xF8\x68\x84\x44\x40\x7A\x1A\x3E\x1A\x21\x15\x90\x84\x54\x40\x6A\x76\x91\x01"
"\x29\xB8\x92\x30\x9F\x34\x92\x35\xC2\xA5\x11\x6E\xB4\xCB\x67\x17\x6B\x84\x1F\x4A\x30\x99\x0B\xAF\xAC"
"\x11\x2E\x45\xC8\xDA\x1A\x66\x78\xF8\xBC\x56\x1C\x2C\xF6\xB1\xD4\x20\xA8\xE1\x5A\x73\xE0\x6C\x9E\xAC"
"\x7E\xCC\x8D\xCE\x17\xF1\x0B\xBB\x3C\x7E\xD3\xEE\xC1\x1A\x8E\x5F\xFE\xF8\x9D\x7D\x3F\xBE\x1F\xFF\xDF"
"\x83\xB1\x7F\x01\x56\x3C\x7A\x68\x7F\xFB\xE1\x19\x00\x00\x00\x00\x49\x45\x4E\x44\xAE\x42\x60\x82"
}
};

static const binfile_t background_gw = {"background_gw.png", 1266, {
"\x89\x50\x4E\x47\x0D\x0A\x1A\x0A\x00\x00\x00\x0D\x49\x48\x44\x52\x00\x00\x01\x40\x00\x00\x00\xF0\x02"
"\x03\x00\x00\x00\x0C\x43\x55\xF8\x00\x00\x00\x01\x73\x52\x47\x42\x00\xAE\xCE\x1C\xE9\x00\x00\x00\x04"
"\x67\x41\x4D\x41\x00\x00\xB1\x8F\x0B\xFC\x61\x05\x00\x00\x00\x0C\x50\x4C\x54\x45\xDE\x7B\x29\xD6\x4A"
"\x00\x5A\x7B\x7B\xDE\x31\x84\x05\xD9\x4F\x3C\x00\x00\x00\x09\x70\x48\x59\x73\x00\x00\x0D\xD4\x00\x00"
"\x0D\xD4\x01\xEF\x91\xBA\x15\x00\x00\x04\x6F\x49\x44\x41\x54\x78\xDA\xED\xDC\x5D\x72\xE3\x20\x0C\x00"
"\x60\xF1\xC0\x11\x74\x1F\x8E\xC0\x03\xDC\xFF\x2A\x3B\x49\xEB\x04\x8C\x7E\xB1\xDA\x7A\x66\xA3\xA7\x6E"
"\x8B\x3F\x24\xE1\xC4\x8E\xC9\x2C\x3C\x02\x7B\xAF\xF0\x8A\xBE\x46\x03\x57\xE4\xC7\x31\x65\xFA\xD7\x39"
"\x8A\x0B\x9C\x93\x40\x0A\xAC\x1E\x2F\x4D\x49\xA4\x4E\x86\x07\xC4\xA9\x4F\x99\x06\x3D\x35\xCF\x49\x20"
"\x0D\x3A\x6A\x4E\x53\x12\x4C\xC5\x9E\x9A\xF3\x94\x44\xE6\x40\x7B\xCD\x38\x25\x81\x1C\x68\xAF\x79\x4E"
"\x82\xF3\x1C\xE7\xF6\x94\x04\xDB\x42\x7B\x13\xD3\x94\x44\xE6\x41\x6B\x13\xF3\x74\x0C\xC6\x82\x95\x6F"
"\xA1\x7D\x55\xC6\x9C\x9A\xD0\x42\xF3\xAA\x4C\x45\x0A\x2D\x34\xAF\x4A\x37\x47\xB9\x3D\x58\xA3\xC1\x76"
"\x7B\xB0\x87\x83\xE5\xF6\x60\xBD\x3D\xD8\x6E\x0F\xF6\xFB\x83\xE5\xF6\x60\xFD\xFF\xC0\x76\x7B\xD0\x74"
"\x22\xE2\xED\xC1\xFC\xA7\xA0\xE5\xA5\x92\xA2\xC1\xF8\x17\x33\x46\x83\x9E\x26\x9A\x5E\x7B\x29\x1A\x8C"
"\xBF\xEE\x61\x34\x98\xA3\x41\x47\x13\x8D\x37\x60\x18\x0D\xE6\x68\x10\xC2\xC1\x1C\x0D\x42\x38\x98\xA3"
"\x41\xEB\x42\x3B\x1E\x08\x61\x34\x68\x14\x21\x58\x74\x3D\x03\xCB\x1F\xF0\xAE\x60\x13\x57\xBB\x4D\xC3"
"\x9B\x01\x7C\xFE\x64\x01\x51\x4F\x38\x1F\x9E\xF0\x16\xFE\x12\xE6\x87\x98\x2C\x58\xC6\xE9\xC9\x38\x06"
"\x5B\x7A\x9A\xDF\x97\xA0\xA4\x65\xF8\x5A\x40\x29\xC5\x34\x4C\xA7\x81\xD8\x2D\x29\x0E\x81\x32\x98\xD6"
"\x1E\x28\x91\x65\x70\xF8\xB3\xF1\x61\x4E\x92\x41\x5C\x9B\xA0\x85\x0C\x8E\xBF\x8A\x00\xA7\xFC\x8D\x35"
"\xA3\x04\x4E\x1D\xAE\x01\x20\x12\x5D\xD0\x82\x59\xE6\xAF\x74\xFA\x8F\x82\xFD\x3A\x78\x3A\xA7\xCA\x65"
"\x30\xEF\x80\xC9\x0E\x5E\xBA\xAB\x7D\x66\x83\x3F\x0C\xB6\xCB\x60\xBF\x33\x48\xFE\xE9\x74\x28\xDD\xD3"
"\xBC\x0F\xD2\xE7\xD1\x15\xB0\xD9\xC1\x46\xFE\xE9\x94\x11\x7D\xAA\x5F\x02\xA9\x14\xF1\x0A\xF8\x6E\x42"
"\x1F\x7F\x4B\x44\x35\x82\xC7\x6F\xD2\xFB\xC7\x6B\xE0\x78\x3F\x50\x0F\xFA\x0A\xD8\x07\xF0\xEB\x20\xE6"
"\x0A\x50\xAC\x60\x19\x40\x69\x33\xCE\x0C\xD6\x11\x14\x02\xAC\xE0\x7A\xCB\xF2\x3B\x60\x33\x83\x3D\x1C"
"\x2C\xC3\xCF\x7C\x54\x3B\xF8\xBD\x2A\xCA\xC7\xBD\xF2\x87\xA0\xFC\x0D\x82\x23\x20\x18\x6C\x0E\xD0\xB4"
"\xCC\x1B\xA0\xBC\xCC\xDC\xEB\x09\x04\x50\x5C\x15\xEE\xBB\x1F\x24\x58\x0C\x4D\x84\x0D\x30\x6D\x80\x4D"
"\x02\xA5\x26\x36\xA0\xC7\xD0\x60\xD5\xC1\xCA\x80\x55\x04\x2D\x5F\x4B\x40\x0F\x28\xAC\x0A\x30\x19\x16"
"\x11\xB4\x7F\xF6\x36\x82\x7C\x13\xD9\x0F\xD3\x40\x82\xAF\xF9\xD9\x9A\x81\x1B\xA1\x80\xCA\xE7\x50\xD0"
"\xEF\x37\x95\xF1\x47\xB0\x15\x57\x1A\x7C\x27\x2E\x5D\xE3\xA9\x8A\x8B\x06\x66\xA5\xE2\xF3\x84\xC0\x80"
"\x55\xAE\xB9\x9A\x5B\x08\x4B\xEA\x64\xCD\x6C\x01\xEB\x2D\xFA\x32\x55\x72\x55\xBC\xDE\xFE\xAE\x73\x11"
"\x29\x16\xB6\x21\x4B\xC5\xB0\x1E\x95\x85\x04\xF5\x8A\x81\x98\x4D\x48\x50\xAF\x18\x88\x44\xF8\x73\x57"
"\x7B\xB7\x3E\xA7\xC3\xBC\x2B\xD2\x83\x99\x04\x81\xCC\x85\x01\x0D\x1D\x3C\x1F\x4B\xDE\x29\x12\xAB\x75"
"\xFE\x22\x29\x0B\x92\xE2\x7A\x1B\x27\x7D\xA4\x3D\xB7\x85\x78\x60\xB6\x46\xF5\x80\xF4\xD3\x99\x39\xC0"
"\x07\x3E\xBB\xB6\xFD\xAD\x37\xEE\x20\xE9\xAE\xA4\xEE\x80\x52\x94\x68\x10\x82\xC1\x16\x0D\x96\x68\x10"
"\x82\xC1\x16\x0D\x16\x1D\xAC\x91\xDF\xEF\xF8\x1A\x12\xB8\xAD\xFE\x3D\xC4\x0E\x16\x1D\x7C\x0C\xB1\xEF"
"\xAB\x83\x0A\x32\x1F\x83\x99\xA8\x3A\x68\x7D\xE2\xA0\x24\x78\xEC\x7A\x09\x57\x4F\x57\x82\xCF\x7C\x1E"
"\xA2\x76\x9B\x34\x07\x7B\x52\xA7\xD7\x7C\x6D\x2A\x7F\xBB\x60\xA4\x07\xE0\x66\x7E\xEF\x93\xA4\x52\x9D"
"\x70\xA7\x37\x1E\xC7\x4E\x75\x0E\xEB\x7B\x96\x34\xD9\x14\xE2\xF9\xA7\x6C\xA3\xF9\xC1\xAC\xF4\x85\x4A"
"\x52\x7C\x17\x44\x05\xA4\x92\xB4\x5E\x8B\xF5\x1A\x94\x91\x8F\x48\x5B\xA0\xB0\xCC\x59\x07\xD1\x05\xE2"
"\x16\x28\x2C\x73\x0F\x06\xD3\x1E\xC8\x2F\x73\xDE\x03\xF5\x77\x9A\x30\xB0\x6F\x82\xDC\x32\xA7\x3F\x01"
"\x09\x8F\x5D\xE6\x1C\x0D\xE2\x2E\xD8\xA2\x41\xDB\xD8\xEB\x60\xDA\x07\xCB\xEF\x80\x79\x1F\xA4\x97\x19"
"\x6F\x0F\xF6\x7D\xB0\xFD\x0A\x98\x2E\x80\xE3\xE6\x6D\x09\x01\xA7\x60\x1E\xCE\xEF\x83\xCC\x8E\xD2\x05"
"\x90\xDE\xA4\xBC\x02\x3E\xAB\x0E\x05\x3B\x58\x1E\xD7\x79\xC0\xA6\x6E\x86\x38\xC1\x5E\xB5\xFD\x1F\x2F"
"\xB8\xC6\x07\xFC\x80\x1F\xF0\x03\x52\xD1\x7E\x0B\xC4\x5D\xB0\x46\x83\x65\x03\xAC\x52\x47\x36\x40\x79"
"\x00\xB8\xC1\x63\x04\xFD\xF8\xA4\xB9\xC1\x77\x49\xE4\xD3\x13\xF9\xD1\x98\x72\x00\x46\x80\xE3\x98\x24"
"\x16\x60\x03\xAB\xD6\x17\x70\x82\x73\x02\xC9\x01\xDA\xD6\x10\xB5\x01\x1A\x58\xB4\x3A\xAA\x0F\xE4\xB7"
"\x7E\x75\xD0\xF8\x71\xD4\xB0\xB3\x29\x81\xEB\xFC\xC6\xFB\x61\x6A\x6E\x1A\x4C\x5A\x09\x32\x58\xB4\x42"
"\x24\x90\x3A\x11\xD5\x79\xAB\x2F\xC3\xA6\xCE\x5B\x7C\x20\x35\x3F\xBD\x2B\x4B\x85\xAD\x85\xB6\xA7\x4A"
"\x1C\xA8\x8E\x93\xD6\x24\xD9\x5A\x38\xB7\xA6\xFA\x40\xFD\x5B\xCC\x12\x68\x7E\x06\x3B\xFF\x4F\x2C\x2E"
"\x50\x2F\x05\x5C\x20\x57\x8F\xD6\xE4\xEF\x40\x63\xC5\xE3\x48\x1F\x68\xB8\xE0\xFA\xB6\xB1\x0D\x97\x33"
"\xD7\x36\xB6\xE5\x62\x21\x79\xC9\x9C\xE0\x30\xB7\x07\xB4\xBC\x73\x3E\xC7\x00\xFC\x03\xFB\x4D\x28\xDF"
"\x97\xEA\x4E\x7F\x00\x00\x00\x00\x49\x45\x4E\x44\xAE\x42\x60\x82"
}
};

static const binfile_t background_lnx = {"background_lnx.png", 1246, {
"\x89\x50\x4E\x47\x0D\x0A\x1A\x0A\x00\x00\x00\x0D\x49\x48\x44\x52\x00\x00\x01\x40\x00\x00\x00\xF0\x01"
"\x03\x00\x00\x00\x4B\xE3\x2F\x28\x00\x00\x00\x01\x73\x52\x47\x42\x00\xAE\xCE\x1C\xE9\x00\x00\x00\x04"
"\x67\x41\x4D\x41\x00\x00\xB1\x8F\x0B\xFC\x61\x05\x00\x00\x00\x06\x50\x4C\x54\x45\xD4\x53\x00\xE7\x7F"
"\x1C\x43\x70\xAD\xBE\x00\x00\x00\x09\x70\x48\x59\x73\x00\x00\x0D\xD6\x00\x00\x0D\xD6\x01\x90\x6F\x79"
"\x9C\x00\x00\x04\x61\x49\x44\x41\x54\x68\xDE\xE5\xD9\x4D\x6E\xD5\x30\x10\x07\xF0\x09\x11\x8A\x44\x17"
"\xD9\x51\x76\xD9\xB2\xE3\x08\xEE\x11\xB8\x41\x8F\xE2\x70\x13\x6E\xD2\x70\x93\x77\x84\x2C\xB3\x78\xCA"
"\x10\x7F\x24\xFE\x9A\xB1\x07\x5A\x09\x10\xDD\x34\xEF\xF5\xA7\x7F\x62\x7B\x6C\x39\x2E\xA0\xF0\xE7\xFF"
"\x81\x4F\x20\x83\x2B\xC0\x20\x82\x00\xD0\x49\xE0\x76\x40\x50\x02\xB8\x18\x38\xB6\xE1\x6E\x1C\xF4\x6D"
"\x78\x34\x25\x7E\x48\xA8\xDF\x19\x40\xB7\xA0\xBB\xB3\x00\xAE\x1E\x4E\x2D\x38\x7B\x38\x36\xE0\xDD\xBB"
"\x6B\x6C\x38\x78\x73\x9D\xB3\x5F\xFD\x03\xD5\x3B\x8F\xB8\x74\x75\xE8\xEF\xAC\x8E\xE4\x3A\xBC\x9D\x7D"
"\xB3\x9E\xFD\xC3\x40\xDF\x12\x13\xAD\x6A\xD0\xDF\xB9\x33\x57\x53\x0D\xFA\x3B\xF7\x66\x80\xAA\x10\x2E"
"\x88\x67\x8F\x93\x70\x8B\x3A\xFB\xEC\x71\x12\x2E\x11\x9C\xFB\x0A\x84\x68\x9C\x6B\x70\x4B\x60\xC7\xC3"
"\x25\x81\xC0\x42\x5F\xB2\xDD\xEE\xA1\xE6\xE0\x7A\xC6\xCD\xA3\x8D\x67\xE1\x72\x15\x84\x4B\x54\x0C\x0C"
"\x93\x65\x75\x70\x62\xE0\x7A\x15\xC4\xE6\xE0\xC8\xC0\x25\x14\x84\x08\x9A\x82\xB0\x23\xE3\xC7\x10\xB8"
"\x47\x34\x03\x62\xC7\xDA\xCF\x9A\x02\xDE\xA2\x71\xEE\x6B\x10\x52\xB8\x9F\xCB\x0F\x30\x6D\xB6\x4D\xF8"
"\xE6\x6A\x9D\x84\x90\x8C\xB3\x2B\x10\x0A\xAE\x29\xD4\x16\x6A\x02\x42\x02\x17\x65\xDB\x46\xC0\x35\x85"
"\x47\x55\x2C\xE0\xD7\x71\x60\x02\x7D\x75\xDB\x5E\x9D\x0A\xB8\xE5\xD0\x5D\x96\x70\xA6\xE1\x98\xC3\x38"
"\xB0\x0A\xE3\x40\x37\x55\xC3\x65\x0C\x93\x40\x37\xF9\x69\xB8\x24\xB0\x0F\xB0\x4F\xE1\x1D\x72\xB8\xD3"
"\x30\x0D\x74\x4B\xDE\x75\x19\xC1\x2C\xD0\x2D\xA2\x14\x5C\x4A\xB8\x85\xCB\x00\x8B\x40\x70\x05\x51\xC0"
"\x22\xF0\x18\xB8\xEB\x3B\x1D\xE0\x5E\xB8\xA3\xF7\x80\x80\xB7\x12\xC2\xD7\xE8\x29\x4E\x48\x04\xA6\x8F"
"\x7B\xC2\x5B\x1D\x4E\x27\x6C\x04\x06\xB8\x4A\x61\xC3\xD9\x82\x84\x2C\xF0\xA9\x06\xA3\xAF\x7A\xF2\x29"
"\x06\x07\xE3\x82\x7D\xAE\xC1\x68\x06\x74\x74\xBB\x6C\x11\x27\x81\x5F\x6A\x30\x09\xCC\x26\x4E\x0C\xEF"
"\x49\x20\x0D\x4D\xE5\x42\x5C\x5F\x58\x83\xD1\xCF\xA3\x14\xD2\x95\xEE\xFF\x12\x7D\x1A\xA5\x50\x0B\xE1"
"\x43\xA5\x84\x75\x0C\xB5\x10\x0E\x28\x84\xAA\x06\x55\x80\xEF\xCF\x15\xA3\x05\x95\x10\xBE\xC3\x2A\x9C"
"\xAE\xEF\x27\x21\x0C\x81\xBE\xEA\xBA\xEF\x34\x9C\x72\x38\xA6\x05\x3C\x7A\xD8\xE9\x0C\x76\x9A\x86\x63"
"\x70\xE7\xCB\x09\x09\xE3\x40\x07\x15\x0D\xE3\x40\x07\x75\x06\x07\x07\x5F\x08\xB8\x10\x70\x88\x9D\x5B"
"\x01\x75\x36\xE4\x0E\xBE\x10\xF0\x46\xC0\x1E\x4B\xA8\x52\x67\xCC\xB1\xDC\x10\x10\x08\x98\x05\xB2\x6B"
"\x4A\xA8\xAF\x16\x44\x09\xEC\x5E\x03\xB7\xBF\x0C\x02\x01\xEF\x6F\x0E\xF7\x3F\x97\xC8\x2D\x67\xBF\x0F"
"\xCF\x35\x65\x16\xC2\x61\x11\xC2\x97\x5B\x13\xDA\x7B\x0E\x59\xB9\xB1\x50\xA1\x30\x51\x67\x50\x71\x30"
"\xDF\xAC\xF1\x70\x9F\x9B\xD0\x46\xE5\x53\x87\x85\x1A\x84\xF0\xB3\x00\x92\x6B\xCA\x5F\x06\xC9\x35\x65"
"\x7A\x73\xF8\xAA\x5B\x6F\x7F\x0E\xDE\xFF\x01\xB8\xFF\x22\x1C\x92\x49\x53\x81\xCF\xC9\x34\xE4\x61\x8F"
"\x4D\xE8\x16\x9F\xE7\xB4\x2E\x15\x0B\x51\x9A\x98\x41\x32\xD1\x34\xB7\xCB\x36\x69\x13\x0F\xD3\xDA\x60"
"\x13\x01\x67\x21\xCC\x8A\x4D\x55\xCE\xA4\xC2\xF3\x3D\x31\xCF\x58\xBC\x68\xAF\xB2\xC4\xDE\xD4\x93\x04"
"\x8E\x66\x50\x49\x18\x8F\xDD\x67\xBB\x5B\x9D\x9B\xB0\x77\xE7\x6B\x6D\x38\x1C\x1F\x94\x3B\xB6\xAB\xC3"
"\xC9\x1D\xCF\xDE\x68\x18\xAD\x29\xE6\x04\xC9\x42\xD5\x84\xBB\x7B\xB9\x6D\x24\x76\x28\x87\xD8\xF1\x70"
"\x8B\x7A\xC7\x9E\x9D\xC9\xE1\x06\xE4\x89\xE6\x5D\x0A\xB7\xA8\xBF\x11\x7F\x48\x12\x4F\xB8\xBE\x29\x5C"
"\x78\x18\x96\xB3\x51\x0A\xAF\xC4\x4E\x02\x4D\x51\xD0\x10\x0B\xB8\x88\xA0\x12\x40\x33\x32\xF3\xE4\x0E"
"\xCF\x45\x10\x5A\xD0\x1E\x12\x0C\xB8\x73\x70\x4E\x60\x7F\x0C\x75\x0B\x82\xED\xAB\xA3\xBF\x87\x16\xD4"
"\x66\x3C\x3F\xCC\x1C\x0C\x6B\x8A\xF2\x35\xD7\x84\x93\x9F\x40\x63\x0B\x0E\xFE\xBA\x09\xBB\xF0\x5A\x4D"
"\xC1\x72\x8B\x24\x86\x4A\x0A\xF5\x2B\x61\xB9\x45\x42\x21\xB4\x63\xAE\x05\xB0\x67\x60\xF1\x8C\x03\x0D"
"\xCB\xDD\xC7\x48\x43\xB2\xBF\xCB\xD7\x66\xEA\x34\x85\x86\xC4\xFE\x51\x93\xB0\x74\xEE\xAC\x39\x87\xC4"
"\xAE\xD0\x1D\x73\x4F\x19\x9C\x81\x6C\x74\x01\xA9\x6D\xA6\xA2\x20\x11\xE8\x46\x39\x3D\x71\x21\xF7\x84"
"\x0F\x14\x5C\x08\xA8\x09\x48\x05\x7E\x41\x02\x12\x81\xD7\x7F\x72\xE3\x43\x1C\x62\x33\x7A\x9D\x7F\x25"
"\x90\x78\x43\x51\x14\x24\x02\x1F\x91\x82\x65\xE0\xFB\xF0\xC7\xF8\x18\xA7\x0C\x7C\x21\x61\x59\x5F\xF1"
"\xA8\x45\xB0\x70\x0F\x48\x42\x72\x92\x46\xF0\xFA\x58\x94\x43\x7A\x58\x75\xC1\xA2\xBE\xD2\x22\x08\x70"
"\xE6\x7B\xC6\xB7\xC0\xFD\xBE\x57\x7A\x26\x81\x59\x39\x7C\x7C\x44\x1A\xE6\x81\x88\x0C\xCC\x02\x1F\x29"
"\x68\x0A\x38\x2F\x07\xCD\xC1\xAC\x1C\x1E\x90\x81\x82\x40\x07\x05\x81\x98\x1C\x38\x57\x02\xB1\x3C\x61"
"\x2D\xC6\x24\xC0\x2C\x50\x31\x70\x12\x05\x1A\x38\x4B\x02\x0F\xF8\x49\x14\x58\xD6\xBF\x12\x42\x2E\x10"
"\xA5\x81\x39\x7C\x87\x42\x38\x09\x21\x1F\x98\xC1\x51\x08\x3B\x2D\x84\x95\x40\x94\x06\xA2\x30\x10\xF1"
"\x27\xF3\x76\x9C\x1E\xAF\xDD\x82\x80\x00\x00\x00\x00\x49\x45\x4E\x44\xAE\x42\x60\x82"
}
};

static const binfile_t background_md = {"background_md.png", 1908, {
"\x89\x50\x4E\x47\x0D\x0A\x1A\x0A\x00\x00\x00\x0D\x49\x48\x44\x52\x00\x00\x01\x40\x00\x00\x00\xF0\x02"
"\x03\x00\x00\x00\x0C\x43\x55\xF8\x00\x00\x00\x01\x73\x52\x47\x42\x00\xAE\xCE\x1C\xE9\x00\x00\x00\x04"
"\x67\x41\x4D\x41\x00\x00\xB1\x8F\x0B\xFC\x61\x05\x00\x00\x00\x0C\x50\x4C\x54\x45\x27\xAC\x5F\x2C\xB6"
"\x66\x27\xAE\x60\x2E\xCC\x71\xEA\x04\x76\x9B\x00\x00\x00\x09\x70\x48\x59\x73\x00\x00\x0D\xD5\x00\x00"
"\x0D\xD5\x01\x3D\xD6\x58\xF1\x00\x00\x06\xF1\x49\x44\x41\x54\x78\xDA\xCD\xDB\xBD\x8F\xDC\x44\x14\x00"
"\x70\x0B\x09\x24\xB6\xA1\x42\x94\x91\x90\x52\xC4\x0D\x7F\xC2\x4A\x29\xAF\x8C\x04\x05\xCD\xB5\x60\x0A"
"\x2A\x6A\x87\x44\x28\x70\x14\xD7\x11\x29\x14\x9B\xEC\x2A\xB7\xF6\xDB\x62\xFF\x84\x95\x28\xB7\x42\x11"
"\xA0\x68\x2B\x94\x0A\x6D\x15\xAD\x12\x2B\xB2\xD6\x6B\xCE\x1E\x7B\x3E\x3C\x9F\x9E\x79\xA0\x7B\x45\x72"
"\x77\x7B\xFA\xDD\x78\x3E\xDE\x8C\x67\xEC\xA8\xF6\x8B\x03\xAC\xD4\x1F\xF8\x82\x25\x2C\x71\xC1\xD7\xD8"
"\xE0\x01\x1B\xDC\xC1\x1A\x1B\xBC\xBC\xE1\xE0\x16\x1B\xDC\x63\xD7\xE1\x16\x1F\x9C\xE1\x82\x09\x9C\x63"
"\x83\x1B\x5C\x10\xB2\x29\x32\x88\x5E\x42\x7C\x30\x45\x05\xAB\xFF\x00\xAC\x51\xC1\x23\x64\xB8\xE0\x09"
"\x1F\xCC\x71\xC1\x02\x1B\x2C\x75\xB3\xA8\x3F\xB8\xC0\x06\x91\x4B\xB8\xD3\xCD\xA2\xFE\xE0\x1A\x17\xDC"
"\x06\x80\x7F\x26\x4F\xEF\x47\x51\x04\xF9\xE7\xDC\x0F\xF7\xBE\xE0\xDB\xE4\xFE\x04\xFA\xB8\x7F\x87\xA6"
"\xFD\x44\x37\xA5\x58\xC0\xAF\x00\x32\xE0\xE2\xC1\xB3\x8E\x04\x98\x7A\x80\x6F\x27\x31\x48\x71\xBB\x03"
"\x37\xE3\xC1\x3F\x26\xA0\x8C\x73\x4F\x70\x07\xBA\x78\x7C\x9D\x1B\x74\xF9\x55\x0F\xFE\x0E\xFA\x58\x1E"
"\xB5\xF9\x55\x0B\xBE\x03\x53\x7C\xA0\x4D\x87\x3A\xB0\x88\xC1\x1C\xF9\x38\xB0\x02\xC0\x05\xCF\xAC\xE0"
"\xD5\xA8\xE4\x50\x82\x43\xDC\x72\x07\xAB\xD8\x05\xFC\x71\xE6\x0C\xEE\x9D\x40\x4D\x57\x54\x80\x6F\xC0"
"\x31\x72\x47\xF0\xCC\x15\x54\x66\xED\xC8\xBF\x80\xD7\x99\xE8\xDC\x05\x74\x2F\xA0\xF2\xA2\x25\xF0\xDD"
"\x08\x0F\xE6\x8F\xEC\xE0\xD7\x30\x2A\xA4\x2C\x36\x04\x8F\xE3\x3C\x78\x66\xBB\xE4\x7F\x46\x82\xD2\x64"
"\x35\x00\x2B\x18\x1D\xA9\x11\x3C\x8C\x07\x97\x46\xF0\x62\x3C\x98\xA5\x06\xF0\x08\x1E\xF1\xB3\x01\xDC"
"\xFB\x80\x17\x53\x3D\x18\xFB\x80\xF0\xBD\x16\x7C\xE3\xE5\x41\x3E\xD3\x81\x3B\xF0\x14\x75\xA0\xA7\x07"
"\x57\x53\x35\x78\xF4\x05\xF9\x01\xC8\x83\x2F\xBC\xC1\x7C\xAA\x04\x13\x6F\x10\x1E\xAA\xC0\x0A\x02\x62"
"\xA3\x00\x8B\x10\xF0\x91\x02\xDC\x87\x80\x34\xE9\x44\x28\x55\x08\x2C\x2F\x32\xF0\x14\xE4\xD1\xCE\x1D"
"\xE1\x54\x21\xD0\xB5\x4E\x84\x54\x85\x00\xDF\x0C\xC1\x24\x10\xEC\x9A\x25\x42\xE9\x85\x6D\x5C\x8A\xE0"
"\x31\x18\x9C\x8B\xE0\x21\x18\x24\x37\x57\x14\xFC\x2D\x1C\x5C\x09\x60\x1C\x0E\x66\x3C\x18\xDE\x26\x40"
"\x46\x4B\x84\x33\x4E\x48\xAC\x38\xF0\x35\x06\xD8\x74\xC5\x1E\xDC\xA2\x80\x33\x06\x26\x28\xE0\x82\x81"
"\x80\x13\x69\x0F\x9E\x90\xC0\x75\x0F\x16\x48\xE0\xAF\x3D\x58\x22\x81\x59\x1A\xE1\x24\x43\x1A\xE7\xD8"
"\xE0\x2A\x42\x1B\xC9\x24\x9E\x13\xB0\x4A\xB0\xC0\x3C\x42\xCA\xAE\x03\xB0\xC0\x06\xCB\x1B\x0F\x6E\x6F"
"\x3C\x18\x63\x83\x80\x0C\x9E\xB0\xC1\x23\x36\x58\x60\x83\xE5\xFF\x00\x7E\x7C\x11\x02\xCA\xF7\x78\xCF"
"\xEA\x6A\x12\x00\xCA\xFD\xFA\x7A\x51\x71\x8A\x31\xC1\x99\x6F\x53\x11\x50\xFE\xF9\xC6\x77\x5E\x30\x82"
"\x05\x22\x98\xFA\x0E\xA0\x16\xAC\xE4\x2E\xE2\xBD\x66\x6C\x41\xB9\x24\x99\xF7\x82\x47\x03\x42\x18\x28"
"\x57\xFE\x73\x6C\x70\x11\x06\x0E\x86\xF2\xA7\xDD\x0D\x82\x7F\x2B\x8B\xE0\xB2\xBA\xDB\xED\xB8\x21\x81"
"\xD3\xEB\xBC\x10\x08\x8A\xDB\x2B\x4D\x07\xFC\xA8\x0E\x1A\x29\xDB\x21\xD8\x85\x37\x28\x24\x01\xEE\x10"
"\xB5\x44\x01\xB9\x63\xDE\x31\x37\xA8\xF3\xF3\x84\x81\x67\x9A\x12\x8E\xD8\xAC\x9B\xA7\xDD\xF5\xB4\xA0"
"\xF0\x11\xB7\x47\xEB\x9E\x0F\xEF\xA4\x7D\x9F\x90\xC1\xB5\x07\xF8\x21\x1B\x57\x32\xC8\x3D\x8A\xE4\xBA"
"\x5B\xF7\x3E\xF9\xF5\x84\x82\xC2\x6C\xC4\x6F\x7F\xBA\x15\xB1\xAF\x24\x0A\x8A\x79\x54\x38\x69\xDA\x8F"
"\xF0\x18\x28\x8E\x30\xF1\xF8\xC1\xE1\x70\x85\xEE\x8B\x83\x0B\x68\xEF\xDB\x6C\x43\xD7\x09\xB4\x4F\x2B"
"\xB4\xDF\x1E\x63\x35\x58\x8B\xE1\x0E\xBE\xA2\x25\x3C\x9A\xC0\xD8\x15\xFC\xF2\x82\x82\x42\x52\x19\x1E"
"\xF3\x26\x8E\x60\xFF\x7B\x0D\x58\x9A\x4A\xE8\x08\x26\x57\x5A\x30\x1D\x59\x87\x4F\x9B\xA6\xBB\x4B\xBF"
"\x95\xC1\xE9\xC8\x3A\x6C\xA6\x0C\xEE\x3B\x19\x5C\x8F\x2C\x21\xFC\x50\x4C\x06\xA0\x98\x47\xC5\xE7\x68"
"\xAA\xB1\xAB\x4E\xB9\x84\xF3\x4F\x78\x70\xF4\xC4\xD7\x80\x2F\xC5\x1F\xCD\xD7\xA1\xE0\x30\xD3\x5F\x70"
"\x87\xE5\x05\x06\xD8\xF6\x84\x10\x50\x4A\x7A\x5C\xBB\x94\x37\x02\x94\x6E\x2A\xFC\x66\x52\x06\x4A\x25"
"\x5C\x06\x82\x52\x09\xB9\x89\x6F\xEB\x03\x4A\x25\x24\x1D\xF1\x6D\xF3\x4F\x82\x08\x96\x79\xED\xB1\x28"
"\x56\x82\xB3\xAE\x81\x7F\xF2\x58\xD0\x29\xEB\x70\xD3\xF7\x98\xDB\x09\x26\xE8\x77\x50\xAA\xBC\xE4\x8D"
"\x5F\x03\x53\x50\xBA\x2E\x32\x0B\xEC\xBD\xC1\x3D\x36\x28\x9D\xA4\x90\x69\xE5\xCC\x1B\x94\x2E\x99\xD4"
"\x61\xEC\x0D\x4A\xD7\x46\x86\x1E\xE0\x81\x6D\xB6\xA9\xFC\x41\xB9\x7F\xA4\xB5\xF7\x06\x9B\x1A\x6C\xC4"
"\x91\xA3\xEE\xE9\xC4\x08\xCE\xEB\xFA\xAF\x71\x60\x5A\xDF\x6B\xFF\x5F\x44\xEA\x0E\x77\x67\x64\x15\xDE"
"\xEA\x2B\x7D\x1D\x69\xC6\xD8\x7B\xA3\xBC\x76\x5D\xDC\xAE\x40\x66\x11\xCA\x8E\xEE\x25\x5D\x14\x6C\x70"
"\x40\x32\x14\x12\x34\x30\x63\x33\x5A\x1D\x05\x9C\xA5\x64\x8F\xBF\x23\x9D\x65\x45\x97\x19\x59\x10\xB8"
"\xEC\x9F\x7F\xE9\xA6\xC9\x63\xD3\x3A\x91\xFF\x33\x2C\x40\xD3\x70\x7F\x3B\x17\x08\x2E\xE9\x6A\x6A\x43"
"\xC1\x45\x1D\xF9\xEF\x11\x93\xB4\xD9\xD4\x62\x4A\x97\x05\xAB\x00\x30\x63\x6B\x8B\x7E\x9D\xB1\x87\x87"
"\x75\xE4\x7D\x98\xDE\xAD\xD1\x0E\x1C\xB8\x23\x25\xF4\x04\x2F\x69\x5F\xA1\x37\xA4\xCD\xDA\xC0\xFF\x92"
"\xBB\xA6\x3D\x71\xCB\xBF\x92\xB4\xB2\xE7\x49\x40\xDF\xB4\x31\x5B\xA0\x96\x64\xA4\x78\x82\x7D\xD3\x26"
"\x0C\x2C\xC8\x48\xF1\x4C\xF6\xAC\x69\x57\x28\x60\xCE\x40\xAE\x84\x30\x8D\x7C\x8F\x67\x16\x7C\x5F\x61"
"\x75\x38\x8D\x7C\x27\x4C\x0A\x1E\x04\x70\x1D\x0E\x96\x7C\x3F\x84\xC7\xD2\x56\x95\x6B\xAC\x58\x09\x81"
"\xFB\x72\x21\x6D\x55\x8D\x06\x4B\xB8\x62\xD5\x49\xF6\xBE\x92\x40\x90\x96\x70\x1B\x02\x2E\x19\x98\xF5"
"\x83\x26\x51\x6D\x99\xBA\x06\x3F\xDE\x58\xC6\x0E\x00\xF9\x4B\xFE\x96\x7C\x55\xF5\xE0\x2E\xA8\x84\x3B"
"\x8A\x1F\x41\x7D\x16\xE0\x16\xF4\x19\xC6\x3D\x3D\xDC\x38\x04\x81\x19\x07\x76\xCF\xD6\x6E\x41\x7B\xFC"
"\xE1\x12\x35\x6B\xDA\xAE\x55\xE2\x1E\xF4\xCB\x0E\x53\xD6\xB4\xA4\x12\xDB\x0D\x21\xDD\x11\x92\x43\xB0"
"\x29\xA0\xBB\xE6\xF6\x3E\x84\x9C\x9A\x79\x81\x97\x1C\xD8\xE4\x87\xE2\x09\x05\x83\xB2\x03\x99\x33\xF3"
"\xFC\x17\x92\x11\x02\x40\xA0\x8D\xCC\x07\x01\x8D\x43\xE5\x41\x9C\x3F\x01\xD5\xD9\xB0\xF2\x86\x8B\x80"
"\x86\xE7\xE6\x26\xDD\xBB\x04\x5F\xC8\x64\xBB\x93\x30\xEC\x72\xBA\x03\xEB\x2E\x32\xB6\x0D\x56\xCD\x87"
"\x1F\xE6\xAA\x8B\x23\xA0\x76\x31\x22\xEC\x4E\xDE\x1B\x7E\xFA\x99\xA2\xC7\x99\x9F\x22\x18\x3C\xF4\xFF"
"\x72\xF8\xF9\xB9\x7C\x4C\x6B\x7E\xCE\x61\xF8\x92\xCC\xDF\x83\xCF\x33\xF9\x6E\x86\x80\x9A\x9E\x2D\xBF"
"\x8A\xF1\x0A\x6C\x61\x7C\xF8\x44\xF1\x06\xDD\x5D\x47\x50\x39\xAB\xA8\xDE\xAD\xAA\x1C\x41\xE5\xBD\x8F"
"\xF2\x35\x49\xDB\x1B\x59\x1D\xA8\xEC\x88\xEA\xB7\x8C\x5E\x38\x81\xCA\x9C\x5D\xAB\xC3\x09\x54\x65\x44"
"\xDD\x8B\xA1\x85\x2F\xA8\x7B\xA9\xD1\xFC\xC4\x6C\x07\xAA\xAE\x43\xF7\x86\x9F\x39\xC1\xF7\xA0\xDC\x6F"
"\xB4\xAF\xBB\x99\xB3\x5D\x0F\xCA\xCD\x7C\xA9\x07\x4F\x0E\xA0\x9C\x6F\xA6\x7A\xD0\x74\xCB\xDE\x83\xD2"
"\x1F\xCD\x0C\x9E\xA9\xA1\x7B\x50\x1A\x52\x2B\x13\x68\x58\x00\xF6\xA0\xD4\xCC\x6B\x23\x58\xDA\xC1\x61"
"\xCB\x6D\x8C\xA0\xFE\x20\x88\x82\xC3\x56\xA9\xCD\xB1\xB5\x82\x83\xA4\xBD\xB2\x80\x85\x15\x1C\x54\xE2"
"\xCC\x02\xD6\x76\x50\x6C\xB8\xD4\x06\xEE\xAC\xA0\xD0\x70\x0B\x9B\xA7\x9D\xD7\x18\x28\xBC\xD2\xB4\xB4"
"\x82\xB5\x15\x14\xBA\xF6\xD4\x0E\xBE\xB0\x81\x7C\x4F\xC8\xEC\x9E\x2E\x43\x70\x20\x57\x89\x0B\x07\xB0"
"\xB6\x82\xDC\x9F\x9C\xB9\x80\x3B\x1B\xC8\x3A\x8E\xCB\x15\xEB\xFA\x36\x0F\xD2\xD1\xB7\x72\x02\x2B\x2B"
"\x48\x7F\xE3\x96\x13\x58\x5B\x41\x9A\x71\xDC\x3C\x75\x82\x10\xC0\xAE\x59\x96\x8E\xE0\xCE\x0A\x92\x19"
"\x37\x4B\x1D\xC1\xC2\x0E\xB6\x79\xF3\x33\x47\x4F\xDD\xB5\x45\xB0\x59\x5B\xAD\x6A\x4C\xB0\xAE\xD3\xDA"
"\x3D\x9C\xC0\x31\x11\x63\x83\x8A\xC9\x14\xF2\x7F\x01\x62\x58\x7C\xB7\xF8\x3B\x4D\xB4\x00\x00\x00\x00"
"\x49\x45\x4E\x44\xAE\x42\x60\x82"
}
};

static const binfile_t background_msx = {"background_msx.png", 1816, {
"\x89\x50\x4E\x47\x0D\x0A\x1A\x0A\x00\x00\x00\x0D\x49\x48\x44\x52\x00\x00\x01\x40\x00\x00\x00\xF0\x01"
"\x03\x00\x00\x00\x4B\xE3\x2F\x28\x00\x00\x00\x01\x73\x52\x47\x42\x00\xAE\xCE\x1C\xE9\x00\x00\x00\x04"
"\x67\x41\x4D\x41\x00\x00\xB1\x8F\x0B\xFC\x61\x05\x00\x00\x00\x06\x50\x4C\x54\x45\x20\x77\xB0\x34\x98"
"\xDB\x7F\xB0\x88\xBE\x00\x00\x00\x09\x70\x48\x59\x73\x00\x00\x0E\xC2\x00\x00\x0E\xC2\x01\x15\x28\x4A"
"\x80\x00\x00\x00\x18\x74\x45\x58\x74\x53\x6F\x66\x74\x77\x61\x72\x65\x00\x50\x61\x69\x6E\x74\x2E\x4E"
"\x45\x54\x20\x35\x2E\x31\x2E\x38\x1B\x69\xEA\xA8\x00\x00\x00\xB6\x65\x58\x49\x66\x49\x49\x2A\x00\x08"
"\x00\x00\x00\x05\x00\x1A\x01\x05\x00\x01\x00\x00\x00\x4A\x00\x00\x00\x1B\x01\x05\x00\x01\x00\x00\x00"
"\x52\x00\x00\x00\x28\x01\x03\x00\x01\x00\x00\x00\x02\x00\x00\x00\x31\x01\x02\x00\x10\x00\x00\x00\x5A"
"\x00\x00\x00\x69\x87\x04\x00\x01\x00\x00\x00\x6A\x00\x00\x00\x00\x00\x00\x00\xF2\x76\x01\x00\xE8\x03"
"\x00\x00\xF2\x76\x01\x00\xE8\x03\x00\x00\x50\x61\x69\x6E\x74\x2E\x4E\x45\x54\x20\x35\x2E\x31\x2E\x38"
"\x00\x03\x00\x00\x90\x07\x00\x04\x00\x00\x00\x30\x32\x33\x30\x01\xA0\x03\x00\x01\x00\x00\x00\x01\x00"
"\x00\x00\x05\xA0\x04\x00\x01\x00\x00\x00\x94\x00\x00\x00\x00\x00\x00\x00\x02\x00\x01\x00\x02\x00\x04"
"\x00\x00\x00\x52\x39\x38\x00\x02\x00\x07\x00\x04\x00\x00\x00\x30\x31\x30\x30\x00\x00\x00\x00\xCC\x6E"
"\x16\x7C\x4A\x53\xE8\x1C\x00\x00\x05\xB5\x49\x44\x41\x54\x68\xDE\xAD\xD9\x4D\x92\x9C\x38\x10\x05\x60"
"\x08\x16\x2C\x99\x1B\x70\x91\x89\xA8\x6B\x79\x07\x3E\x81\x8F\x30\x57\x21\x62\x0E\x30\x57\x60\x37\x4B"
"\x6B\x37\x5A\x28\xD0\x74\x81\x32\xF3\x65\xEA\xA7\xE4\x08\xB3\x70\xB7\xBB\x3E\x1E\x42\x4A\x04\xA8\x86"
"\x61\x78\xC5\x18\xDD\xC0\x5B\x2C\x6F\x5F\x9F\x6C\xE9\x67\xDA\x96\x5E\x38\x54\x61\x34\x70\xED\x85\x63"
"\x05\x8E\x16\x96\x23\x4B\x70\x2A\xC3\x29\x83\x77\x87\xE5\x70\xCE\xE1\xD4\x0B\x4B\x91\xD4\xC1\xEF\x8F"
"\x0F\x86\x73\x13\x8E\x41\x22\xB7\x02\x5C\x19\xC6\xBD\x11\x09\x70\x8A\xBE\x11\x49\x0D\x7F\x52\x24\x72"
"\x69\x43\x88\xCC\xE1\x46\x70\x89\xAD\x6A\xA3\x5D\xD3\x47\x52\xC0\x63\x1D\xAE\x51\x45\x9A\xD2\xA0\x3D"
"\xE9\x93\xBD\x16\x99\xFE\x7F\xD1\xB8\xED\xB5\x71\xA4\x02\xA0\x0F\x64\x18\x4D\x69\x00\xDC\x4C\xA2\x8E"
"\xA4\xC1\xA2\x9E\x43\x38\xF5\x42\x15\x99\x3A\xF6\xA2\xB3\x54\x10\x4B\x83\xBA\xAB\x08\xB1\x34\x04\x4E"
"\x05\x08\x91\xA9\x1D\x57\x19\x0E\x19\xE4\x6B\xC7\x40\x29\x8D\xD4\x8C\x8B\xFE\x66\xE0\x60\x61\xAC\x41"
"\x8E\xA4\x5D\xA8\x5A\x2C\x1C\x7B\x21\x57\x5B\x82\x17\x0D\xC3\x03\xFF\xCC\xAB\xAD\x08\x97\xBB\xEC\x74"
"\xA4\xC0\x4D\xE0\xD7\xCF\x93\xE1\x64\xDB\x28\x70\x7E\xF6\xA4\xED\x65\x60\x64\x68\x2A\x78\xD2\x87\x1E"
"\x05\xDE\xD9\xC1\x44\x16\x60\xFA\xCD\xCC\x6D\x7C\xE8\x89\x61\x2A\x19\x33\x11\x71\xA2\x40\xEA\x62\x3D"
"\xB7\x71\xE2\xCC\x9F\xD2\x05\xA0\x23\x39\x51\x20\x97\xB5\x2A\x0D\x86\x0B\x41\x99\x21\xD4\xDC\x96\x43"
"\xB8\x48\x31\x92\xDB\xB8\x12\x84\xEB\x04\x6F\xCE\x9C\xF8\x22\x88\x13\x23\x94\x46\x0E\x71\xBA\x93\xD2"
"\x18\x19\x6E\x04\x71\x7A\x80\xD2\x68\x43\x88\x64\x18\x09\xAA\x1B\x47\xB0\x30\x8E\x0C\xA3\xDA\x0E\x9B"
"\xC8\xD0\xCC\xC8\xC1\xC2\xA9\x02\x25\xD2\x42\x7B\xAF\xF6\x06\xCE\x35\xC8\xD5\x66\x61\x76\x5F\xF5\x1A"
"\xD2\xC0\xED\xF9\x83\xD4\xDE\x0B\x9D\x82\x5C\xFF\x85\x87\x1E\x05\x5F\x0D\xE8\x7A\x61\x44\x48\x23\xBC"
"\x97\x1E\x8E\xCE\x5E\x18\x00\xC6\x5F\x86\x5B\x01\x5E\x50\x66\xBF\x07\xC6\x12\x8C\xBD\xF0\xD7\x12\xBD"
"\x39\xF7\xFD\x86\x3F\x73\x78\x4C\x9D\xD0\x5C\xB4\xF7\xF5\x10\xE3\x3F\x25\x38\x7D\x82\xDF\xEF\x7F\x07"
"\xF3\x5C\xF8\xC0\x1F\x59\xE2\xBB\x83\xD5\x25\x71\xE6\xF0\x3B\x41\x15\xF9\xC0\xA5\x98\xA8\x22\xDF\xA5"
"\x2B\x97\xCB\xBD\x8D\x0C\xB1\x87\x0B\x50\x0E\x8D\x33\xEA\x0D\x43\xE5\xD0\x18\xE9\x73\x88\x2F\x2D\xAB"
"\x86\xBE\x0A\x65\xBE\x0A\x39\xA4\x91\xD1\x91\x37\x74\x05\x78\x98\xC8\x1B\x9E\x05\x48\x53\x37\x95\xC6"
"\x95\xC3\x81\x13\xDE\xDB\x84\xF0\x20\xF8\x53\x20\xCF\xB3\x14\x99\xC3\x74\x29\x78\x13\xF9\x86\x3C\xD1"
"\xDD\xE5\x26\xF7\x9B\x67\xDB\x0A\xF0\x07\x42\xBA\x5F\xCA\x6D\x3C\xF2\x98\xFE\x05\x87\xB6\x91\x5F\xFF"
"\xE3\x3B\xF5\x53\x6E\xDC\x7C\x8A\x5C\xE8\xE4\x6A\x90\x6E\xC1\x63\x06\x9F\xD9\x59\x20\x75\x3A\xC1\xA0"
"\xE1\xAE\xC6\x97\xE1\xD7\x5E\x9E\x60\x78\x12\xA5\xB6\xF0\x6C\xCE\x11\xE0\xD3\x46\x19\xD0\x34\x3A\x37"
"\x74\xD3\xE0\xE8\x23\xBF\x1A\x98\x1A\xF9\xC0\x59\xE0\x53\x6E\x70\xF1\xA5\x61\xBC\xCF\xCE\xAD\xC3\xC9"
"\x70\x35\x30\x9D\xCD\x0D\xFD\x4B\xE0\xF9\xC0\xEC\xF9\xE8\xFE\xB3\xDF\xBE\x5E\x81\xAB\x70\x17\x18\xE2"
"\xC0\x4F\x44\x4F\xB9\xE1\xCB\xDB\x81\x17\x0E\xC0\xF4\x5E\x18\xCD\x69\x2F\xDC\x0E\x7A\x7C\x4B\xEF\x85"
"\x02\x5D\x19\xD2\x9B\xA6\xCC\x62\x1E\x2B\x32\x87\x32\x29\x87\x22\xBC\x08\xCA\x60\x5F\x15\xF8\x9C\x35"
"\x8C\xE1\x85\xD7\x17\xC3\x40\x89\xF8\x42\xD6\x84\xB6\xC7\x47\x03\x3D\x41\xDB\xE3\x16\x3A\x7E\x11\xEF"
"\x86\xD2\x91\xA7\x5C\x0B\x25\xF8\x6A\xC3\x93\xA1\xF4\x8F\x2B\xC1\x83\xE1\x6C\xE0\x56\x83\xF6\x1D\xC0"
"\xC0\x5D\x96\x1F\x36\x0D\x5F\x55\x68\xE6\x00\x03\x61\x41\x63\xAA\xC0\xD5\x42\x3E\x76\x80\x6B\x81\x12"
"\x2F\x84\x74\xDE\x97\x86\x6B\xDA\x19\xD6\x52\x36\x84\x8B\x4A\xD4\x70\xAE\x43\xAF\x57\x67\xD2\xB1\x3F"
"\xC3\x05\xE0\xAC\xDA\xE8\xCC\x7A\xCF\x47\x48\x13\xF2\x2A\x70\x52\xF0\x4C\x3F\xE9\x9D\x68\x2E\x24\xDE"
"\xED\x39\x28\x24\x45\xC2\x82\xC9\x52\x86\x21\x83\xBA\xC3\xE5\xE5\xF6\x80\xB3\xD9\xA5\xF7\x73\x18\x60"
"\x70\x76\xD5\x01\x0B\xEE\xC0\x91\x0C\xCD\x32\x18\x40\xAF\xE1\xA4\xE0\x05\xF0\x39\x20\x2F\x8E\xCD\x75"
"\xE8\x55\xE2\xAA\x60\x40\x28\x4B\x0B\xBC\x18\x11\x63\x6A\x84\x86\x0E\xA1\x3C\x2C\xBC\x7F\xF5\x0A\xAA"
"\xE5\x36\xF9\xD3\xBB\xB9\x4E\x43\x27\x1D\x0E\xCF\x29\xEF\x3F\x1A\x18\x65\x08\x67\x84\xCB\x5D\x0A\xEA"
"\x0D\x9C\x6B\x6B\x41\x38\x64\xF0\xD2\x95\xC0\x70\x3D\x86\xE2\xEA\xB6\x9C\x34\x3D\x52\xD6\x61\x54\x70"
"\x18\x6A\x70\xEC\x82\x17\xCC\x43\x9F\xE0\xDC\x0B\xD7\x02\xCC\xDF\x08\xC3\x90\x3D\x81\x95\x13\x43\x71"
"\x4D\xA7\x0C\x63\x17\xF4\x70\x63\x6C\xB6\xD1\xC3\xAD\xA4\xB9\xA2\xEF\x70\x45\xB3\xB1\x56\x4E\xB7\xBD"
"\x07\xB6\x96\xDF\x4F\xB8\x81\x0E\xAD\xE5\xF7\x13\x57\x5D\x71\x21\xCD\x9E\xF7\x31\x2A\x58\x5F\x7E\xC7"
"\x37\xD3\x77\x78\xB5\x2B\x71\xBD\xE4\x0D\xAB\x91\xEA\x0A\x8E\xF5\xC8\x0B\xC7\xE0\x86\xD9\x82\x28\xC1"
"\xCD\xC0\xAB\x3C\x8E\x01\xFB\x8B\x9F\xC7\x0B\x91\x7E\xCA\x20\x44\xC2\xD1\x1C\x9D\xF4\x7F\x0C\x63\xB1"
"\x34\xF8\x6D\xEC\x5F\x81\xC5\x2F\x7B\x0E\xEA\x83\xBF\x05\x16\x23\xF9\x25\x68\x02\x58\x88\xE4\x65\xBC"
"\x0B\x61\xA1\xDA\xC2\x88\xBF\x30\xCC\xAB\x8D\x7B\xC7\x2B\x98\x47\x9E\xD4\xDA\x53\xC3\xAC\x34\xF8\xA4"
"\x8F\x41\x41\x5B\x1A\x52\x12\xBB\x81\x26\x32\xC0\x1C\xBA\x29\x18\x75\x69\xDC\x2D\x7B\xF6\xB0\x50\x97"
"\x06\x57\xB1\xCF\xA0\xAA\x36\xC7\x43\xE4\xEE\x23\xA8\x4B\x14\xD6\x58\xFF\x90\x8E\x3F\x73\x88\xCB\xB6"
"\xEA\x46\x6F\x21\x7E\x27\xA5\x6E\x1C\xAB\x85\x01\x21\x1C\x26\x83\x18\xC9\x25\x31\xE0\xC2\x79\x94\xAE"
"\xC0\x2E\xA2\x3F\xE5\xB0\xF0\x6D\xE5\x59\x86\x79\xB5\x1D\xCF\x4E\xD9\x54\x97\x55\xDB\x5E\x81\x59\xB5"
"\xA5\xF6\xE6\xF3\xB1\xE9\xF1\x50\x85\x4E\x9F\xB7\xAF\x42\x13\xE9\x52\x2B\x0A\x50\x57\xDB\x59\x87\x7A"
"\x6E\x3B\x52\x57\x15\x20\x44\xCE\xFC\x74\x52\x84\x38\x6B\x5C\x2D\x88\x13\x11\x3F\x9F\x16\x21\x44\x7E"
"\x6B\xC2\xFC\x8B\xB6\x1A\xF4\x16\xBE\x2A\x30\x8B\xAC\x42\x1B\xB9\xD6\xA0\x8D\xAC\x43\xD7\x0B\xA3\x86"
"\x4B\x1D\xBA\x5E\x78\xF5\x42\x9C\x88\xDE\xD5\x51\x87\x2A\xB2\x05\x55\xE4\xD4\x82\x38\x11\x35\xA1\xFE"
"\xBE\xBD\x05\x21\x72\x6C\x42\x88\xFC\x00\x71\x22\x6A\x42\x9C\x88\xDA\x50\x22\xC7\x36\xC4\x6A\x6B\x43"
"\xD7\x0B\x63\x37\x74\xBD\xF0\xEA\x85\x52\x1A\xB1\x37\x32\xF6\x46\xC6\xDE\xC8\x8F\x50\xBD\x99\x37\xB7"
"\xD0\x0B\x79\x76\xFE\xB8\xF9\x5E\x88\x4B\x01\x1D\x91\x3D\x30\x76\x43\x37\x0C\xFF\x03\x8E\xD5\x38\x82"
"\x87\x19\xC2\x7D\x00\x00\x00\x00\x49\x45\x4E\x44\xAE\x42\x60\x82"
}
};

static const binfile_t background_nes = {"background_nes.png", 1843, {
"\x89\x50\x4E\x47\x0D\x0A\x1A\x0A\x00\x00\x00\x0D\x49\x48\x44\x52\x00\x00\x01\x40\x00\x00\x00\xF0\x01"
"\x03\x00\x00\x00\x4B\xE3\x2F\x28\x00\x00\x00\x01\x73\x52\x47\x42\x00\xAE\xCE\x1C\xE9\x00\x00\x00\x04"
"\x67\x41\x4D\x41\x00\x00\xB1\x8F\x0B\xFC\x61\x05\x00\x00\x00\x06\x50\x4C\x54\x45\xC2\x36\x27\xE8\x4B"
"\x39\x01\xBA\x43\x0F\x00\x00\x00\x09\x70\x48\x59\x73\x00\x00\x0D\xD6\x00\x00\x0D\xD6\x01\x90\x6F\x79"
"\x9C\x00\x00\x06\xB6\x49\x44\x41\x54\x68\xDE\x8D\xD9\x41\x92\xA5\x36\x0C\x00\x50\x33\x24\x45\xAA\x66"
"\xF1\x97\xC9\x8E\x13\xA4\x72\x04\xE6\x26\x73\x85\x9C\x20\x90\x55\x96\xB9\x42\x6E\xD2\xCC\x0D\x52\x95"
"\x0B\x78\x99\x25\x4B\x57\x8A\x8F\x83\x2D\xC9\x96\x6C\x19\x60\xD5\xFD\xFB\xB5\x00\x4B\xC8\xC6\xDF\x78"
"\x3A\xF6\xCE\x37\x8E\xDD\x84\xE3\x01\xFC\xEB\x21\x84\x80\x0F\xA0\x7D\x08\x0F\xF3\x10\xDA\x87\x90\x02"
"\xDE\xC2\x0D\xD8\xC0\x60\xAF\x42\x8C\x37\x67\xE8\x54\xF8\x2F\xB8\xDE\xDF\x9D\x1A\x03\x7E\xBD\x83\x8E"
"\x02\xFA\x9B\x6B\x5C\x00\x4E\x1C\x3A\x25\x22\x66\x2F\xFC\xE5\xFA\xD4\x6B\x0A\xE8\x2F\xEF\x9A\x05\xBC"
"\xBE\x46\x0C\x38\xFA\x9B\x88\xA2\x1C\xAE\x22\x5A\x16\xF0\xEA\x66\x28\xE0\x5C\xC0\x6A\x78\x30\xE0\xCB"
"\xFB\x9B\x6B\xA4\x72\xF0\x37\xD7\x48\xF5\xE5\xEF\x20\x06\x9C\x6A\xD8\x5D\x05\x6C\xC3\x5C\x0E\x25\x94"
"\x37\x93\xEB\xEB\x26\xE2\xC2\x07\xFB\x02\x62\xC0\x4F\xFE\x0E\xAE\x65\xC0\x06\xE4\xF5\x55\xC3\xBE\x0A"
"\xF8\xF2\x37\x11\x29\xE0\x7C\x07\x6D\x1D\x50\x85\x55\xFF\x6A\x41\x5B\x0E\x76\x0B\x9A\x87\x70\xBB\x81"
"\x47\x27\x03\xE6\xC2\x69\x44\xDC\xEE\xE0\x81\x3F\x2E\x0F\xA1\x23\x27\x87\xB1\x86\x29\x20\xAF\x08\x05"
"\xEE\xC9\xE5\xE2\x56\xE1\x9A\x9C\xC8\x74\x05\x59\x40\x91\xE9\x0A\xE6\x80\x32\xD3\x1C\x86\x1F\x8F\xEC"
"\x86\x0B\x38\xA7\xE9\xEC\x3C\x3E\x9A\xF0\x30\xF3\x45\x40\x19\x91\x05\x9C\x2F\x61\x76\xA1\x72\xFE\x69"
"\xC2\x5F\xC5\x60\xEF\xAD\x0A\xF7\x46\x06\xB4\xF2\xF4\x0C\x2E\x22\xE0\x51\xE4\x50\x8D\x18\x2A\x73\x2B"
"\xAA\x82\x75\xB3\x0C\x7F\x81\xA1\x6F\xC0\x2F\x65\xC0\xC6\x73\xCD\x02\x8E\x78\x1D\x7A\x03\x90\xE5\xE0"
"\x9A\xB0\xA8\xAF\xA5\x09\x65\xF6\x5C\x9D\x6F\xD3\x0E\xA8\x42\x19\x10\xFF\x4D\x89\x48\xF5\xB5\xC2\x5F"
"\xD7\x26\xA4\xD9\xC7\x62\x39\xC0\xD1\xD7\x10\xFF\xF2\x61\x79\x40\x05\xA6\xE9\x6C\xC3\x72\x68\xC1\x74"
"\x1B\x7B\xCF\x6F\xAC\x2B\x21\x9B\xCE\x3E\xF8\x93\x58\x41\x39\x3F\xDA\x26\x74\xF2\x63\xD3\x84\x32\xE0"
"\xD6\x84\x7B\x2B\x60\x09\xE5\xFC\xB8\x35\x21\xA5\x01\x7F\x5F\x9A\x50\x06\x64\x75\x5E\x0E\xB8\x0C\x68"
"\xEF\x20\x15\xF3\xCA\xE1\xA0\xC0\x59\xB9\xC4\xE2\x71\x8D\xC7\x67\xAF\x41\x5F\xC3\xB9\xBC\xE4\xEA\xCC"
"\xBE\xF8\x88\x43\xD9\x22\xE3\x47\x93\x06\x95\xA5\x5A\xEF\x35\x58\xF4\x5C\x19\xD0\x37\x03\xFA\xE2\xA3"
"\x0C\xA7\x1A\x8E\x1A\x0C\x79\xFE\x5B\x42\x6D\xED\x86\x3D\x77\x12\x70\xD4\x20\xB4\x48\x71\x2E\x75\x79"
"\x89\x2D\x52\x2C\xB9\xE4\x24\xBA\xE6\xEC\x9D\x25\xCC\x73\x53\x4C\xA2\x2B\x0F\xF8\x00\x7A\x28\xE1\x5B"
"\x48\x2D\xF2\x02\x5A\xCA\x9E\x2B\xB3\xA3\xC1\xD4\x73\xEF\x60\xEA\xB9\x37\x30\xB7\xC8\xAE\x0D\x37\xC8"
"\xDE\x7F\xE6\x01\xFC\x3E\x05\xE4\xF0\xA8\x21\xEB\xB9\x62\xC1\x2D\xA1\x33\xA2\xE7\xB6\xE1\x91\x66\xCC"
"\x02\xBA\x12\x76\x3C\xE0\x05\x8C\x87\x29\xE1\x5B\x87\xAC\x45\xE2\x93\x68\x47\x15\x2E\x15\x3C\x93\xAA"
"\x40\xDE\x22\x67\x3C\x45\x5F\xDD\xB5\x0C\x48\x2F\x99\x2A\x14\x3D\x77\xC6\x6B\xEE\x14\x28\x5A\x29\x9D"
"\x42\x81\xBB\x29\xA1\x8B\xB9\x2C\x73\x2D\xA6\x0F\xC8\x75\xBC\xE6\x1B\x18\xF2\x0E\x05\x52\xC3\xAA\xDB"
"\xEF\x4F\xE0\x0C\x97\xF8\x73\xB8\xD8\x2B\xD8\xE3\xBD\xC4\xA5\x64\x09\x97\x7A\x14\xFB\x13\xCF\x57\x11"
"\xE1\x19\xDC\xCE\x44\x1F\xD7\x11\xA1\x3B\x86\xE6\x77\x5C\x46\x4C\x2F\x4C\x61\xC7\x65\xBA\x80\x69\x45"
"\x70\x5E\xEA\x7A\x01\x63\xCF\x9D\x1E\xC0\xF8\x90\x8D\x01\x86\x4F\xC7\x0A\xF2\x27\xD5\x85\xD4\xC4\x7D"
"\x0E\xDB\x86\x3F\x7A\x28\xD8\x5B\x18\x03\x26\xB8\x35\x21\xB6\xC8\x1E\xDF\x2B\xB7\x57\x82\x6F\xB9\x9C"
"\xC1\x16\xD9\xD5\x70\x7D\x71\x48\x2D\xB2\xC3\x37\xFE\x0C\x0F\xEA\xAE\x1B\x0D\xF6\x8E\x83\x59\x40\x4B"
"\x19\x73\x3C\x60\xB8\xA7\xD8\x8D\xB6\x81\xA0\x11\x30\xB7\xC8\x12\x5A\x01\x59\x8B\x2C\xE1\x62\xA8\x73"
"\x39\xC8\x5E\xDE\x2F\x80\x46\x88\x70\x37\x09\xEE\x22\x60\x18\xA6\x08\xFB\x04\x3F\x65\xC8\x7B\xEE\x0C"
"\x4F\x15\x41\x17\x76\x2C\x67\x1C\xA7\xCE\xB3\xA7\x1B\xE1\xDA\xD3\x3A\xBC\xF7\x4B\xEE\x85\xAC\xE7\x9E"
"\xF7\x1F\xFE\xB0\x74\x04\xA7\x04\xBF\xE5\x80\xFD\x12\xE1\xC4\xE0\x79\xBA\x95\x2D\x88\x68\x79\xBC\x46"
"\x38\xC6\x05\x05\xC0\x21\x56\x3B\x1D\x69\x01\x6F\x23\x7C\xC5\x0B\x8F\xF0\xAC\x4B\x0E\xBF\xD0\xC3\x60"
"\xC3\x08\x2C\x43\x9C\xA6\x20\xE2\x8B\xC3\xFC\x46\x10\xE1\xDA\xC5\x9B\x4D\xD0\x4E\xFE\x77\x80\x79\x01"
"\x12\x57\x3E\xE7\x85\x2E\x02\x8E\x38\x43\xB0\x05\x3C\xC2\x58\x4F\x0C\x2E\x30\xE6\xEC\x61\x08\x7D\x87"
"\x56\x0F\x90\x99\xF3\xAE\xB7\x9F\xA0\x39\xF0\xED\x49\x97\xE0\xC4\x20\xE4\x41\xBC\x3A\x24\xD8\x79\x09"
"\x47\x2F\x5F\x5A\x12\xA4\x9D\xE1\x9D\xC1\x4D\xC0\x01\xE7\xA3\x26\xFC\x4D\xC0\x31\xC1\x3E\x9E\xD2\xBE"
"\xE8\xA6\x53\x55\x0D\xD0\xC4\x25\x1C\x33\xC4\x06\xBB\xC6\x56\x11\xFB\x10\x7C\x70\x44\x18\x87\x33\x42"
"\xDC\xFE\x3E\xE2\x4F\x38\xC3\x00\x0C\x0F\xFA\x39\x79\x13\x0C\x35\x03\x3F\x86\xE7\xE7\x4F\x09\xDF\x73"
"\x1C\x25\x7A\x72\x43\x1D\x9B\x6A\xEB\x13\xB7\xCC\x22\x84\x25\x52\x80\xE1\xFE\x0B\x88\xBB\xC7\x3B\xC0"
"\xF8\xCB\x59\xF0\x58\x6B\x1C\xE2\x43\x8D\x30\xAE\x43\xD7\x29\x0E\xA8\x84\x8E\x60\x6C\x5C\xB0\x8E\x5E"
"\xA7\x62\xA9\x89\xEF\xAE\x19\x3A\x84\x3F\xC4\x0C\x0D\x1C\x1E\x46\x83\xA6\x86\x3B\x9D\xE1\x00\x38\x30"
"\x28\x36\x7C\x1D\xFD\x1E\x47\x09\xA1\xB6\x33\xBC\xD1\x25\x47\xB8\xB3\x05\x02\x5F\x69\x1A\xFE\x96\x91"
"\x61\xBD\x91\x6B\xA0\xA1\xE4\x21\xD8\xA1\x62\x20\xE0\x2C\xA0\x1D\x2A\xA8\x6C\xE4\x1A\x78\x58\x33\x0C"
"\x13\x89\xB6\x91\x2B\xE0\x82\xB0\xDC\x86\xAF\xE1\x1C\x5B\xAE\xFC\xE6\xA1\x05\xCF\x0A\x61\x01\xBF\x71"
"\xE8\x4A\x98\x03\xEE\xEC\xF5\x17\xEB\x35\x1E\x2B\x87\x30\x8B\x4C\x3A\x9C\x18\xFC\x9A\xE6\x92\x70\x84"
"\xA5\xC5\x2E\xE1\x92\xB3\x67\xF3\x50\x2E\x86\xEF\xC1\x73\x88\x13\x27\xC2\x58\xDB\x2A\x2C\x76\xE3\x96"
"\x02\x8E\x09\xD2\xC4\x39\x50\x40\x83\xF5\x0A\xFF\x17\x20\xCD\xE8\x90\x1F\x80\xAB\x49\x13\x2D\xFC\xDF"
"\x44\x30\x4D\x9C\x11\xE2\xEC\x9B\xE0\x9A\xA1\x17\xBB\x71\x56\xC2\xDD\x24\x98\x77\xE3\x7A\xCF\xBE\x77"
"\x45\x68\xA1\x0C\xAC\x61\xDB\x7B\x6C\x96\xF7\x7C\x37\xCE\xE7\x51\x5E\x12\x4C\xEB\x10\x9F\x26\xA2\x0E"
"\x92\xC5\xB6\xF7\x02\xDC\x6A\xF8\x02\xC8\x77\xE3\xBA\x94\x7C\x0F\x85\x1D\xE1\x9C\x06\x29\xBD\x5B\x74"
"\x69\xD9\xE0\xB1\x0C\xCF\x4B\xC1\x74\xF1\x80\x61\xA2\xAE\x61\x2E\x7D\xB6\x1B\x47\x77\x1F\xD7\x20\x00"
"\x59\x5B\x60\x3B\x4E\x54\x4C\x11\x4E\xDE\xCD\x69\x38\xBD\x97\xBB\x39\x74\x05\x00\x17\x01\x6D\x05\x27"
"\x84\x8E\x56\x42\xCD\x80\xB0\xA0\x82\x39\x3D\xC1\xAD\x82\x23\xC2\xEF\xD2\x1C\xA4\x07\xA4\xAC\xD0\x64"
"\x85\xC3\xE3\xB4\x80\x1A\xB4\x5A\x40\x4F\x35\xCF\xE0\x5A\xBA\x17\x87\x63\x5E\x9D\x55\x70\x26\xE8\x4C"
"\xC7\x17\x5D\x8B\x16\x10\xE1\x6B\xBB\x80\xF9\x7B\xD7\x73\xEA\xE6\xB0\x70\xD8\x70\xE2\x1D\xFD\x41\xAB"
"\x33\x0D\x4E\x0C\xD2\xA2\x4B\x3B\x75\xF1\xBD\x6B\x68\xA6\xAB\x0A\x8B\xEF\x5D\x43\x8F\x5C\x34\x98\xDA"
"\x4D\x86\x87\xD1\xE0\x58\x43\xAB\xC1\xEA\x7B\xD7\xB3\xEB\xA6\xCB\x59\xB5\x80\x09\x76\x56\x83\x72\x76"
"\x8D\x30\xA7\x80\x43\x3E\xBB\xCE\x09\xE6\xEE\xA7\x04\xF4\xE9\x5D\x22\x0F\xAD\xD5\x02\x72\x38\x57\xD0"
"\x73\x38\x11\x4C\x23\x61\xCB\xEC\x71\xE8\xE3\x4C\x05\x47\x7A\x08\x3F\x34\xB8\xE4\xA1\xDD\xB4\x80\x09"
"\xB2\x77\x0A\x82\xC5\xCE\x30\x8E\xFD\xDB\x97\xB0\xDC\x19\x16\x7B\xA9\x70\x15\xB2\xBE\x9A\xD0\xD5\x83"
"\xAD\x43\x3D\x60\xB9\xEB\xAA\x7E\x6B\xAE\xC3\xFA\x6B\x78\x1D\xEE\x4A\xF6\x00\x0E\xCF\x02\x96\xF0\x68"
"\x05\x2C\xA1\xF6\x35\xBC\x06\xDF\x6A\xF6\x00\xF6\x4A\xC0\xCF\xFE\x0E\xB6\x03\x4A\xA8\x2D\x07\x55\xD8"
"\xC8\x1E\x40\x96\x2B\x77\x11\x50\xC0\xAB\x80\x1C\x3A\xB5\x60\x15\xD8\xCC\xDE\x79\x78\xFF\x3F\x7C\x11"
"\xEF\x1D\x4F\x12\x4D\xE2\x00\x00\x00\x00\x49\x45\x4E\x44\xAE\x42\x60\x82"
}
};

static const binfile_t background_pce = {"background_pce.png", 1378, {
"\x89\x50\x4E\x47\x0D\x0A\x1A\x0A\x00\x00\x00\x0D\x49\x48\x44\x52\x00\x00\x01\x40\x00\x00\x00\xF0\x01"
"\x03\x00\x00\x00\x4B\xE3\x2F\x28\x00\x00\x00\x01\x73\x52\x47\x42\x00\xAE\xCE\x1C\xE9\x00\x00\x00\x04"
"\x67\x41\x4D\x41\x00\x00\xB1\x8F\x0B\xFC\x61\x05\x00\x00\x00\x06\x50\x4C\x54\x45\x0E\xA1\x86\x13\xBD"
"\x9D\xDB\xAD\xA5\x5B\x00\x00\x00\x09\x70\x48\x59\x73\x00\x00\x0D\xD6\x00\x00\x0D\xD6\x01\x90\x6F\x79"
"\x9C\x00\x00\x04\xE5\x49\x44\x41\x54\x68\xDE\xAD\xD8\xDF\x8D\x9F\x38\x10\x07\x70\xB3\xE8\x44\xA4\x3C"
"\xF0\xB8\x8F\x34\x72\x12\x29\x21\x1D\xE1\x0E\xAE\x85\xEB\x24\x94\x90\x12\x5C\x82\x1F\x56\x0A\x8A\x10"
"\x13\x7E\xE0\x3F\x63\xCF\x8C\x99\x5B\x1D\x52\xA4\x2C\xFB\xD1\xD7\xF6\xD8\xD8\x2C\x06\xA4\xCB\x0F\x00"
"\x9B\xC9\x97\x08\xB7\x1E\xE0\x5F\x25\xDC\x8D\x12\x3A\x25\x2C\x02\x1B\xB0\xF3\x3A\xB8\x77\x46\x09\x4B"
"\xF7\x3F\x40\x5C\xEC\x26\xAC\x02\x8D\x36\xD0\x68\x03\x8D\x72\x28\x22\xB4\x4A\x48\x03\x05\xB8\xD6\xAC"
"\xE3\xE1\x41\xF2\x46\xA3\x0C\x04\xA3\x0B\x1C\x78\xE8\x98\x91\xB0\x90\xB8\x9E\x87\xB4\x36\x23\x0F\xB7"
"\xCF\xC3\x99\x87\xFE\xF3\x70\xE1\x21\x57\x1D\x65\x22\x28\x13\x3B\x01\xAE\x5A\x68\x95\x90\x4E\x4C\xCF"
"\x43\xAF\x85\x56\x09\xE9\x62\x14\xA0\xD7\xC2\x95\x42\x76\xD4\x4C\xCB\x3C\xDC\xB4\x70\xD5\x42\xAB\x84"
"\xCC\x5E\x62\xD8\xD5\xE3\xB5\xD0\x2A\xE1\x61\x94\xD0\x6B\xE1\xCA\x43\xF2\x70\x09\x2D\x53\xB8\x6B\xE1"
"\xAA\x85\x56\x09\xA5\x96\x09\xF4\x5A\x68\x95\x50\x2A\x0E\x81\x5E\x0B\x57\x25\x94\x5B\xAE\xE0\xAE\x85"
"\x4E\x0B\xAD\x12\x36\x5A\x2E\xA1\xD7\x42\xAB\x84\xA9\x38\xDF\x1F\x60\x6C\x79\x84\x07\x18\xA7\x65\xE6"
"\x26\x08\xC1\xD8\xF2\xC0\xD6\x13\xC1\x3D\x05\x72\xFB\x19\x64\xE8\x52\x20\x07\x51\x62\x28\xCE\xC4\x2F"
"\x8E\x9C\x18\x5A\xEE\xE1\x09\xFA\x1C\xC8\xBC\x52\x20\x78\xB7\xFC\x06\x4F\x30\xB4\x36\x0A\x93\x99\x77"
"\x5C\x9F\x7E\x7E\x80\xF7\x64\xBC\x3F\xC2\x23\xF5\x84\x87\xE9\xE4\xDA\x71\x0F\x99\xA7\x31\x41\x57\x04"
"\x36\xE0\xD5\xD6\xD7\x04\x9D\x04\xEF\x96\x97\x67\x78\x15\x67\x00\x19\x0E\x01\xDA\x32\x50\x84\x57\x71"
"\xBA\xEC\xE8\xF3\x38\xDE\x70\x8F\xFF\x8F\xD7\x26\xC0\x2B\x60\x6A\xC1\x09\xC1\x59\x01\x5D\x35\x16\xBA"
"\xB9\x04\x78\x4D\x04\xB4\xE0\x2C\x40\xF2\x2C\x2C\x19\x76\x1A\xF8\xAA\x77\x8F\x21\x7C\x1A\xC2\x0D\x0D"
"\x81\xD5\xCA\xED\x20\x27\x0E\x1A\x68\x08\xAC\x56\x6E\xAF\x85\x83\x08\x9D\x16\x56\xEB\x6C\x14\x61\xB5"
"\x2A\x26\xB1\x3C\x15\x9C\x45\xB8\x6B\x61\x35\xD9\x8B\x08\xAB\x39\x84\x00\x5F\xF3\xD0\x35\x60\xD7\x80"
"\x45\xC5\x7B\x2D\x1C\x22\x5C\x29\x2C\x2A\x3E\x62\xD8\x7A\x8D\x9C\x1A\x70\x23\x65\x14\xE0\x41\xCA\x28"
"\x40\x20\x65\x64\x37\x80\x12\xF6\x4D\xB8\xD6\xD5\x91\xA0\xAB\xAB\xC3\x6E\x52\xE5\xB0\xE7\x26\xDC\xEB"
"\x41\x4B\x30\x8F\x26\xCE\x99\x04\x6D\x35\x96\x17\xDC\xF2\x3C\x31\xA3\x79\x82\xBE\x1A\x8B\x08\x8F\x72"
"\x5E\xF2\xA9\x50\x43\xA8\x5A\x66\x8F\x0F\xDC\xC9\xF1\x11\x6E\x65\xCB\x32\xBC\x0B\xD4\x2B\x60\xB5\x04"
"\xE2\x59\x78\x75\xFA\xE7\x5B\x35\x1C\xF4\xB8\x63\xF8\x51\x0E\xFE\xB7\xF9\x0B\x78\xB8\x92\xA7\xB1\x84"
"\x71\xDF\x3B\x98\x75\x49\x61\x2F\xCC\xD0\xEB\xEA\x2A\xE8\x8A\x99\xC8\x97\x8F\x07\x52\x3C\x91\x2C\x5E"
"\x7E\xE8\xB2\xF1\xD0\x8C\x9B\xCF\xB9\x52\x56\xE6\x3B\xDA\x87\xA9\xE0\x7E\xFE\x73\x74\x05\xBF\x6A\x31"
"\x15\x70\x3B\x67\xC7\xD3\xD1\x6C\xA6\x86\xFE\x0C\xDB\xE8\x5C\x3A\x04\xEF\x3D\xC5\x9D\x83\xDB\xE8\xB0"
"\x2D\x81\xEB\x09\x77\xB2\x9B\x33\xD0\xDE\x0B\xA9\xAE\x8F\x41\xF0\x5E\x50\x26\xAC\xB8\xD2\x1D\xFF\x09"
"\xCE\x18\xFE\x6D\xC2\x42\x9A\x29\x5C\x30\xFC\xC2\xC0\x63\xB8\xEE\xA4\x45\xE1\xD3\x23\x7C\x94\xEB\xC7"
"\x5F\x13\x9B\xCE\xEB\x04\x97\x1A\x9A\xFB\x00\x04\x0A\xA1\x78\xCC\xB6\x1B\x0E\x02\x1C\x70\x09\x97\xB3"
"\xBC\xE9\x54\x48\xDB\xEB\x05\x5D\x82\xE7\xFA\x3A\x6F\xAD\x79\xB3\x4F\xF0\x1C\xAF\x9D\xB6\x34\x87\xAF"
"\xC9\x9B\xC1\x2D\x3C\x5C\x8E\x0A\xA6\x7E\x94\xF0\x1F\x38\xBA\xBA\xD4\x19\xC6\x9D\xFD\x2E\x4C\x84\xD7"
"\xDD\xB9\x01\x2D\x86\xCB\xE7\xE0\xC1\xC2\xAB\xE7\xC0\xC2\x7B\x4E\xEC\x92\x13\x7B\x2D\x9C\x78\x78\x0F"
"\x71\x45\x30\x77\x71\xBF\xDF\x5F\xAF\x2B\xB4\xB3\xCE\x09\xA2\x47\xD7\x22\x38\x95\xF0\x6C\x07\x07\x66"
"\x18\x0B\xED\xD2\x59\x85\x02\x57\x04\xE3\xED\x98\x08\x36\x4F\xCB\x11\x2A\x65\x51\xCB\x19\xFE\x2A\x02"
"\x33\x8C\xBF\x77\xCC\xA6\x6B\x30\x5C\xEA\xC4\x7C\xB9\x08\xD7\x02\x4E\x6C\x60\x86\xF1\xAE\x9D\xD8\x40"
"\x9A\x48\x0F\x06\xCB\xC2\x5D\x7A\x19\x28\x3A\x7B\xDD\x9E\xD8\xC0\x0C\xEF\xC4\x83\xEC\xE2\x1F\x86\x85"
"\x74\xBB\xB7\x3C\x34\xF5\xBE\x17\x1E\xD1\xC1\xA4\xEE\xCE\xA1\xE5\x0A\x86\xF7\xBE\xE9\x09\xA6\x4F\x22"
"\x15\x24\x4D\xBB\xB8\x56\x4D\xEA\x07\x0B\x43\x60\x07\x08\x4E\x1C\xCC\x6F\x3F\x05\xFC\x71\x15\x03\xBD"
"\x04\x1C\x29\x10\xC1\x11\xF6\xB9\x86\x3E\x05\x16\xD0\xD6\xF0\x40\xB5\x36\xA9\xCB\xFD\xF1\x6A\xDD\xE2"
"\x6D\x24\x04\x0E\x25\x34\xDF\x5E\xB0\x78\x07\x40\x81\x18\x9A\x1A\x6E\x28\xB0\xF8\x3A\x73\xC3\xAE\x0E"
"\x5C\x58\xE8\xF2\x0E\x86\x3F\x68\x55\x70\x2C\x60\x58\x5F\xE8\x54\x48\x8D\x5C\x70\x60\x03\x4B\x38\x60"
"\x18\x02\x67\x11\x8E\x45\xB1\xD3\xD0\x28\x8C\xBB\xDF\x7D\x6B\x96\xE0\x1A\x20\x9E\x3D\x04\x2D\x82\x33"
"\x0E\x9C\x78\x78\xBD\xF2\x2D\xB8\x0D\x10\x61\xF8\x9D\xAB\x03\x8B\x2F\x71\xE7\x10\x0F\x53\x74\x7A\x11"
"\xE0\xEB\x05\xED\xAA\x07\x5A\xB0\x3C\x9C\x43\xE1\x2C\x09\xAC\x60\x98\x32\x26\x10\x8A\xBE\x87\x12\xD5"
"\xB3\x27\xC2\x62\xC1\xB6\xE0\xCA\x04\x52\xD8\xC7\x40\xFC\x87\x42\x82\x1E\x43\x32\x7B\x3C\x34\xBF\xF3"
"\xE8\xDB\xD0\xB0\x81\x01\xD2\xCF\xCB\x6F\xA0\x84\xA3\x12\xD2\xBF\x2D\x04\xF8\xAE\x85\x20\xC0\xFA\xB3"
"\xDF\xA0\x85\x20\xC1\xEA\x4B\xD0\x57\x50\x26\x2E\xCA\xC4\x1E\x94\x70\x91\x21\xB4\x8B\x2D\xC0\x59\x09"
"\x85\x3F\x5F\x29\x9C\xB5\x10\x9A\x30\x7F\xC3\x9C\xB4\x10\x94\xF0\xFD\x01\xAE\xCD\x62\x33\x70\x04\x25"
"\x5C\x94\x70\x80\x27\xE8\x9A\xC5\x26\xB0\x11\x18\xA1\x7F\x0A\x2C\x60\x0F\xCF\x70\x6B\xCD\x5E\x0D\x9B"
"\x81\x11\x1E\x0F\x81\x00\x7F\x00\xAD\xD7\xB2\x4F\xBF\xE8\x73\x41\x00\x00\x00\x00\x49\x45\x4E\x44\xAE"
"\x42\x60\x82"
}
};

static const binfile_t background_recent = {"background_recent.png", 1563, {
"\x89\x50\x4E\x47\x0D\x0A\x1A\x0A\x00\x00\x00\x0D\x49\x48\x44\x52\x00\x00\x01\x40\x00\x00\x00\xF0\x01"
"\x03\x00\x00\x00\x4B\xE3\x2F\x28\x00\x00\x00\x01\x73\x52\x47\x42\x00\xAE\xCE\x1C\xE9\x00\x00\x00\x04"
"\x67\x41\x4D\x41\x00\x00\xB1\x8F\x0B\xFC\x61\x05\x00\x00\x00\x06\x50\x4C\x54\x45\x0E\xA1\x86\x13\xBD"
"\x9D\xDB\xAD\xA5\x5B\x00\x00\x00\x09\x70\x48\x59\x73\x00\x00\x0D\xD6\x00\x00\x0D\xD6\x01\x90\x6F\x79"
"\x9C\x00\x00\x05\x9E\x49\x44\x41\x54\x68\xDE\xED\x99\x3B\x6F\x24\x45\x10\xC7\x7B\x76\x8D\x0C\xD1\x48"
"\x4E\x08\x97\x80\x4D\xFC\x09\xC8\xE6\x08\xCF\x91\x85\x6C\x39\xE3\x72\x4B\xE4\x64\xD3\x96\xBF\x01\xE2"
"\x72\x27\x27\x99\x75\xE0\xC8\xA4\x1E\x3E\x84\x13\x93\x4C\x06\x3A\xE9\xD0\x44\xA7\xD1\x79\x76\x9A\xED"
"\x57\x55\xF7\x74\x75\xF7\x80\x2C\x48\x5C\xC9\xBE\x7E\x5B\xFF\xEA\x47\xF5\x63\x8A\x89\x99\xF6\x02\xBE"
"\x80\xFF\x2D\xB8\xBD\x7B\xB5\xCA\x83\x4F\xA7\x6C\x67\xCB\x0C\xB8\x3D\x66\xC6\x32\x60\x6B\x39\x56\xA7"
"\xC1\x06\xC0\x55\x1A\x04\x8E\x95\x49\x70\xD4\x50\xB1\xFE\x9E\xE7\xC1\xE2\x50\x05\xBB\x9F\x04\x07\x76"
"\x66\x3E\x75\x69\xB0\x2F\xEC\xA7\x61\x99\x04\xD1\xCF\x98\x01\xA1\x53\xC6\x22\x09\xB6\xD8\x7B\x21\xB8"
"\xBD\xFB\xB6\x06\xB0\xF2\xFE\xE7\xD8\x87\x0D\x8C\xC2\x04\xE4\xCE\x18\xFE\x60\x67\xC0\x3E\x80\xF8\x2B"
"\x37\xFF\x79\x3A\xE7\x38\x5C\x05\x01\x36\x52\xE6\xF7\x13\xE6\x1B\x05\x2E\x1E\xAF\x58\x60\x04\xD8\x86"
"\x14\xDB\x63\x55\x08\x76\x53\x6A\xBD\x1B\x5D\x0A\xEC\x5D\x68\x71\x74\xAF\xE3\x21\xC0\x01\xA8\x2F\x4E"
"\x31\x9E\x55\x08\x9A\x39\xFC\xEE\x8D\x70\xAC\xA3\xC0\x86\x2D\x4E\xA7\x89\x43\x82\x84\x3D\xF5\x73\xC0"
"\x5F\xAF\x19\xFB\x26\x07\xEE\x96\x0E\x15\xF1\xE7\x65\x0A\xD4\x13\x47\x5B\xDC\xE3\xDD\xB1\xD7\xEB\x34"
"\xE8\x4D\x1C\x6D\x20\x8D\xF3\xF1\xC3\x09\x31\xD8\xE0\xB1\xD3\x1E\x47\x6A\xE2\xBC\x3E\xDB\x8D\x96\x2B"
"\xAD\x97\x3D\xDF\x8A\x43\x3D\xD6\x1C\xA5\x8F\x43\xEA\x00\xC7\xBA\xB1\x60\xF7\xE3\x94\x3A\xBA\x75\x9B"
"\xD7\x82\xC7\xAF\x5C\x68\xEF\x6D\x74\xAC\x9D\xD9\x7A\x70\x43\xF4\x7D\x57\xFA\x60\xB1\x7E\x23\x48\xEB"
"\x41\x5A\x0A\x6E\x44\xD4\x7A\xF4\xF8\xA5\x48\x99\x03\x26\x39\x31\x80\x74\x31\x13\x4C\xAC\xB3\x13\xB0"
"\x7C\x76\x70\xF5\xEC\x60\xF5\x2F\xC1\x91\x2F\xEB\x59\x60\x63\x56\xE3\x1C\xA8\x16\xAA\x7A\x06\xD8\xDA"
"\xC4\xCB\x81\x2A\x5B\xDD\x2D\x6C\xD8\x27\x41\xB3\x44\x3A\xDF\x8C\xB4\xC7\x0E\x73\x39\x2D\x6D\xD6\xFB"
"\x32\x2B\x6D\x16\x94\x65\x4E\x7A\xB4\x79\x46\x48\xF7\xAB\xB0\x2D\x6E\x4F\xD2\xD2\x90\xBB\xF8\xEF\x91"
"\x04\x61\xEF\xC2\xD6\x00\xE8\x49\xC3\x61\x09\x87\x9B\xEE\x1E\x58\x34\xB0\xD9\xB4\xC7\x1D\xB2\x10\x5B"
"\x66\x76\xE9\x38\x38\xE8\x66\x74\x6E\xB3\x49\xE9\x5E\xF7\xA0\xEC\x4D\xF8\x96\xF4\xD8\x99\xE0\xF8\x0C"
"\x50\x7D\x6A\x9D\x8E\x24\xFB\xB1\x31\x9E\x7A\xA7\x7F\x48\x8F\x8D\x19\xE4\x31\x07\x72\xDB\x7F\x1C\x3B"
"\x92\x04\xC1\x51\x83\x1D\x49\x81\x23\x8C\x71\x8B\x13\x2D\x02\xEE\xDA\xF2\x5E\xA8\xE6\xA7\xC0\x41\x0D"
"\x88\x84\x07\x1C\x1A\x0A\xEC\x95\x1F\x09\x8E\xD8\xE3\x34\x58\xCC\x03\x3B\x09\x8E\x0A\xE1\x30\x34\x14"
"\xD8\xAA\xDE\x51\xC8\x2C\x50\x7A\x6C\x20\x19\x28\x50\xFF\xAA\xC0\x16\xB3\x66\x49\x81\x2B\x2B\xDD\xC1"
"\x60\x53\x1E\xB9\x3E\x02\xCE\x06\x2B\xD5\x53\x36\xBD\x46\x90\x2E\x1D\xB0\xB6\x1E\x07\x9C\x3E\xD6\xE3"
"\x80\x1E\x99\x0B\x16\x09\x69\x73\xF0\x95\xD2\x23\xCE\xB3\x50\xDA\xFC\xA8\x3C\x12\x20\x4A\xBB\xA0\xF1"
"\xEE\x35\xC6\x01\x97\x04\x88\x8D\x01\xE9\xC1\x05\x39\x0B\xA4\x63\x60\x3D\x95\x76\xC0\x7D\x04\x1B\x58"
"\x7D\xC2\xC6\xE4\x40\xF0\xD8\xA7\xC1\xDE\x01\x4B\x17\xAC\xA2\xD2\x3D\x5B\x48\x92\x9B\x75\xAA\x8A\x49"
"\xFF\x69\x96\x6E\x96\x03\xB9\xD9\x0C\x66\x83\x59\xE9\xC6\x03\x3B\xC8\x57\x12\x84\x9C\x49\x81\xAD\x59"
"\xE2\xB3\x1E\x3B\x0B\x96\xFA\x53\x95\x02\xEB\x39\xD2\x66\x93\xC9\x4B\x0F\x16\x2C\x7D\xF0\x72\x0A\x8E"
"\x66\x07\x9C\x7A\x2C\xA6\xA0\xB0\xDB\x56\x4E\xDA\xEE\x19\x53\x69\x0A\x54\xF3\x91\x2F\x7D\xF0\xC2\x82"
"\xB0\x47\x99\x35\x91\x17\xB4\xC7\x11\x3C\xB6\x6E\x5A\xA5\xA4\x3B\x0B\xEA\x75\xAF\x8A\x4A\xF7\xFA\x37"
"\x1D\x2A\x4E\xB3\x8B\x40\x1A\xC0\x02\xE3\x10\xF4\x02\x50\xEB\x36\xC9\x57\xC2\x23\xEE\xCC\xCC\x84\x2A"
"\x3D\xA7\x40\xF3\xE4\xA3\x57\x13\x3D\x91\x0A\xFA\xBF\xC2\x0C\x25\xE6\x35\xE1\xF1\x52\xBF\x70\x39\x8B"
"\x70\xA5\x20\xC0\x3F\xF4\x4B\x2B\x83\x0C\xC1\x21\xB8\xCF\xF4\x32\xC9\x60\xD9\x23\xFA\xD1\x9A\x3A\x31"
"\x10\x60\x78\x43\x92\x63\x83\x2B\x6E\x02\x94\xBB\x2C\xAE\xE1\x09\xB0\xDB\x49\xCF\x02\x07\x56\x3A\xFB"
"\x4C\x02\xDC\xA5\xF6\x4C\xB0\xA9\x70\x2F\x4C\x82\x5D\xE5\xEC\xAE\x29\x70\xA8\x71\xBF\x4E\x82\xEE\x09"
"\x80\x02\x31\xA1\x32\xA0\x73\x34\x71\xDE\x36\x14\x38\xCD\xF1\xA8\x34\xBC\xC7\x93\x14\x0D\x2E\x09\x90"
"\x5B\x10\xAF\x05\x3D\x0E\xB0\x73\x10\xFF\x2D\xF4\x88\xE0\xE0\x80\x56\x5A\x38\x37\x12\x38\x87\xF6\xCE"
"\x65\xA1\x09\xA5\xF1\x78\xE9\x04\x41\x75\x8F\x7B\x6A\xC6\x7B\x0A\x0F\xA5\xC9\x73\x38\x34\x46\x38\x77"
"\x40\x38\xD0\xBB\x57\x24\x22\x46\xF2\xAE\x80\xD2\x3E\x68\x6F\x1F\x98\xC4\x0D\x11\x63\x6B\x80\x96\x02"
"\x5D\xE9\x9E\xB8\x21\xA1\x47\x1F\x0C\xEE\x5C\xA4\xB4\xB9\xC5\xB5\xDE\x2D\x97\xF2\xA8\x9E\x8D\xD7\x23"
"\xCB\x82\x82\x87\x37\x4D\x1A\x24\xEE\xAE\x34\x48\xDC\x86\x69\x10\xEE\xD7\xEE\x1D\x90\x02\x89\x1B\x3B"
"\x0D\x12\xCF\x00\x68\x90\x78\xAA\x10\x01\xC3\xE7\x14\x11\xB0\x0B\xDA\x22\x5A\x12\x1C\x83\x10\x45\x53"
"\x53\x60\xF8\x74\x26\x22\xAD\x83\x5C\xCD\x00\xC7\xA9\xB2\x7A\x88\xAA\xBE\x99\x3C\xDB\xBB\x9A\xD6\x69"
"\xC0\xE3\xA5\x0F\x8E\xFC\x33\x21\x66\x48\x87\x16\x93\x8E\x83\x97\x19\xF0\x9F\x4B\x5F\x3C\x17\xF8\x7F"
"\x49\xCB\x3A\x40\x9D\x93\xB6\xCF\xD2\xD3\x1E\x3F\x3E\x30\x27\xD1\x62\xA0\x14\x64\x39\xD0\x16\x1E\xD2"
"\xA0\x5B\x78\xD0\xB6\x38\xBA\x9A\x82\x44\x1D\xE0\xE0\xB4\x7E\x3A\xE7\x1E\x48\xD4\x01\x8E\x6E\xC4\x5F"
"\x0F\xBE\xB4\x1F\xBB\xB4\xE2\xF0\x56\x9C\x5F\x4F\x62\x0C\x6A\x18\x07\x1B\x21\xCE\x9D\x30\x68\x70\x27"
"\xF8\xB8\xA1\x5B\x8D\xE0\xDE\xE6\x5E\x3C\x06\x61\x4C\xC1\xF5\xA9\xF8\xB8\x09\xC2\x98\x80\x8B\xA3\xDB"
"\x48\x29\x45\x5A\x65\xC1\xCD\xFD\xD3\xF9\x15\x8B\x1B\x78\xA4\x05\xA3\x31\xE6\xC1\x26\x05\x1D\xDC\x88"
"\xBC\x47\x5D\x0E\x19\x24\x94\x00\x6D\x39\x64\xBC\x2E\x12\xE0\x6B\x53\x05\xFE\x24\xDB\x09\xE0\x24\x46"
"\x5B\x27\x14\x9B\x9F\xF5\x17\x4B\xCA\xA3\xAD\x1D\x6D\xBF\xC3\x8E\x2D\x03\xF0\x27\x53\x3B\x7A\xFF\xCE"
"\x93\x28\x3D\x69\xA8\x1D\x9D\x04\x93\xA2\x42\x10\x62\xFF\xE5\x55\xD8\xB0\xB7\x02\x40\xBD\x07\x3C\x10"
"\x93\x02\xEA\x91\x0A\x6C\x4B\xB1\x3D\x21\x26\xC5\xFA\x0C\xB3\x53\x83\x05\x23\x04\xFD\x1A\x95\x02\x83"
"\xB2\xAC\x53\x4B\xF5\x40\xAF\x2C\x0B\x7D\x44\x80\x43\x18\x3B\x0D\x9A\xA7\xE5\x5F\xDF\x88\xB8\x69\x90"
"\xC7\xEB\x6B\x3E\xF8\x49\x64\x8D\x89\x99\xF6\x02\xBE\x80\x13\x13\xE2\x6F\xCA\x48\x2D\xED\xDB\x94\xFF"
"\xC3\x00\x00\x00\x00\x49\x45\x4E\x44\xAE\x42\x60\x82"
}
};

static const binfile_t background_sms = {"background_sms.png", 1694, {
"\x89\x50\x4E\x47\x0D\x0A\x1A\x0A\x00\x00\x00\x0D\x49\x48\x44\x52\x00\x00\x01\x40\x00\x00\x00\xF0\x01"
"\x03\x00\x00\x00\x4B\xE3\x2F\x28\x00\x00\x00\x01\x73\x52\x47\x42\x00\xAE\xCE\x1C\xE9\x00\x00\x00\x04"
"\x67\x41\x4D\x41\x00\x00\xB1\x8F\x0B\xFC\x61\x05\x00\x00\x00\x06\x50\x4C\x54\x45\x24\x81\xBA\x31\x99"
"\xDB\x53\x38\x7C\x9B\x00\x00\x00\x09\x70\x48\x59\x73\x00\x00\x0D\xD6\x00\x00\x0D\xD6\x01\x90\x6F\x79"
"\x9C\x00\x00\x06\x21\x49\x44\x41\x54\x68\xDE\xED\xD9\x3D\x72\xDC\x36\x14\x00\x60\xD0\xCC\x0C\x32\x93"
"\x82\xA5\x4B\xB4\xE9\x72\x83\x85\x6E\x92\x6B\xA4\xD0\x98\x9B\x51\x91\xD2\x57\x70\x99\x5B\x84\xBE\x81"
"\x6E\x60\x7A\x5C\xC4\x9D\x59\x68\x26\x94\x4C\x11\x79\x7F\x20\x7E\xF8\x87\x26\x4D\x66\xE9\x42\x6B\xED"
"\xB7\x6F\x09\xE0\xE1\x01\xA0\x94\x2B\xBC\x6E\xF0\x06\x6F\xF0\x06\x6F\xF0\x06\x6F\xF0\x3F\x82\x7D\x5B"
"\x08\xAF\xBA\x14\x56\x85\x50\x95\xC3\xA1\x18\x36\x65\xB0\xEE\xAB\x12\x38\x03\x54\xA6\x14\x56\xA5\xF0"
"\x38\xA4\x87\xBA\x53\xAA\x3E\x87\x13\x41\x65\x4B\x61\x5D\x0A\x8F\x42\x32\x1C\x55\x73\x45\xA8\x4B\xA1"
"\x6A\x4B\xA1\x3E\x85\x86\xA1\x3A\x81\x83\x32\xEC\x54\x53\x0A\x55\x31\x6C\x4E\xE0\xC5\xC3\xEA\x10\xF6"
"\x01\xEE\xA5\xC6\x1A\x56\xA5\x70\x27\xA4\x87\xF7\x01\xD6\x07\xB0\x8B\xE1\x76\x6A\x6C\xC1\xBA\x14\xAA"
"\xBF\x76\xE1\x55\x8D\x31\xD4\xA5\x70\x2B\xDB\xB6\xA1\xDD\x85\x55\x0A\x2F\x7B\x10\x4A\x4F\x02\xEF\x9B"
"\x52\xA8\x8E\xE1\xAF\xEE\x83\x87\xCD\x0E\xC4\x8A\x82\x1D\x3D\x31\x9C\xD6\xA9\x41\x90\x4B\x0F\x65\x03"
"\x4F\x9D\x71\x9D\x1A\x31\xC4\xDE\xEB\x3D\xAC\xF6\x21\xBD\x35\x7A\x98\xF7\xA5\x40\xAC\x28\x9A\x5F\xC2"
"\x45\xBD\x9A\xA5\x06\x41\x2E\x3D\xDC\x50\x82\xC3\x7A\x78\x22\xC8\x6F\x74\x0B\x4C\x43\x0A\x6C\x3A\x9F"
"\x09\xFD\x02\xD3\xD4\x50\xDC\x02\x28\x3D\xD2\x4C\x34\x75\xBF\xCE\xB6\x00\xE9\x9B\x2C\x75\xB9\xC0\x24"
"\x64\x0A\xE7\x86\x9A\xED\xE1\xDB\x35\x84\x62\xD6\xAC\xA1\xCA\x21\x95\x1E\xC3\x10\xFB\x87\xEB\x34\x5C"
"\xCD\x2E\x34\xD4\x3F\x0B\x54\x5B\xD0\xBA\x6F\x6E\xCA\xA1\xC9\xE1\x05\x9B\xF8\x37\x41\xB8\xBF\x66\x81"
"\x55\x0A\xA9\xF4\x38\xF7\x85\x20\x74\xA4\x14\xF4\x24\x64\x0C\x07\x37\xDA\x1C\x56\x2B\x08\xBF\x19\x5A"
"\x84\x63\x02\x97\xD4\x20\x88\x15\xA5\x8E\xA0\x89\x60\xBD\x05\xED\xD8\xD2\xB4\x31\x4A\xAD\x42\x2E\x10"
"\x32\x60\x6C\x87\x96\x52\x37\x81\x75\x02\x27\x84\xCF\x6E\x0B\x4A\x6A\x10\xC4\xD2\x03\xA3\xF5\xDD\xCD"
"\x0C\x2F\x09\xD4\x2B\xE8\x6F\x3B\x83\x1C\x32\x87\x30\xDA\x2B\xA8\x03\x84\xDC\x97\x21\xE8\x0D\x7C\x2C"
"\x83\x6A\x81\x2A\xC0\xCE\x02\x7C\x97\xC1\x26\x87\x53\xED\x7A\xB7\x01\x55\x0C\x2D\x65\x11\x8C\x37\x74"
"\x56\xDB\x65\xD0\x78\x08\xB9\x6F\xA1\x0F\x3B\x65\x9F\x09\xBE\x64\xB0\x62\x38\x33\xD4\xF0\xA5\xF6\x3B"
"\x42\xEB\xD6\x21\x23\x58\xB5\x3C\xC3\x3A\xF8\xF5\xB4\x0A\x19\x41\x65\x95\xC0\xDA\xD7\xC9\x70\x59\x84"
"\x54\x7A\xDA\x09\xBB\x4F\x13\x84\xEF\x7E\xCA\x7B\x28\x40\xD7\x09\xEC\xD5\x46\xC8\x18\x8E\xF7\x0B\xC4"
"\xFF\xA5\x50\x33\x6C\x10\x62\x0B\x6A\x81\x9A\x0B\x65\x06\xA9\xF4\x04\x48\x5D\xD3\xBA\x74\xE5\xD9\x82"
"\x54\x78\x7E\xCA\x42\xEE\x42\xE5\xD2\x90\x02\x8D\x12\xA8\x17\xC8\x75\x2D\x6D\xF5\x20\x10\xDE\xA9\xBF"
"\x38\x3F\x7C\xCE\x3D\x6E\x42\x4B\x50\x77\xAD\x44\xCC\x42\xE6\x11\x75\xA7\x7D\x44\xC8\x98\x7E\x05\x2F"
"\x3C\xCF\xA9\x8E\x2D\x99\x93\xA4\x86\x51\xBE\x46\x09\xEC\x03\x84\x90\x1F\x36\xE1\x2B\x8C\xAF\x99\x02"
"\x4C\x42\x0A\x7C\x87\xF0\x99\x53\x36\x40\xE8\xD4\x3B\xFF\xDA\x32\xBC\x47\x38\xC0\x8B\x16\xE2\x86\xEC"
"\xB6\x21\x35\x08\xD2\x3E\xCA\x40\xE1\x99\x2A\x2E\x07\x7C\xFD\x8C\xE3\x78\xB7\x01\xFB\x76\xFE\x14\x43"
"\xB8\x9F\x90\x1A\x02\xB1\x26\xE2\xDC\x77\x31\x6C\x1F\x61\x44\xE7\x6B\x04\x69\x1F\xD5\xB8\x87\xA5\x48"
"\x09\x9C\xA3\x6C\xD3\x11\x6C\x73\x08\x8D\x7B\xBB\x84\x8C\xA0\xCB\xE0\x2F\xD8\x8D\xCE\x45\xEB\x22\x16"
"\x33\x4E\x30\xE8\x9C\x90\x0A\xD0\x05\x1D\x7C\xFE\x35\x40\xE5\xE1\x67\x2C\x3D\x21\x67\x4C\x12\xD2\x43"
"\xCC\xED\x8F\xF0\x2F\x1A\x36\x9A\xB4\xC6\x7F\x32\x85\x5D\x04\xA1\x12\xC1\xC8\x54\x3E\x93\xA5\x98\xD1"
"\x5A\xF6\x11\xCB\xA3\x1F\xB5\xEA\x2B\x7C\x18\x97\x08\xF7\x22\x50\x36\x5C\x04\x87\x30\xA7\xA0\x2E\x29"
"\x3B\xFF\xC8\x21\xAB\x6B\x02\x1F\xDC\x18\x20\x54\x5F\xA5\x27\x9A\x24\xB0\xF9\x9B\x08\x6A\xD9\xC2\x3D"
"\xE0\x42\xD3\x2F\x10\xBE\xF7\xDE\x0C\xD4\xA6\x1A\xCB\x5E\x38\x3D\xC2\x20\xB6\x4B\x96\xC1\xFB\x8F\xEA"
"\x07\x5C\x4D\xA0\xB6\x65\xF0\x0F\xE7\x5C\x0C\x67\x4A\x53\x7C\xF5\x10\x41\x28\xE8\x3A\x4E\x1E\x2E\x95"
"\x34\x69\x5B\xF7\x0F\x43\xDA\x43\x34\x02\x55\x04\x65\x64\x34\x2F\x1F\x72\x28\xD4\x0C\xA7\x18\xC2\x34"
"\xA4\xC1\x6E\x63\x08\x77\xF2\x3E\x85\x74\x83\xD4\x8D\x3A\x86\xB2\xCD\x58\xA6\x53\x03\xB7\x84\x9D\x2A"
"\xA9\xA1\xA4\x98\xA9\x78\xFF\xC8\x10\x9B\x3B\xFC\x86\x01\x70\x59\xA1\xC6\x30\x0C\x3B\x52\x86\xF8\x54"
"\x60\xA0\xFC\x51\x29\x34\xC9\xD4\xA2\xAE\x80\x24\xC1\xB8\x02\x9D\xC0\xB0\x6B\xE6\xCF\xE1\x6E\xB6\xC7"
"\x39\x63\xFD\x12\xD7\x5F\xFC\x50\x44\x6D\xA1\xCD\x0F\x40\x08\xF9\xC6\xC3\x57\x59\xF1\x5B\x17\x17\x6E"
"\xFC\x1A\xFB\x59\x46\xC0\xF8\x0D\xFB\xD2\x9A\xB0\x60\xC1\x17\x2A\xFB\x51\xFA\x21\x85\x75\x3C\x61\x68"
"\x63\x61\x10\xBE\x52\x0C\x15\xF7\x49\x1B\x17\x63\x81\x33\x85\xF4\x50\x56\xFC\x37\x7F\xAA\x0C\x3E\xB8"
"\x8E\x46\xC6\x2E\x8F\x9A\xD4\xEA\xC2\x1D\x08\x40\xB8\xA1\x18\x3E\xED\x41\x3C\x2B\x4D\x78\x53\x7E\x5F"
"\x7C\xDD\x81\xD0\xAF\xD8\xB7\x01\xAE\x43\xE2\x69\xD6\x68\xE8\xD7\x36\x81\x6E\x05\xB1\xCF\x0C\xCE\x4F"
"\x9B\xC2\xAF\xDB\x10\x3A\xCE\x8C\x92\x8F\x3B\x21\x11\x5A\x4C\x21\x98\xDA\x09\x1C\x32\x88\x9F\xBC\x60"
"\xEE\x37\x19\x9C\x53\x57\xC5\xB0\x4A\x1E\x2B\x3E\x66\x10\xCC\x3B\x82\x7D\x06\xE7\x0C\xC2\xED\xCD\x98"
"\x94\x3A\x87\x71\x46\x60\x2A\x41\xB1\xC3\x62\xB6\x01\x97\x13\x2E\x43\x98\x2D\x1E\xD6\xD9\xA3\x4F\xA9"
"\xC1\x1D\xC3\x51\x01\xBC\xD2\xE9\x26\x87\x13\xDF\xDC\xC8\x10\x0A\xC0\x88\x69\xBE\x01\xF9\x98\xC9\x4B"
"\x2A\x96\x4F\x38\x64\x6C\x47\x74\x72\xB8\xA5\x90\x38\xD5\x08\x36\xBE\xF6\xC4\xD7\x1D\x17\x50\xA9\x6E"
"\x70\xCC\xB8\xD2\xE9\x66\x0D\x47\x3C\x14\xCA\x92\x0A\x21\x87\x5D\x08\xC3\x51\xF7\xB2\x4A\xC3\x39\x73"
"\xC0\x8D\xB6\xD9\x84\x03\x76\x9B\x84\x74\x0B\x6C\xD6\xD0\x61\x23\x65\x49\x6D\x68\x3F\x22\x7B\xE4\x15"
"\x1C\x30\x57\x65\x38\xA9\x98\xA9\x76\x1B\xBE\xF2\x29\x9F\x42\x9A\x9E\x26\x56\x38\x02\x24\xD7\xB7\xAB"
"\xF2\x21\xAB\x1E\x57\xB7\x79\x07\xD2\xCC\x95\x25\x15\xB3\xA6\xDE\x85\xBD\x52\x7E\x95\xC6\x1F\x66\x17"
"\x52\x6A\xC8\x9E\x10\xB7\x76\xB4\xD0\x6D\x41\x27\xCF\x55\xFD\xE3\xD5\x69\x17\xBE\x70\x2C\x4A\x0D\x7B"
"\x04\x9D\x2C\x64\xF2\xE3\x00\x3E\x71\xC8\x27\x4E\x8D\xC9\xAF\x85\x3B\x21\xE5\xB8\xA0\xB9\x98\xED\x40"
"\x89\xC5\xD9\x76\x04\x25\x16\xFD\x68\xC6\x70\xDC\x5B\x5F\x43\x14\xF2\x10\x72\xAC\xA5\x78\x1C\xC0\xAF"
"\xFC\xFE\xE3\x29\x7C\x8D\x43\x56\x07\x90\x63\x49\x02\x1F\xC2\x39\x4A\x8D\x43\xE8\xD3\xEC\xC3\x29\x8C"
"\xB2\xAD\x3E\x84\x3E\x56\x77\x0A\x25\x73\xC7\x53\xE8\x8B\xDA\xDD\x29\x1C\x7D\x02\xEB\x13\x48\x21\xB5"
"\xFC\xDD\xE8\x10\x4A\x9D\x1C\x4E\xA1\x64\xDB\xFC\xFE\x14\xFA\x3A\x79\x0A\xA9\x4E\x36\x05\x50\x8A\x5A"
"\x01\x94\x6C\x3B\x87\x21\xE4\x19\x94\x6C\x3B\x87\xAE\x2B\x85\x93\x92\x73\xAD\x2B\x08\x59\x06\xA7\x52"
"\x88\xCF\x6C\xCA\xE0\x13\x0D\x62\x01\x74\xBF\xBB\x42\xF8\xBD\x14\xBA\x1B\xFC\x1F\x40\xE7\xFE\x05\x2B"
"\x67\x0D\x57\xF4\x7F\xAD\x62\x00\x00\x00\x00\x49\x45\x4E\x44\xAE\x42\x60\x82"
}
};

static const binfile_t background_snes = {"background_snes.png", 1080, {
"\x89\x50\x4E\x47\x0D\x0A\x1A\x0A\x00\x00\x00\x0D\x49\x48\x44\x52\x00\x00\x01\x40\x00\x00\x00\xF0\x01"
"\x03\x00\x00\x00\x4B\xE3\x2F\x28\x00\x00\x00\x01\x73\x52\x47\x42\x00\xAE\xCE\x1C\xE9\x00\x00\x00\x04"
"\x67\x41\x4D\x41\x00\x00\xB1\x8F\x0B\xFC\x61\x05\x00\x00\x00\x06\x50\x4C\x54\x45\x24\x81\xBA\x31\x99"
"\xDB\x53\x38\x7C\x9B\x00\x00\x00\x09\x70\x48\x59\x73\x00\x00\x0D\xD6\x00\x00\x0D\xD6\x01\x90\x6F\x79"
"\x9C\x00\x00\x03\xBB\x49\x44\x41\x54\x68\xDE\xE5\xDA\x31\x72\x9D\x30\x10\x06\xE0\xC5\x4C\x86\x22\x85"
"\xD2\xA5\xE4\x08\x39\xC2\xBB\x42\xBA\x94\x39\x0A\x9A\xC9\x45\x72\x8C\x74\x66\x26\x17\xA1\x4C\xA9\x2E"
"\x14\x58\x0A\x08\x04\x92\x90\x56\xFF\xB3\x79\xE3\x22\x2A\x18\x7B\xDE\x37\x2B\xB1\xDA\x27\x84\x6C\x32"
"\xC5\xA6\x9A\xE5\xFA\x3E\x50\xBC\x5F\xD7\x6F\x84\x2F\x55\x87\x41\x49\x0D\x04\xFF\x10\x51\x07\x40\x3D"
"\xBB\x38\x64\x12\xFE\x5C\x20\x95\xE1\x64\x1D\x89\x22\xA4\xAD\x95\xA0\x72\xF0\x0B\x0F\x5F\x9C\xA3\x8A"
"\x87\xFD\x0E\xA9\xF5\x61\x5C\x3D\xFA\x70\x54\x73\x11\x27\x0F\xFA\x21\x79\x58\x33\x70\xF4\xA1\x37\x8F"
"\xA7\x31\x2A\x4A\xF7\x5D\x80\x02\xED\xFA\xA8\x8C\xA1\x61\x23\x7A\x30\xEE\x7A\xA0\xF4\x6D\x9F\xC6\x28"
"\x33\x30\x8E\x18\xA4\x91\x83\x0A\x85\x7D\x08\xAB\x1C\xD4\x14\xB5\x3D\xE3\x11\x9C\x62\xB8\xF7\x1D\x41"
"\x15\x43\xBA\x39\xD8\x06\xB0\x3F\x41\x97\xF2\x28\xA2\xA4\x5C\xC8\x3E\x88\xA8\xCF\xCE\x85\x0C\xE1\x98"
"\x80\xDB\x72\x15\x42\x95\x80\x5B\xA9\x85\xB0\x4F\x41\x4A\x40\x49\xD9\x90\xFD\xCD\x83\x3A\xE9\xE8\xE9"
"\x04\xA7\x34\xB4\xF3\x28\x7D\x38\x66\x60\x15\x43\x95\x81\x4B\xD2\x03\xD8\xE7\xE0\x07\x14\xCE\x21\x65"
"\xE7\xC1\xAC\x9B\xAB\x8D\x3C\xA8\xF3\x90\x3A\x1F\x4E\x0C\xAC\x7D\x38\x12\xD7\x3C\xA8\x58\x68\x0E\x38"
"\xB0\xF0\xF9\x80\x3D\x0B\x3F\x1F\x50\x52\xB1\x6F\x2A\xA4\xD1\x36\x81\xC2\xCA\xC1\xA9\x00\x97\x27\x19"
"\x06\xAB\x0D\x8E\x25\x38\x17\x30\x95\xF3\xBD\xB4\x7A\x85\x43\x11\xD2\x77\x14\xD6\x54\x9E\x98\xAD\x01"
"\x13\xF3\x0A\x48\x20\xD4\x97\xC3\xF1\xFD\xA0\xBA\x1C\x0E\x28\xEC\x2F\x87\xF2\x72\x48\x57\x43\xFD\x40"
"\xD8\x28\x16\x1E\xEB\x84\xD0\x20\x6C\xB9\x69\xF7\xAB\xEC\xC6\x8D\xD7\x87\x1D\x57\x20\x11\x54\x0C\x54"
"\x3E\x1C\xAF\x80\x83\xF7\x33\xB3\xA6\xBE\x16\xEA\x2B\xE0\xFE\x4D\xA8\x0A\x5D\xC3\x50\xDE\x0D\x6B\x0C"
"\x76\x7D\x6D\xF8\x84\x6F\xD0\x28\x0C\xCE\x03\xFC\x51\x80\xE4\xE0\x5F\x08\x6E\xBB\x69\x75\x1D\x6C\x8A"
"\x50\x07\x70\xB8\x00\x9A\x3B\x23\x8A\x47\xC1\x09\x85\xF9\xE5\xD7\xC5\x70\x2F\x44\x53\x29\xE2\xFE\xE6"
"\x24\xC1\x88\xD9\xDB\x71\xD0\xBD\x38\x65\x27\xF1\x04\x47\x14\x4E\xFF\x13\x6C\x2F\x87\x0D\x9A\xF0\x1A"
"\x85\xFB\x99\x48\x11\x7E\x04\x8B\x62\x0F\x59\x86\xCD\xA3\xE0\xF0\x66\xA8\xEF\x86\xE2\x4E\xD8\x5F\x07"
"\xDB\x7B\xE0\x6F\x66\xA5\x08\xE0\xFC\xBE\x4F\x18\x6C\xB2\x0F\xEC\x63\x57\x78\xB3\x03\xFC\x85\x41\x66"
"\x73\xFA\x48\xB8\x14\x2E\x71\x50\x7A\x11\xDF\x0F\xF2\x5B\x57\x57\x05\x2D\x0A\x05\x0A\x1B\x14\xD2\x69"
"\x25\xEB\x42\xB8\x7F\x49\xDA\x08\xD6\xC1\x44\x79\xB0\x3A\x9D\xD0\xF6\x69\x48\xB7\x81\x32\x9D\x51\xB8"
"\x19\x7E\x0A\x6A\x62\xBE\xB9\x03\x36\x94\x5F\x6C\xE6\x09\x38\x3E\x6A\xF3\x70\xD9\x4D\x86\x30\xB3\xC4"
"\x2E\x5F\x73\x6F\x8B\x9E\x87\x4B\x79\x1E\xD0\x50\xEE\x79\x51\x05\xEB\x50\x95\x87\x4D\x00\xED\x81\x86"
"\xE6\x61\x2D\xED\x6F\x59\x28\xDC\x3A\xD4\x2A\x00\x2E\xC1\xEC\xCD\x0A\x93\x7D\x81\x6C\xB7\xC7\x62\x63"
"\xAF\x05\xB8\xFC\xB1\xE6\x66\xE1\x7A\x8C\x23\x73\x50\xDA\x2C\x69\x1E\x8A\x35\x6F\xC2\x87\x7D\x06\x2E"
"\xC9\x79\x5E\xE1\x8D\x85\xB4\x3E\x9C\x8F\x88\xC9\x07\x46\xB3\xA5\xC5\x8F\x98\x84\xB5\xED\xA8\x0B\x60"
"\xB2\x20\x2B\x3B\x0F\xDD\x96\xCD\x15\xA6\xEB\xEC\xD3\x72\x71\xBB\x91\xD6\xF0\x67\x29\x95\xDB\x3B\xAC"
"\x11\x27\x1E\x0E\x7B\x44\xCD\x43\x09\x42\xDB\xDF\x76\x64\xC7\x42\x9B\x3C\x01\x40\xF2\xA0\x64\xE0\x9A"
"\x92\xC6\x14\x8E\xEC\xDC\x67\x65\xB8\xDD\x68\x5D\x3A\x7F\xBC\x29\x37\x86\x02\x14\x32\x80\xC0\x79\x58"
"\x87\x1D\xA6\xCE\x63\x40\x61\x6B\x21\x70\x90\xD3\x40\x27\xC3\xB6\x19\x63\xB0\xE3\x2B\xC3\x67\x3C\x82"
"\x03\x0A\x15\x0A\x47\x14\x4E\x28\xD4\x28\x34\x30\x94\x28\x1C\x50\xA8\x50\x38\xA2\x70\x42\xA1\x81\xA1"
"\x44\x61\x8F\x42\x85\xC2\x11\x85\x1A\x85\x06\x86\x3D\x0A\x07\x14\x4E\x28\xD4\x28\x2C\x0E\xD2\xA0\x83"
"\x34\xE7\x41\x56\x92\x85\x47\x5D\x08\xC5\xC3\xBD\xEF\x2E\x59\x4B\xE6\xD4\x77\x9D\x2E\x91\x03\xBA\xFB"
"\x16\xE9\x09\xF5\xE0\x5A\x41\x55\x26\x05\x26\x0E\x29\x32\x35\xE2\xC3\xE5\x9F\x3E\xB2\xAF\xBA\x26\x68"
"\x5F\xBF\x65\x67\xD4\x64\x5A\x8F\x42\x8D\xC2\x53\xC8\x2C\x8C\x0B\x34\x0B\xE3\x79\x34\x68\xC8\x3C\x34"
"\x30\x1C\x51\x68\x60\x78\x54\x1B\xD1\x3F\x3B\x05\x9C\xF6\x50\x59\xEC\x88\x00\x00\x00\x00\x49\x45\x4E"
"\x44\xAE\x42\x60\x82"
}
};

static const binfile_t background_txt = {"background_txt.png", 38511, {
"\x89\x50\x4E\x47\x0D\x0A\x1A\x0A\x00\x00\x00\x0D\x49\x48\x44\x52\x00\x00\x01\x40\x00\x00\x00\xF0\x08"
"\x03\x00\x00\x00\x46\xF3\x4D\x59\x00\x00\x00\xC0\x50\x4C\x54\x45\xFF\xC4\x1D\xFE\xC3\x1C\xFE\xC2\x1C"
"\xFD\xC2\x1D\xFD\xC2\x1C\xFD\xC2\x1B\xFD\xC2\x1A\xFC\xC2\x1D\xFC\xC2\x1C\xFC\xC2\x1B\xFC\xC2\x1A\xFB"
"\xC2\x1C\xFE\xC1\x1B\xFD\xC1\x1C\xFD\xC1\x1B\xFD\xC1\x1A\xFC\xC1\x1D\xFC\xC1\x1C\xFC\xC1\x1B\xFC\xC1"
"\x1A\xFC\xC1\x19\xFB\xC1\x1C\xFB\xC1\x1B\xFB\xC1\x1A\xFA\xC1\x1B\xFD\xC0\x1B\xFC\xC0\x1C\xFC\xC0\x1B"
"\xFD\xC0\x1A\xFC\xC0\x1A\xFC\xC0\x19\xFC\xBF\x1A\xFB\xC0\x1C\xFB\xC0\x1B\xFB\xC0\x1A\xFB\xC0\x19\xF9"
"\xC0\x1A\xF9\xBE\x1A\xF2\xBA\x18\xEA\xB3\x15\xE1\xAB\x12\xDC\xA7\x10\xDB\xA7\x10\xDC\xA6\x10\xDB\xA6"
"\x11\xDB\xA6\x10\xDB\xA6\x0F\xDA\xA6\x11\xDA\xA6\x10\xDA\xA6\x0F\xD9\xA6\x10\xDB\xA5\x10\xDA\xA5\x11"
"\xDA\xA5\x10\xDA\xA5\x0F\xD9\xA5\x11\xD9\xA5\x10\xD8\xA5\x10\xD9\xA5\x0F\xDA\xA4\x10\xD9\xA4\x0F\xD8"
"\xA4\x0F\xD7\xA3\x0F\xD6\xA1\x0E\x05\x84\xAF\xAA\x00\x00\x95\x6A\x49\x44\x41\x54\x78\xDA\x75\xBD\x0B"
"\x43\xDA\xEA\xF2\x3D\x2C\x9A\x58\x62\x0F\x61\x27\xD9\x86\x4A\x4C\x6B\x62\x41\xB0\x2A\x78\x01\x29\x05"
"\xFD\xFE\xDF\xEA\x5D\x6B\xCD\x3C\x81\xEE\xDF\xFF\xF5\xEC\xD3\x5A\x2F\x90\x4C\xE6\x99\xEB\x9A\x35\x27"
"\x5F\x62\x7C\x9C\x0F\xFF\x1D\x0E\x8B\x82\x9F\xC6\xC5\x10\x9F\x0E\xE3\x38\xC1\xE7\xE9\x90\x1F\xD7\xFF"
"\x16\xE7\x49\x7C\x11\xE7\x69\x9E\xA7\x69\x1A\xF7\x93\xC8\x7E\x2E\x4F\xF0\x53\x89\x7E\x10\x9F\xC6\xFD"
"\x38\xC9\xF1\xD9\x20\x4D\x8B\xBC\x28\xF0\xD3\x69\xA4\x57\x8C\x53\xFE\x11\xE1\x5B\xF8\xE5\x1E\xFE\x19"
"\xE5\x51\x92\x25\x51\xBF\x9F\xF4\xF1\x8D\x3C\xCF\x2B\xFD\x97\xE5\xE9\x20\xCB\xB2\x38\xD7\x8F\xE3\x97"
"\xA3\x7E\x74\x86\x9F\x8A\xF1\x25\x5C\x09\x5E\x35\x2F\x74\x05\xFC\xC9\x94\x6F\x89\xF7\xE3\xD5\xE2\xA3"
"\xAE\xD3\x1C\x97\x12\x25\x7A\xC3\x04\xAF\xC9\x6B\xC3\xA5\x54\x55\x55\xF3\xF7\x92\x38\xEF\x27\xF8\xC5"
"\x3E\x2F\x0A\xB7\x77\x8E\x9F\xE2\x8B\xA4\x7E\x85\x78\x87\x24\xC7\x5B\x0C\xCF\x2F\x52\xBC\x1E\xAE\x21"
"\x8A\x92\x82\xEF\x79\x7E\x91\x24\x78\x23\xBE\x48\x71\x7E\x7E\x5E\xC4\xFC\xA3\x18\xE2\x97\xF1\xE7\xF9"
"\x09\xEE\xE1\x3C\xC6\xFD\x16\x69\x6A\x52\xC3\x6B\x16\xC3\x0B\x17\x60\xC1\x0B\xFC\x3E\x1C\x9E\xF3\x5D"
"\x2E\xF8\x2A\x69\x2C\x51\xE1\x5F\x29\x2F\x92\x57\x4C\x11\x4A\x90\x11\x64\x0B\xD9\xF0\xBA\x72\xBC\x41"
"\xCE\x6B\xE4\x4D\x41\x14\xFC\x89\x3C\xE1\x75\xE9\x3D\x06\xF8\x22\x3E\xFA\xFC\xFD\x3C\x1F\x64\x79\xDE"
"\xE4\x11\x5F\x30\xCB\xF1\xA5\x24\xEA\xE1\xF2\xFB\xF8\xEF\x4B\x14\xF5\xF0\x53\x71\x9A\xEA\x66\x73\x5E"
"\x01\xFE\x4B\x22\x4A\x28\xC2\x8B\xEB\x82\x87\xF8\x7F\x3E\xB8\x88\xA3\xD3\xBE\x2E\x1B\x2F\x9B\xEB\xE9"
"\x45\x79\x82\xEF\xE8\x43\x02\x81\x04\xED\x89\x17\x17\x17\xE7\x71\x44\x91\xF1\x7E\x2E\xF8\xB5\xB4\x48"
"\x21\x77\x3C\x27\x3E\xA5\x21\x2F\x1E\x22\xE1\xCD\xF9\x33\xC1\xD7\xD3\x21\xA4\x37\x84\xFC\xA8\x3F\xB8"
"\xA6\x38\xBD\x1E\x9E\x54\xBA\x2C\xDC\x59\x92\x27\x7D\xA8\x80\x2E\x6D\x90\xF0\x03\xFF\xCC\x47\x39\x85"
"\x9B\xEB\x6D\x29\xB0\xFE\x00\x32\x82\x0A\xE2\xBB\x78\x9F\x51\x84\x7F\xF4\x73\x68\x54\x0C\x75\x8A\xCE"
"\xB2\x3E\xFE\x99\x65\x51\xDE\xB7\xAB\xEE\x47\x59\xD6\xC7\x57\xFA\x59\x92\x0D\xFA\xFD\x48\x4A\x83\x5F"
"\x8D\xCE\xFA\xD0\xAC\xEC\xCB\x19\x64\x94\x67\xFC\xC8\xED\xFF\x09\x5E\x1F\xBF\x01\xA9\x7D\xE1\xDF\xFD"
"\x2F\xFD\x33\xFC\x89\x37\xEC\x67\xBC\x3C\xBE\x2E\x3E\xC7\xEB\x0E\xFA\xFC\x4D\xFE\xA1\x8F\x16\xFA\xAB"
"\x5F\xE0\xEB\xF2\x6B\x65\x3E\xE0\x81\xC0\x17\xF9\xED\x08\xDF\xE3\xFD\xF5\xFB\x5F\xCB\x7E\xC4\xAB\xC7"
"\x95\xA4\xFD\x42\x27\xA5\x48\xA8\x34\xF8\xE1\x01\x6F\x1E\x5F\xC8\x13\x3E\x25\x29\x1D\x1E\x02\xDE\x04"
"\xD7\xCD\x67\x8F\x17\x2A\x70\x3C\x86\x05\x2F\x05\x3F\x90\x40\xC4\x14\x20\x1F\x2A\xBE\xA8\x1B\xE6\x0F"
"\x51\xFF\x63\x7B\xB8\x09\xFF\x51\x40\xBC\x17\x79\x4A\x6D\x49\x06\x76\xBD\xFC\x66\x42\x79\xA6\xB9\x3E"
"\x8B\xF9\x72\x90\x20\xA4\x80\xFF\x37\x79\x36\x80\x7E\x64\xFC\x65\xBC\x53\x9F\xDF\xC2\x03\xCC\xA4\x62"
"\xB8\x53\x48\x0A\xF2\xF1\x0F\xFC\x43\x2F\x99\xF9\x1F\x10\x09\x24\x23\xC1\x42\x98\x67\xFD\x7F\xF8\x3C"
"\xF0\x60\xF8\xBD\xCC\x1E\x4C\x9F\x4F\x25\xEB\xF3\x21\xF0\xB7\x4B\xD7\x31\x7C\x59\x22\xE4\xCF\xF0\x3D"
"\xF0\xC7\x20\xCD\xAB\x32\xB7\xA7\x83\x3F\xF0\xF3\x5F\xBF\xEA\x39\xE2\xA6\x87\xBC\x4F\xC8\x0B\xC7\x8F"
"\x87\x7F\x00\xD1\x48\x46\xB9\x74\x56\x46\x20\xE3\x61\x4B\x13\x5C\x40\x72\x91\xF2\x7B\xC3\x3C\xBF\x18"
"\x42\x7D\xD3\x84\x76\x6C\x10\x9F\xE7\x17\x27\xB0\x11\x76\xBE\x79\xB3\x78\x73\xDA\x09\x88\x98\x3F\x1F"
"\x51\x46\x78\x3D\xFE\x2A\x2C\x08\xDE\x38\xE6\x97\xF2\x62\x94\xF8\x5B\xA4\xF6\xDD\x24\xBF\x48\x78\xAC"
"\xA4\x6B\x7D\x5D\x2C\x8E\x72\xDA\x1F\xF0\xCC\x0C\x32\x3E\x6E\x69\x40\xC4\xB3\x8D\xEF\x51\xB5\x4C\x09"
"\xF9\xFF\x4E\x7E\x03\x8A\x02\x0F\x9C\x6F\x45\x51\x40\x1D\xCF\xA8\x56\x19\xE5\x97\x24\x7C\x20\xAE\xAB"
"\x5F\xF5\x4E\x5F\xF4\x2D\x89\x86\xB2\xCB\x3B\x01\x4A\xED\xAA\xF0\x4C\x32\x7F\x42\x91\xBE\x9F\xE9\xDA"
"\xA1\x77\x39\x4D\xDD\xC5\x45\x61\x7A\x85\x1B\x89\x24\x21\xD8\x32\xD9\x7A\xDE\x72\x2A\x03\x94\xD0\x42"
"\x9E\x53\x08\x74\x00\x85\xD9\x11\x5C\xAD\x5E\x2B\x86\x00\x73\x33\xCE\xB9\x64\x87\xB3\x26\x0D\xF3\xFF"
"\xF4\x1D\xBC\x1D\x4F\x34\x0D\x8B\x04\xA8\xAF\x42\xA9\x0B\xBD\xE1\x39\x0C\x2F\x85\x98\x46\xA6\x06\xA5"
"\x49\x23\xD6\x4D\x99\x74\x70\x3A\x72\xFE\x97\xFB\x6F\xF3\x49\xE1\x70\x7E\x91\x28\xCB\xBC\x6C\x46\x7A"
"\x18\x05\x2D\x55\x46\x49\x41\xAE\x09\x85\x83\xB7\x8C\x32\x1E\x53\x09\x4C\x6A\x95\xF0\x65\xCB\xFE\x99"
"\x4C\xC3\x59\xAE\x77\xE8\xE3\x57\x06\xF8\x42\xF9\x55\xE2\x2E\x3B\xA5\xAC\xF2\xFC\xF0\x80\x68\x02\x12"
"\x09\x37\x86\xE8\x12\xBA\x9E\x54\x47\x98\x77\x07\x39\x25\xBA\x82\x62\xC4\xA7\x9C\x26\x30\xFF\x26\x01"
"\xFB\x7F\x22\x55\xCA\x8B\x8B\xD8\x2C\x2A\x05\x12\xA5\x17\xD0\x40\xBC\xDE\x88\x16\xE0\x6B\x19\x51\x89"
"\xEC\x89\x46\x3A\x99\xFD\x7C\x94\xE9\x1C\x52\x88\x74\x45\x41\xA6\x85\xDE\xD6\xFE\x96\x38\x47\x12\xA9"
"\x3E\x2F\xA5\x22\x3A\x98\x7C\x42\xB8\xB3\x34\x29\x73\xC9\x1E\x7A\x8F\x3B\x2B\x9B\x4B\xDC\x79\xD6\xFF"
"\xF2\xE5\x0C\xF6\xED\xB2\x5F\x96\xD2\x90\x91\xDF\x33\x2F\x37\x83\x31\x4A\x06\x52\xAA\x94\x46\xD7\xF4"
"\x8E\xD6\xAF\xC4\x3F\x4C\x98\x5F\x29\xFC\x33\xEA\xEB\xD7\x9C\x46\x82\x2A\x5E\xF2\x1B\x25\x25\x98\xF0"
"\x18\x55\x45\x78\xD1\x92\x12\x2D\xBF\x52\x9A\xF8\x2C\x2D\xFD\xEA\x87\x85\x5D\x77\x62\x7E\x3B\xCF\x6B"
"\x09\xC9\x3D\x55\x53\xE8\x7E\x25\x2B\xDE\x77\x2C\x65\xCD\x4D\x85\x73\x29\x14\xC4\x70\x62\xFA\x04\x23"
"\xA7\xC3\x95\xF5\x53\xDE\xED\x00\x6F\x16\x43\xC2\x10\x25\xEF\x1E\x6F\x48\x77\x9A\xF4\x60\x15\xF8\x52"
"\x55\x52\x98\x1C\x87\x35\xBE\x41\xC3\x00\x49\x5E\xD4\x7C\x9D\x1B\xBA\x54\x1E\x9A\x1B\x5A\xAC\x84\xC6"
"\x5C\x67\x23\xA2\xEA\x50\x11\x60\x93\x2E\x73\x98\xA2\xEC\xEB\x25\x74\x90\xA7\xF0\xF2\xF2\x26\x0B\x9A"
"\x99\x9A\xD5\xC4\xD5\x5F\xCA\x08\x45\x09\xFC\x75\x06\x19\x57\x54\x3C\x3B\x83\xB8\xCA\xA6\x4C\xFA\xE6"
"\x9D\x70\xD8\xF3\xB2\x3F\xC8\xBF\xC2\x16\xFC\xE3\xA7\x39\x97\x53\x87\xFC\xEA\xA0\x86\x4D\x03\xE1\xF2"
"\xFD\x1B\x5A\x68\x7D\x37\xC6\x65\x17\x55\xCC\x98\x28\xA6\xA9\x49\x32\x1C\xCF\xC2\xCC\xA7\x74\xA1\x68"
"\x11\x4E\x5C\x5C\xD0\x1D\x44\x52\x9C\xC8\x9F\xB0\x59\xB4\x3C\xC5\x85\x40\x4F\x4F\x20\x82\x02\xF6\xD4"
"\x6D\x20\x7E\x5B\x3A\x0A\x55\xA1\x43\x19\xF0\x50\xA7\x32\x22\xB1\xF9\x0C\xBC\x30\xF5\xBE\x28\x11\x08"
"\xE1\x09\xD6\x70\xFE\xE9\xA8\x38\x97\x49\x69\x8B\xBA\xE2\x3D\xDC\x8C\xB3\x38\x2B\xDD\x3F\x86\x8F\x2C"
"\xD2\x1F\x91\xAE\xF0\xF2\xEB\x17\x7D\xE0\x20\x0F\xFA\xA5\x6E\x2A\xA3\x85\xA0\xB3\x4B\x93\xA0\x36\x79"
"\x39\x80\x0A\xEB\x85\x1A\x5D\x5E\x76\x49\x43\xD6\xBF\xA4\x16\x64\x91\x54\x91\xCF\x85\xCE\x36\xE2\xBF"
"\x65\x11\xDD\xE4\xE5\x55\x63\xD1\x65\x4A\x6B\x08\x2D\x80\xF6\x55\x78\xCD\xC6\x2C\x4C\xC5\x10\x2D\x96"
"\x67\xA0\x8E\xE5\xA6\x64\x34\x73\xE6\xD4\x0B\xFE\xBF\x90\xA2\xBA\x02\xE6\x54\xFC\xBC\xB4\xAB\x63\x4C"
"\x8C\xE8\x2C\x19\x52\x03\x63\xC5\x6D\x0C\xC4\x60\xB7\xD3\x5C\xD7\xC6\xB0\x81\x6F\x99\x05\x0B\x4C\x85"
"\xD4\x83\x19\xF9\x43\x85\xF6\x22\x76\xAD\xA9\xD7\x08\x37\xF1\x38\xD3\x22\xC8\xEA\x46\xE6\x3C\xD2\x8F"
"\x99\x02\x50\x6A\xA5\xBB\x5B\xBE\xDA\x65\xFF\x0B\xCF\xF0\xD7\x2F\xFF\x7C\xED\x7F\xC1\x37\x1A\xBF\x6D"
"\x9A\xD8\xB4\xDF\x09\x30\xA7\x27\xE2\xB7\xF8\x42\xA3\xCA\xDC\x69\x92\x5D\x56\x3C\xDD\x71\x86\x58\x26"
"\x33\x97\x8C\x8F\x54\x9E\x3A\x72\x87\xAB\xFF\x2A\x33\xED\x95\xDC\x49\xD6\xD8\x5B\x24\x76\x15\x92\x13"
"\x1E\xBC\xDC\x81\xEC\x86\xFE\x97\x96\x45\xA2\x6F\xD6\x05\x0F\xB4\xAC\x25\x23\xBC\x34\xD2\x41\xEA\x87"
"\x70\x81\x3A\x09\xF1\x20\x1E\x3C\x29\x72\xD3\x2B\x7D\x9D\x31\x9E\x0C\xB5\x45\x5C\x7D\xFF\x05\xDD\x52"
"\x92\xBA\xFD\xCC\x15\x3D\xF1\xCA\xF4\x8B\xFC\xC7\x39\xD3\x84\x22\x1C\x98\xBC\xCA\x3A\xC1\xFD\xA5\x84"
"\xF2\x53\x92\x42\xF4\xE5\x9F\xCB\xCB\xB3\x93\x5E\xEF\xA4\x7F\x99\x41\xB1\x68\xE1\xFA\xEE\x64\x12\x3F"
"\xCE\x76\xA1\x91\x6B\x0C\x9F\x99\x05\x27\xD1\xA5\xAC\x66\xD4\xFD\x0C\xE2\x1D\x3E\x2F\x3B\xBB\xF6\xFA"
"\x89\xFD\x92\x52\x9C\xAA\x32\x5F\x9C\x65\x41\x7A\x7A\xEA\xE1\x6E\xEC\x68\x2A\x34\xA7\xC8\xF4\xD0\xF3"
"\x86\xE7\xBF\xE2\x8F\x9D\xC7\x0A\xF9\x3C\x16\xA2\x30\x42\x28\x47\xD3\x3B\x88\x4F\xA4\xB4\x76\x84\x65"
"\x3C\x11\x76\x64\xD2\x47\xF3\x7D\x8C\x9E\x14\x5A\xE3\x98\x40\x6F\xCD\xBC\xE2\x65\x23\xFE\x5E\x0C\x3D"
"\x4F\x0B\x97\x62\x2B\xEB\x80\xAB\xD5\x21\x19\x5C\x36\x19\xC3\xDB\x3C\xAB\xF0\x84\x1B\xFC\xBF\xC4\x83"
"\x2D\x15\xCA\x95\xD9\xD9\xA0\xDF\xEB\xF5\x26\x77\xD3\xE9\xDD\x37\x48\xB1\xD7\x6F\xE0\xB1\x32\x39\x6B"
"\x97\x75\x38\x88\x5F\x3D\x68\x80\x46\x48\x03\x63\xBF\x8F\x2A\x44\x03\xF8\xF6\x25\x63\xF7\x88\x5F\x4E"
"\x69\x3F\xF1\x3C\x18\x84\xEA\x69\x22\x20\xCD\xC6\xF6\xEC\xF0\x65\x7F\xF1\x26\xA2\xF9\x1F\x8D\x94\xA5"
"\xD0\xBD\x65\x0C\x70\xED\xB9\xA5\xD4\x8D\x81\x65\x0F\x0C\x0C\xE2\xA0\x3B\x31\x7E\x4C\x4F\x85\x8E\x30"
"\x57\x5E\x11\xD1\xE2\x9C\x58\xC8\x93\x5C\x0C\xCC\xFB\x98\x93\x31\xDD\xC9\x7A\xFD\xF0\x94\x79\xE3\x03"
"\xBB\xBD\x74\x40\x49\x21\xCE\xCB\xEB\xEE\x30\xA4\xC1\x23\x27\xBA\x33\xDC\xCB\x98\x12\xA8\x4A\x05\xB2"
"\xF8\xDA\x15\x05\x28\xF9\xD1\x1B\xC0\x94\xF5\xA6\xD3\xE9\xEC\xF3\x79\xF5\x01\x21\x4E\xA7\x13\x64\x6C"
"\xBD\xDE\x20\x1C\xAD\x2C\x45\xE8\x92\x5C\x2A\x0A\x8A\xDC\x32\x95\x54\x24\xDE\x66\xDC\xB7\x03\x3A\x8A"
"\x3D\x4B\x8B\x4A\x3E\xE8\xD8\xA2\x3E\xC6\x3C\x89\xEB\x8A\xC4\x56\x5D\xEA\xAF\x01\xC4\x8C\xEB\xBA\x31"
"\x07\x13\xE5\x9E\xAD\x9B\x00\x2D\xD5\xC3\x27\x48\x9B\x4D\x70\x69\x5B\xE4\xF5\x90\xDF\x38\x37\xC5\xD2"
"\xEB\x67\x99\x6E\x41\x87\x22\x49\x33\x66\x10\xC9\x09\x7E\x18\x29\x89\xF9\xF5\xDC\x44\xA3\xCC\x48\x66"
"\x1B\x51\x1D\xCF\x86\x79\x68\x59\x52\x44\x3F\x96\xED\xF5\xFD\x1C\xE7\x21\x06\x75\x55\x41\xC4\xA0\xD3"
"\x32\xAE\xAE\xA8\x7C\xB4\xDB\xB8\xF5\x31\x6C\x10\x3E\xA0\x44\xD1\x60\x8C\x4B\x98\x4C\xE6\x9F\x1F\xFB"
"\xC7\xFB\xF9\x7C\xF7\xF1\xF1\xF1\x39\x9B\x4C\x27\x93\xE9\x4F\x96\x35\xA4\xFC\x10\x1D\x24\xCE\x68\x9C"
"\x5A\x27\x65\x4F\xA1\x83\x94\xCB\x20\x18\x65\xC4\x05\xBC\x56\x3D\x55\x5C\x52\x5F\x0E\xCF\xC3\xD9\xCE"
"\x95\xA0\x96\xC0\xA3\x90\x79\x40\x9D\xC9\xC9\xD9\x85\x76\xF1\xBB\x42\x5F\x19\x05\xFC\x84\x47\x66\x91"
"\xA9\x37\xDD\x0B\xFE\x1A\x1E\x8E\xC5\xE5\xA5\x85\x13\xB4\x97\x88\x9C\x20\xC0\xDC\x1E\x45\xD2\xBD\x26"
"\x85\x59\x53\xBB\x2C\xFA\xC8\x3A\xD3\x9F\xDB\xFD\xE4\x69\x14\xBE\x50\x87\x4F\xA2\xE8\x60\x99\xA9\xEA"
"\xE5\x65\x94\xBB\x2D\xA0\x10\x79\xF8\xC6\xF8\x0C\x66\xA5\xCA\x60\x93\xDA\xFA\xEE\xF7\xFC\x71\xB9\x5A"
"\xAD\x96\xCB\xC7\xD5\x6A\xF7\xFA\xB8\x5C\xCE\xE7\xDB\xBB\x6F\x13\x7E\xD4\x15\x1F\x64\x05\x3F\xA9\x1B"
"\x1B\x30\xC2\xB3\x43\xAC\x7B\xA0\x0E\x5C\x32\x44\x4C\xFC\x70\x50\x37\x20\x83\x48\xC7\x3E\x32\x7F\x6F"
"\x47\x18\x2F\x34\xAE\x92\x86\xA1\x3D\xAF\xC6\x3E\x22\x5D\x96\xDF\x96\x5E\x02\xDE\x35\x76\xE7\x90\x1E"
"\x8C\xF0\x41\x27\x2C\x41\xE8\x72\x76\xB9\x35\xEA\x11\xEA\x30\x08\xA4\xFF\xB6\xF3\xF2\x5C\x05\x0D\x68"
"\xEE\x52\xCD\x82\x2F\xE8\x87\xB0\xDC\xDE\x28\xAD\x47\x85\x99\xA0\xE4\xE8\x0D\x93\xF0\xAC\x78\x59\x4A"
"\xEA\xCC\x90\xE7\xD5\x98\x9F\x57\xB4\x47\x75\x5D\xCD\x3E\x36\xCB\xFB\xE5\x72\xF5\x08\xD1\x41\x82\xAF"
"\x8F\x8F\x0F\xCB\x87\xF9\xAF\xF5\x7A\x3E\x5B\xDC\xF5\x26\x93\x51\xDE\x7E\xAF\x75\xCA\x14\xB7\xB8\xD6"
"\xE1\x42\x2C\xC5\xBD\xC4\x27\x0C\xD8\x13\x7F\xB3\x84\x39\x95\x14\x2F\x97\xEF\x4F\x75\x9B\x79\x21\x6B"
"\x5C\x67\xF9\x4D\xA5\x52\x83\x9C\x95\x3B\x69\xFB\x18\xF4\xED\x41\x48\x31\x22\xA9\x46\x17\x92\xFE\x75"
"\x43\x87\x9C\xB0\xCF\x40\x17\x49\x2A\xCE\x3C\xBD\xF0\xF9\x89\xCB\xBD\x6C\xC2\x0F\xE3\xCF\xB6\xB2\x4F"
"\xCA\x83\x4B\x2C\x23\x1D\x17\x8B\x8A\x07\x8A\x94\x8A\xE1\xA8\xCA\x43\x66\x58\xE6\xC5\xF1\xA9\x70\xAF"
"\x67\xEE\xB3\x85\x41\xA1\x06\x42\x8C\xCD\x55\x9E\x5F\xB7\x93\xD9\x72\xB5\x81\xFA\xBD\x42\x7A\xEB\xE5"
"\x6A\xF9\xF0\xF8\xF0\x00\x65\xDC\xEE\x76\xBB\x5F\x73\xFF\xF8\x09\xA3\xD8\x3B\x39\x6B\x65\x39\xF5\x9A"
"\x96\x9F\xE1\x14\x8E\xDD\x9D\x26\xE6\x3A\x07\xB9\x99\xEA\xA8\x2B\x4C\x20\xFB\xB1\x40\x88\x41\x3D\xA3"
"\x81\xB1\xE5\xC9\x5F\xFF\x19\xFC\xD3\x9D\x6E\x0B\x3F\x58\x3E\xEB\x54\xD2\x6F\x26\xCE\x15\x7B\x2A\x66"
"\xF5\x9F\xC6\x61\xC8\x68\x9C\xF2\x7F\x24\xEB\x04\xA5\x15\x45\x8F\xA9\x09\x30\xF2\xF0\x43\x15\x4F\x3C"
"\xF8\xA6\x6E\x51\xC8\x71\x81\x98\x34\x71\x85\xD1\x80\x67\x4A\x41\x26\x73\xA4\x21\xE3\x83\xE2\x1C\x0E"
"\xCA\x03\xFE\x32\x04\x49\x03\x7D\xA2\x23\x35\x96\xE4\x2C\x2A\xAB\x1A\x1C\xA6\xAB\xBC\xBA\x9A\xFC\xBE"
"\xBF\xE7\x01\xDE\x40\x76\xF8\xFB\x11\xFA\x07\x11\x2E\x97\x2F\xDB\xC7\xF5\xEA\x71\xB9\xDB\x7D\xEC\xFF"
"\x6C\x66\xB3\xD9\xDD\xDD\xEC\xAE\x17\xF5\x4E\x4E\x4E\x4A\xE5\x67\xD0\xC0\xA2\xB4\x82\x83\x5C\xEB\x57"
"\x09\x10\x79\x44\x3F\x3D\x0E\x99\xB2\xC1\xF1\x89\xCA\xC6\xE3\x1B\x8F\x20\x33\x64\x3E\x08\x81\x5C\xC8"
"\xB2\x76\x8C\x85\x06\xFE\xA4\xEB\x82\x11\x8A\x59\x56\x5D\x71\x99\x87\x28\xAE\x0D\x29\xAA\x79\x38\x45"
"\x24\x11\x1D\x0F\x34\x50\x31\x31\xFF\xC3\x0B\xA8\x76\x5B\x0C\x2D\xC3\x0E\x96\x2D\x58\x3C\x95\xFC\xEC"
"\xD3\x0B\xC6\x2E\xD7\x38\xE9\xF4\xBD\x88\x96\x6A\x84\xD2\xCD\xE1\xF2\x3D\xF0\x52\xE2\x86\xD3\xC6\x07"
"\x30\xA6\x80\x61\xFC\xF0\x8F\x26\x9D\xFC\x5E\x41\x74\xF8\x8F\x36\x70\xBD\x7A\x95\x08\x97\xF8\x58\x3D"
"\x2C\xF1\x29\xCE\xF4\xDB\xC3\x7C\xB3\xDB\xEC\xB6\x1F\xF3\x3B\x7D\x24\x54\xC7\x5E\x81\x57\x6A\x6B\xB3"
"\x0F\x8A\x1C\x99\xDF\x5B\xF1\x31\xE9\x8C\x74\xAE\x04\xB4\x31\xE7\xC2\x9F\x1C\xBB\x77\xA1\x39\x67\x32"
"\xE8\xC7\xB4\x1E\xF1\x1E\x61\xC7\xFA\x21\xEA\xAE\xF2\xE3\xDB\x35\xA5\xEC\x77\xC7\xAA\xD4\x6F\xF3\x18"
"\xA6\x2A\xF8\xF4\x19\xBB\xA0\x38\x7D\x52\x0D\x24\xBD\x16\x67\xB0\x46\xF6\xCD\x04\xA3\x30\x4F\xA2\x2A"
"\x57\x32\xFA\xAF\x7D\x83\x2B\x2D\x58\x45\xCB\x29\x3E\xF8\x7A\x86\x4E\x35\xFF\xF7\x9F\x98\x39\x18\x2D"
"\xF8\x5E\x68\x40\x45\x7D\x65\x79\xBD\xA8\xAF\xA7\xEF\x14\x16\x3F\x1E\xA9\x72\x90\xD8\xE3\xF2\x75\xB5"
"\x5C\x3C\x3E\x2C\x1E\x25\xC7\xD5\x03\x3E\xEE\x5F\xDF\x16\xBF\x1E\x3F\x76\x6B\x28\xA4\x62\x9D\xE9\x97"
"\xDE\x29\x73\xD7\xE6\x86\x39\x55\xDF\x12\x8F\x5C\x75\xE0\x20\xBE\xFE\x91\xF5\x72\x7F\x26\x79\x0F\x2A"
"\xAB\x46\x20\x6D\x4C\xB2\xCE\x59\x2A\x98\x80\x7B\x61\xCD\xC2\x42\x75\x13\xE2\xA8\xD6\xBF\xA2\x90\x13"
"\x56\x79\xF0\x3C\x7A\x13\xA6\x6A\x89\x4A\x59\x26\x40\x04\xDC\x2C\x41\xC0\x47\x56\x15\x25\x22\xF1\xA5"
"\x41\xCD\x73\x0A\x66\x14\xAE\x50\x8F\x4E\x5F\x62\xF8\xCD\xC6\x80\x75\x23\x20\x4B\xFE\x7E\xDD\x69\x9E"
"\x5D\x49\x26\x71\xC3\x13\xE6\x52\xC2\x8A\x5A\x5A\xFD\x6F\xBA\x58\x6C\x56\x8F\xDB\xF5\x6A\xB5\x7E\x7C"
"\x95\x16\xEA\x20\xC3\x14\x3E\xDC\x9B\x1A\xAE\x1F\x20\xC8\x05\x9D\xF4\xE3\x3D\xDC\xCC\xEA\xF5\x03\x31"
"\xCF\xC7\x5C\x52\x9C\x4E\x50\x9B\x47\xD5\xCB\xB4\x89\x2A\x61\xAE\x63\x14\x92\x40\xCF\x82\xAC\xA2\xD1"
"\xE8\x00\x54\xB2\x25\xC1\xA2\xE9\xAC\x94\x3C\x39\xA6\xA2\xF4\x37\x50\x58\x9E\x8E\xEA\x8A\x39\xC5\xA8"
"\xAA\xBB\x3A\x37\xE5\xC7\x37\x40\x76\x2F\xB5\x67\x49\x20\x51\x56\x9C\x30\x17\xD6\x11\x6E\x21\x38\x89"
"\x4D\x61\x24\xF5\xAB\x74\x13\x71\x91\xFF\x3F\xB4\xCA\x52\xF4\xDC\x43\x0B\x05\xD0\x70\xDA\x75\x7E\x35"
"\xB2\xCE\x10\xDF\x49\x67\x35\xC4\xFD\x7E\x99\x99\xA5\x12\xE3\xD3\xE9\x7E\xB1\xA1\x07\x86\x02\xAE\x9E"
"\x79\x86\x1F\x1F\x78\x76\x97\x8B\x87\x85\x1D\x64\x7C\x4E\xB9\xAE\x74\xCC\xA1\x9B\xA6\xAC\xF7\xBF\xA0"
"\x8B\xBB\x5F\x1F\x77\x5F\x27\xDF\xBE\x7D\x83\x5E\xAB\xE0\xA8\xDC\x33\xEE\xAB\xD2\x6D\x0F\x3A\xD8\x38"
"\xE5\x53\x75\xB8\x0E\x26\x48\xF8\xF9\x86\xD7\xD1\x58\x8E\x3E\x32\xA5\xF3\xE2\x61\x2D\xD5\x30\x8F\x5A"
"\x8D\x6A\xB5\x93\xA4\x47\x55\x9B\xD1\xE2\x0E\x98\x3F\xF6\x15\xDA\x21\x22\xE6\x1B\xB3\xD2\x0F\x0D\xFC"
"\x51\x31\xEE\x2A\x99\xF9\x41\x72\x8C\x62\xE0\x41\x6A\x05\x33\x26\x9D\xE6\xD8\xAB\x0F\x58\xCB\x0A\x19"
"\x97\x4E\x6E\xAA\x96\x58\xC5\x20\x4F\x0F\x51\xCA\x5E\x49\xD9\x78\x7A\x3D\xFE\xB4\x10\x2A\xCE\x50\xA0"
"\xEF\x4D\x37\x0F\x2B\xA9\xDC\x33\xC3\x40\x7C\x40\x4E\xAF\xA6\x80\x8F\xCB\x07\xB8\xE6\x35\x3C\xF3\xFA"
"\xE5\x19\x5F\x7A\xEC\x04\xF8\x8A\xBF\xDE\xDE\x1E\x5E\xDD\x4B\xFF\x9E\xA6\x79\x0F\x46\x79\xD4\x36\x65"
"\xD5\x64\x2C\xF3\xF1\x2E\xBE\x8E\x83\xF5\x6F\x83\x28\x23\x56\x06\xDD\x4B\x42\xE8\x50\x27\x5C\x1B\xCD"
"\x49\xD1\xE8\x24\x55\xFE\x73\x76\xA4\xAC\x18\xC3\xEF\x0E\xAF\xEA\x34\x8D\xAA\xB2\x28\x42\x64\xE1\xCD"
"\x8C\x3E\xFB\x41\x68\x16\x30\xDA\x0F\x4E\xE4\x4A\x02\x84\x18\x98\xD1\xF2\x17\xEA\x12\x72\xAC\x8A\xAE"
"\x62\x1A\xAE\xA6\x7F\x14\x24\x59\x3D\x81\xF6\x0F\xA5\xC7\x4A\x36\xB8\x94\x66\x5E\x1E\x85\x33\xD2\x40"
"\xA4\x75\x08\x3D\x90\x01\x2B\x0C\xEB\x4D\xF7\xF7\x38\xBA\x38\xC1\xD0\x39\x78\x0F\x33\x7B\x14\xA3\xFE"
"\xB9\xA4\x2C\xD7\x52\xC0\x67\x08\xEE\xF9\x99\x9F\xBE\xAE\x25\xC5\xB7\xD7\x57\xC6\x3B\xF0\x2F\x1F\xF3"
"\x19\x3F\xEE\x4E\xCE\xE0\x5C\xCE\x90\xE3\xC0\xB9\x24\xCA\xB3\x24\x3F\x55\x1B\xB2\x70\x90\x29\xCD\xCA"
"\x14\x81\x65\xC2\x26\xA8\x5C\x5D\xEB\x2B\xE1\xAC\x14\x85\xD5\x6F\x8A\x62\x44\x9D\xAA\x15\x6F\x54\x16"
"\x63\x78\x00\x99\x5B\x75\x7A\x40\x09\xB2\xE9\x86\x58\x06\x1A\x58\xB9\x23\xAE\x65\x3D\x13\x3B\xFC\x75"
"\x4D\xA7\xCC\x8A\x69\x71\x48\x3A\x3C\xC3\x8C\x8E\xCC\x70\x5A\x5C\xD7\x2A\x5C\x8C\xAA\x83\xE1\xC3\xEF"
"\xB7\x41\xEE\x4D\xA3\x92\x13\x32\x8A\x01\x63\x91\xEC\x32\x9A\x7E\xC8\xE8\x41\xA5\x18\xFF\xDD\x9B\xE7"
"\x5D\x3E\xF2\xEF\x05\x3F\x79\x85\x66\x3E\x2F\x29\xBD\xD5\x9A\x4A\xBA\x84\x24\x4D\x80\xAF\xB4\x99\xD2"
"\xC8\xC5\xFB\xFB\x0A\xE1\x8E\x39\xE9\x29\x7A\xCD\x90\x63\x9C\x37\x38\xD9\x99\x6A\xAF\x5E\x10\x61\x55"
"\x2D\xB3\x70\x1E\x97\x58\x36\x56\x27\xC4\x09\xA2\x80\xFC\xA9\x1F\x8C\x13\xA5\xA5\x6A\x27\xCC\xA3\x4E"
"\x56\x2E\xA3\x5E\xE5\xE3\x4E\x17\x74\xAA\x51\x59\x57\x0C\x9F\x45\x2E\x40\xFC\x52\x5D\x5B\x2E\x5C\xB8"
"\x7E\xB1\x1A\x06\xC1\x54\x43\xEA\x66\x5B\x85\xAE\x89\x77\xAB\xDC\xDB\xF3\x2D\x86\x0A\x79\xEA\x5A\x87"
"\xD5\xA4\xD6\x34\x6E\x74\x8A\xA4\x49\x32\x5C\xAF\xC2\xD8\xF2\x86\x55\x84\x32\x6A\x7A\xD3\x8F\xC7\x27"
"\x18\x40\x88\x88\x5A\x07\xC9\xDD\x3F\x2C\x60\x04\x97\xF7\x92\x1E\xCC\xDE\x1A\x6A\xF7\x24\x25\x5C\xAF"
"\x70\x9C\xD7\xAB\xE7\xED\x7A\x4D\xA7\xF3\x88\x83\x8C\xDF\x5C\x2F\x19\x39\x3E\xFC\x82\x36\x22\xF4\x76"
"\x31\x4E\xEF\x6E\x4E\xD0\xFB\xED\x65\x37\x37\x4D\xC8\xF8\xB2\xCC\xCC\xBD\x8E\x46\xED\xA9\xDD\xE1\xE9"
"\xB7\x12\xE0\xB8\x7B\xE8\xB9\x84\x00\x75\x18\x5E\xE9\x6E\xAF\x72\x55\x66\x90\xCF\xB3\x60\xC9\xD7\x48"
"\xAD\x54\x50\x28\x56\x64\x31\x21\x45\x53\xE9\x8A\x3D\x94\xBA\x6E\x6B\x46\xC7\x34\xBA\x7D\x73\x0F\x90"
"\x69\x65\x55\x59\xE8\x63\x91\xB4\xC5\x51\x72\x18\xC5\x0D\x4B\xD0\x6A\x51\xF1\x0D\x0B\x69\xB1\xF2\x92"
"\xD0\xD0\xA9\x68\x4B\x75\x78\x4A\x25\xA3\xAA\xA9\x33\xE2\x98\xDC\xAD\x1F\xD7\xFC\x80\xB0\x16\x8B\xC5"
"\xC3\x3D\x3E\x70\x6A\xDF\x96\x48\x48\x20\x99\xD7\x35\x74\xEE\xF9\x19\x3F\xB2\x92\x08\x9F\x71\x96\x9F"
"\x28\x3F\x49\xF4\x75\xF9\xBA\x7E\x94\xDF\x7E\x58\xBC\xC1\xE9\x30\x02\x5F\xFD\xF9\xF8\xD8\xEF\xDE\x36"
"\x90\x21\xC2\x1D\x36\xA0\x51\xDB\xBA\x29\xD9\x1C\x61\x94\x12\xF4\x6B\x24\xF7\x2C\x6F\x5C\xE1\x32\xDA"
"\xD2\x53\x16\x2F\x52\x65\x21\x0C\x23\xDE\xC2\x4C\xE1\x55\x51\x34\x9D\xE7\xCE\xCA\x43\x3C\x67\x21\x1E"
"\x9B\x4E\x05\x6C\xA0\x24\x08\xB5\xAD\x8A\xBF\xA2\x48\xFD\xFC\xD0\xF5\x8A\xCA\x9C\x58\x71\xCC\x0A\xB6"
"\x7C\x08\x4A\x56\x63\xE5\x9E\xB5\x87\x8F\xB8\xCC\x54\xAF\x52\x06\xAB\x92\xD3\xA5\xD3\x1A\x51\x01\x51"
"\x8D\x6A\x7A\x77\x1F\x73\x28\x12\xE4\x44\xFD\x5B\xDC\xDF\x43\x88\x9B\x0D\x15\xEB\x95\x5F\x79\x84\x0B"
"\x59\x2F\x9F\x5E\x97\x54\x4E\x8A\x6C\x0B\x81\xBD\xBE\xAE\xFF\xAC\x77\x6B\x86\xDF\xC8\x9E\x19\x3E\xD2"
"\x70\x52\xE4\x38\xCF\xC8\x09\x57\x0F\xBF\xE6\xF7\xF7\xDB\xFD\xFE\xE3\x63\x33\x65\x3D\x62\x3A\xA9\x54"
"\xD8\xCA\xD5\x38\x51\x15\x8A\x6A\xD8\xB7\x8A\xCB\xD1\xC7\x20\xF7\x6A\x6B\xDE\xB7\xE3\xAC\x52\xAB\xCA"
"\x2B\x55\x48\x47\xAA\x32\xF3\x74\x32\xF3\x93\x67\x85\x1A\x35\xA0\x86\x28\x67\x31\xFA\xBB\x2A\x14\xC1"
"\xFC\x25\xC2\x91\x19\x81\xBA\x08\x15\x68\xFE\x71\x61\xF9\x27\x9F\x42\xC3\x32\x8F\xE2\xE7\x2A\x57\x0E"
"\x53\x9B\xDD\x6E\xFE\x2A\xD5\x14\x0D\x63\x68\x77\xC7\x38\x4F\xBD\xE9\xEE\xE9\x75\x4D\xAF\x00\x19\xFC"
"\x7A\xA0\x08\xDF\xDE\x5F\xA0\x7C\x3B\xC8\x05\x92\x7D\x58\x3E\xAD\x9F\x9E\x20\xAA\x85\x99\xBB\x2D\x7D"
"\xC9\x7A\xFB\x47\xAE\xF9\x55\xD6\xF2\x75\x0D\x77\x0D\x7F\x8D\xF8\xC7\x2A\x3A\x2B\x5A\xCF\x15\xDD\x11"
"\xFC\x0C\x7C\xF4\xAF\x8F\x59\xF2\xED\x6B\xF9\x13\x21\x37\x00\x0E\x5F\x3C\x22\x2E\x73\x6B\x59\x7B\x94"
"\xCA\xDA\x9A\x15\xFB\xD9\xDD\x88\xE4\xFB\xB2\x2E\xFA\xB3\x4A\x76\xEC\x51\x58\xC3\x3E\x85\x9F\x40\x75"
"\x3F\x29\x43\x04\x79\xC5\xF5\xBF\x27\x96\x03\x57\xC5\xA1\x36\x15\x74\xD5\x0E\x6D\x5D\x7B\x50\xD3\x16"
"\x72\xFB\x56\x92\x69\xF9\x4B\x2D\xCF\x7C\x55\x1C\xE2\xFA\xC3\x6F\x5B\x47\x61\x68\x46\x41\x39\x08\x73"
"\x3C\xAA\x82\x4C\x20\xA3\x63\xC4\x2D\x4B\x1C\xC2\xF7\xD9\x2D\x75\x66\xF6\xB1\xFB\xF3\x67\xF3\xF8\xFA"
"\x26\x97\xB2\x5E\x6F\x56\x16\x0B\x22\x4E\x84\x7C\xA0\x95\x38\xC6\x6B\xF9\x63\xC9\x90\xAA\xAA\xC4\x85"
"\x12\x86\xA0\xDF\xE4\xCA\x37\x74\xEC\xF3\x39\xB5\x79\x3E\x43\x61\x67\x7A\xC2\xC2\x77\xDE\xC2\x49\x97"
"\x6D\x88\x25\x32\xF9\xE8\xCC\x9F\xB3\x75\xEA\x74\x24\xB3\x3C\xFF\x3F\xA5\x29\x8F\x60\x73\x65\x32\xAC"
"\xB7\xA4\xD6\x57\x63\x71\x14\x95\x83\x61\xF1\xEF\x49\x5D\xAB\x35\x5A\xFC\x37\x11\x84\x44\x99\xDD\xC9"
"\x1D\x37\x0A\xCD\xD9\x42\x3F\xFA\x36\xDE\x19\xE9\xA4\xC5\xA2\x51\x57\x39\xD3\xBF\xE1\xC6\xE2\x4E\xA4"
"\x23\x18\x6E\x78\xE2\x2A\xB5\x32\xE7\xC9\xF4\x63\xBD\x56\xFA\x8B\x34\xE3\xE1\x61\x31\xBD\x4C\x19\x45"
"\xE2\xD4\xE1\x7F\x1F\xBF\x37\xFB\xFD\x72\xBE\x84\xC7\x78\x7D\x55\x18\xBD\xE6\xFF\x65\x31\x9F\x21\x1F"
"\x8B\x1A\x15\xF8\x20\x64\x44\x0E\xF8\xC6\xF3\x4B\xF1\xBD\xB1\x9A\xB3\xA5\xF4\x69\x27\x5F\xE5\x5D\xDE"
"\x2D\xD6\x99\xA0\x69\x00\xA8\x48\x43\xE7\xC6\xD8\x03\xC5\x7D\x19\x3E\x86\x34\x16\xD1\x32\x3B\x4B\xF2"
"\xBF\x44\x58\x55\xAE\x0A\x08\xA2\xFB\x1E\x80\x30\x8F\xAE\x83\x22\x42\x37\xD0\x93\x1B\x0E\x4F\x68\xBE"
"\x4C\x27\x8F\xB2\x48\x41\x8A\x98\xDB\xD1\x15\xD3\x3E\x2A\x48\x2A\x02\x80\xC1\x53\x0C\x7C\xAD\xF4\x1A"
"\xBC\xEA\xF5\x78\x81\x1B\xBD\x6B\xC1\x5F\xCC\x5D\xA9\x47\x5D\xA3\x2C\x62\xDB\x1B\x02\xC4\x79\x94\x1B"
"\xC5\xFF\x7F\x4F\x4F\xFF\xC7\x52\x75\xC3\x92\x7E\xF4\x53\xB9\xDA\xEC\xF3\xE3\xF3\xF3\xF3\x03\x3E\x76"
"\xB3\xB5\x00\xF0\xF9\x19\x7E\x07\x4E\x9B\x96\x91\x11\x37\x03\x1E\xFD\xA1\xC4\xF9\x95\x5F\x59\x6D\x79"
"\x9A\x77\x8C\x77\xDE\x5E\x59\x8F\xA0\x8D\xD8\xA0\xDA\xBD\xDB\xCF\xAC\x20\xD1\x3B\xEB\x21\xD8\xA1\x5B"
"\x81\x00\x23\xF6\x16\xC6\xD6\x01\x4E\x13\x6B\x9E\xF5\xD5\x5D\x57\xD5\x1B\xB7\x5A\x55\xAE\x77\xD0\x58"
"\xD7\x44\xDE\x04\x7C\x0F\x32\x90\xDA\x7A\x25\x00\xB4\x15\x27\xDF\x6B\xE5\xB3\x45\xA8\x27\x77\xD5\x66"
"\x3C\x02\xD6\x0D\xF8\xAD\xA1\x19\xCE\x16\x32\x43\xF5\x48\x79\x13\x63\xCE\x5A\xB6\xAF\xF0\xDA\x50\x23"
"\x3C\xD1\x8D\x87\x56\xD5\xA8\xA8\x8E\x14\x56\x11\x14\xF2\x9F\x12\x4E\x78\xFB\xF4\x67\xA5\x18\x10\xE5"
"\x82\xD9\x64\xD0\xC8\x42\x56\xE3\x71\x53\x35\xA7\xA7\xA7\x67\x27\x53\xBB\xE1\xF9\x07\xE5\x08\x33\x47"
"\x0F\x03\x15\x7C\x86\x5C\x9E\x64\xFB\xA8\x7B\x4A\x96\xA9\xA0\x16\x21\xAE\xDE\xE5\x4D\xB6\x8A\x11\x55"
"\xE6\xDE\xFC\xA1\x05\xA0\x9F\xDE\xE1\x75\x3E\x3E\x2D\x93\xFE\x79\x12\x9F\x9D\x5D\x66\x82\x8B\xB1\xC8"
"\x60\x21\x37\xAB\x0C\x5E\x76\xC6\x85\x5E\x2A\xBA\x49\x2B\xA8\x41\x65\x2E\xA7\x64\x82\xD3\xB2\x08\x79"
"\x00\x42\x19\xB4\x80\x1A\x58\x0F\x8B\xBA\x28\xFE\x7B\xFC\x93\xBA\x50\x24\x08\x29\xB9\x99\x93\xDB\xCD"
"\xD1\xCA\xEA\x5B\x9D\x2D\x97\x7E\xCA\x17\x4B\x42\x65\x97\xB4\x99\x05\x1D\xA9\x3A\xA6\xAC\xB8\x34\x9B"
"\x83\xEB\xBE\x39\xB9\xFB\x9C\xF3\xAE\x79\x18\x7F\xBD\xAD\x6E\xD3\xF1\x60\x5C\x09\x00\x92\x95\x63\x68"
"\xE2\xF8\x9F\x9B\xFC\x74\x38\x3C\xED\xF5\x4C\x8E\xF4\xAC\x1F\xBB\x27\x44\x31\x14\x1F\x12\xE6\x25\xE5"
"\xF7\xB0\xD0\x29\x56\x39\x7B\x2D\x5B\xB9\x91\x37\x66\xB6\xB2\xB2\x42\xCF\x6A\x8B\x2F\xC1\x54\xC0\xC9"
"\xE3\x6B\xF0\xDD\xFB\xC7\xF9\xFC\x63\xC6\x6A\x04\x32\xA2\x2F\x5F\x2C\xDA\x66\xA1\x60\x60\x88\x20\x85"
"\xDC\xD9\x51\x3F\xC5\xCB\xB7\xB4\x84\x63\x49\xAC\x9F\x1E\xBE\x21\x5C\x28\xFA\xE1\xB0\x81\x43\x6A\x59"
"\x5D\x59\x4B\xCE\x4F\x28\x7C\x3A\xEE\x1C\xB1\x21\x4A\x2D\x45\x9D\xFF\x25\xDE\xE4\x60\x62\x29\xE2\x34"
"\x24\x6E\x09\xE1\x68\xDE\x77\xB0\xC8\xBF\x32\x8F\x56\x33\x18\xF7\xC6\x54\x1F\x02\x7C\xA5\x3A\x21\x38"
"\x41\xF0\xF1\x6B\xA2\x92\x71\x96\x99\x47\xBC\x51\xD5\x5F\x47\xBA\x6D\x63\x08\xF1\x64\xC2\xB2\xEA\x1D"
"\x1A\x50\xB4\x69\x0F\x8F\xEB\xE5\x06\x87\x1F\x21\xCB\xFD\xC2\xE2\xED\xA5\xBB\xE1\xD5\x66\x23\x01\xFE"
"\x59\x85\x8F\xB5\xAB\xE6\x52\x56\x92\x5D\x03\x7A\x17\xE8\xE2\xC7\xDD\x49\x73\x19\x7D\xA1\xA0\xC6\x63"
"\x6A\x5C\xD2\x04\xC4\x53\x68\x9B\x20\xB8\x2E\x43\x62\x15\xEC\x5F\xDA\xD5\x07\xBD\x79\x02\x04\x69\x7C"
"\x71\x4D\x27\xC2\x9C\x17\xE5\x45\x7C\x3F\x75\x74\x90\xDB\xC0\xA6\x46\x4E\x5C\x14\x5D\x51\xBA\xCC\xFF"
"\x7F\x3F\xBC\xBB\x25\xA8\x0A\x8C\x9D\xA5\xEB\xFC\x5F\x4A\xF5\x95\x3D\x41\x4A\x82\x67\x04\x01\xAE\x19"
"\xC4\xD0\x9E\x3D\x3C\xCE\x27\x67\x01\xCC\x32\xB6\xBF\x81\x94\x31\x03\x52\x31\x2B\x83\x6D\xA4\x18\xA7"
"\x72\x06\x33\x98\xB4\xFD\x7E\xB7\xBC\xA7\x00\x19\xCC\x20\x49\xA1\xEC\xB6\x74\x21\xE1\xE3\x0F\xFC\xB7"
"\x94\x11\x02\xDC\x98\x78\x59\xB9\x58\xA9\x32\xC1\x90\x7B\xF3\x38\xBF\x6B\xBE\x5C\x8E\x61\x01\xA3\x71"
"\x16\xB0\x13\x14\x49\x64\x68\x39\xCB\x03\x43\x75\x30\xB6\xBE\xE0\x5F\x18\xC6\x44\x5E\x9B\xF8\xDD\x21"
"\x8F\x70\x75\x15\x8A\x06\x69\xFE\x17\x26\x40\xBE\x08\xD1\x0B\x05\xA1\x16\x4E\xCC\x57\xA0\x42\x22\xDD"
"\x2E\xB3\x43\x12\x9E\x17\x51\xE4\xAD\x90\xC3\x21\x66\x87\xBD\xA8\xF4\xBA\x4D\x15\xAA\x60\x15\xE3\xE8"
"\xF5\x1F\xBA\x58\x1C\xE1\xC5\x9F\xA7\xC9\x29\x12\x06\x16\xA4\xBC\xE1\xD6\x87\x20\x4B\x3D\xC0\x46\x40"
"\x22\x98\x46\x34\x73\x11\x8C\xC4\xF1\xE9\x64\x7E\xAF\x4A\x0C\x62\xC7\xC5\xDB\xE2\xE1\x95\x25\x9B\xA5"
"\xE9\x19\x63\xEE\x0D\x44\x07\x3D\xFC\xB3\x0A\x39\x20\x6A\x65\x8C\x1D\x51\xCF\xA1\x43\x41\xD5\x76\x8D"
"\x22\xF7\x9F\xDD\xEA\xED\x71\x36\xED\x35\x37\xBA\xD8\x46\x4D\x57\x94\x4E\xB2\x34\x55\x85\xD6\x11\x8E"
"\xC2\x33\xFD\xDD\x4D\x3A\xD2\x15\x60\xA1\x53\xC3\x57\x5D\x7F\x87\x06\xA6\x65\xAB\x9A\x43\x1A\x25\x06"
"\x8D\x3C\xD4\xB1\xAD\x4A\xD6\x86\x9A\x84\x97\x58\x79\x32\x47\x21\x70\x6C\x58\x65\xA7\x7A\x32\x9C\xB2"
"\xB6\x4E\x85\x88\x89\x86\xA5\x61\x47\x13\xF2\x6E\x78\x98\x47\x0D\x0D\xCA\xA4\x77\xB7\x67\x9A\x0B\x2D"
"\x44\x20\xB2\x5B\x43\x80\x99\xD7\x4E\x32\x03\x07\xE1\x1F\xCD\xC0\x7B\x7A\x56\xB8\xC7\x57\xBF\x32\x08"
"\x69\x7F\x4E\x26\xB7\x93\xD1\xDD\xE3\xFC\x97\x6A\x10\x9B\xED\xCE\xB4\x0E\x9A\xB6\x85\x94\xF8\xB2\x10"
"\xE1\x56\x67\x16\x12\x44\x0E\xB3\x44\xC5\x9B\x29\x4F\xA7\xA0\xFA\xE6\xC3\x6E\x75\xD7\x53\x3D\x71\x1C"
"\x30\x6D\x16\x4F\xE7\x01\xDE\xC7\x4B\xD5\xB1\xF3\xD2\x72\x27\xCC\xDC\xF1\xBF\xB1\x6B\xDB\xF7\xEB\x93"
"\x9A\xE5\x43\xF7\x22\x40\x99\x84\x54\x62\x74\xA8\xBE\xE8\x2C\xB6\x5D\x2B\x98\xE5\xAB\xAA\xF2\xF2\x50"
"\xF9\x9F\x63\x4C\xD9\x57\x37\xE8\xDB\x8E\xAB\xE3\x12\x87\xF5\x9C\xD0\x0A\xAA\xA7\xB3\xCD\x5C\x07\x6C"
"\xCD\xA2\xD5\x7C\x12\x59\x83\x2D\x0B\xE8\x15\x82\x07\x2C\x96\xA0\x2C\x69\x11\x84\x08\xEE\xB3\xBB\x52"
"\x33\xA5\xA9\xD5\x3B\xFE\x3A\xA3\x8F\xFE\xA0\x3C\xCC\xF8\xE1\xC5\xB6\xEB\x2D\xA4\xB6\x5D\x6F\x90\xE1"
"\xBD\x4A\x03\x11\xFF\x2C\xE1\x7C\x96\x6E\x11\x59\x53\x64\x84\xBE\x79\xFB\x9C\x5D\x42\x80\x65\x33\x3E"
"\x9C\x23\x47\x52\x0E\xFA\x86\xAA\xBE\x39\x18\xC1\xD0\xEB\x34\x11\x11\xF9\x6C\xF8\x69\xC0\xFF\x8A\xEF"
"\xF4\xC2\x2A\x8B\x15\x47\xEE\x21\xF8\x64\x3B\x8A\x65\x4D\x03\x59\x79\xA6\x08\xA7\xDC\x56\x6D\x95\x77"
"\xA5\xA0\xEA\xFF\x61\x11\x1B\xDD\x74\xE6\x4F\x97\xBF\x52\xFB\x8F\x9D\xCC\x3E\x1F\x1E\x69\xB1\x50\x23"
"\x58\x6E\xE7\x93\x61\x28\xB6\xB1\x5B\x7E\x86\xFE\x5B\x66\xB5\x9C\x2C\x58\xA3\x28\x74\x8F\xD4\x55\x61"
"\x53\x05\x78\xC4\x38\x3A\x99\xA8\xBA\x7F\x67\x21\x23\x8A\x8A\x90\xE2\x4E\x01\x37\x24\x48\x0F\xBD\x58"
"\x49\xCF\x11\x53\x3F\xAB\x75\x2A\xF5\x44\xAA\xC8\xE4\xF9\x65\x71\xBF\x9F\x45\xBA\xC8\x71\x67\xDC\x3C"
"\x26\x94\x02\x16\x5E\xBD\x6A\x42\x5E\x67\x69\xAE\x63\x93\xAC\x24\x43\x98\x10\x8B\xA1\x14\x20\xCD\xDA"
"\x08\xC5\xB2\x24\xB7\x8A\x59\xD7\x13\xB1\x19\x01\xF5\x83\xF8\xD7\xC0\xFB\x59\x6D\xF7\xC5\xA3\x06\x22"
"\x0D\x23\x0F\x73\xBF\x32\x8D\xAA\xD2\xE0\xA9\x11\x57\x37\x5E\xA3\xCE\x70\x82\x17\x9B\x05\x7B\xC2\x88"
"\xE7\xB6\xF3\x9F\x79\x61\xA9\xA4\xC2\xFC\x29\x8A\x29\xDF\x7A\xF0\x1A\x51\xD3\x5C\x5E\x5E\xFE\xA3\x50"
"\x63\x90\x85\x2E\x47\x75\x78\x56\x7D\x80\x89\x4E\x05\x4F\xE2\xC7\xEC\x73\x8F\x78\xF9\x73\x27\x11\xC2"
"\x65\xA0\x38\xC6\xCA\x22\xC4\xF5\x0C\x4F\xFD\xFC\xB4\xA2\xB6\xE3\x5F\x4C\x52\x98\xDD\x6C\xDE\x29\xC0"
"\x7F\xBE\xE4\x2A\x50\x37\xA1\xEB\x56\xFD\xD5\x0D\xCD\x05\x11\xAC\xAA\x91\x97\x02\x3C\xDC\x40\xDB\x97"
"\x10\x26\x48\x06\xA8\xF4\x7C\x58\xD7\x27\x3F\xA8\x82\x75\xDB\xC2\x96\x01\x24\x51\x95\x65\x97\xCF\x99"
"\x8E\x5D\xB1\x54\x6D\xF6\x2C\xED\x1A\xC5\x95\xD5\xD1\xEC\xDE\x06\xAD\x9C\x4B\x43\x65\xA5\xB9\xE0\x83"
"\x83\x19\x13\xB2\xA5\xD1\xA1\xD7\x71\x68\x60\x98\xE1\x43\x96\xF7\xEF\x76\x90\x1E\xEF\x77\xF3\x49\xEE"
"\xCD\x13\x3E\x1B\x68\xE7\xEA\x71\x3A\x51\xDF\x28\x1B\x9C\x9D\x11\x43\x8D\xFA\x6B\x46\x80\x4B\x36\x0A"
"\x6E\x71\x10\x50\x2A\x0D\x3B\x06\x03\x34\x69\x5D\x8C\x77\xEB\x4F\xC2\x6C\x20\x3C\xF8\x99\x5F\x30\x7F"
"\x4F\xCF\xEB\x27\x14\xC6\x94\xCC\x3C\x32\x7D\x44\x0D\x03\x45\xA0\xD7\xE5\xF3\xCB\xE2\xF7\xDD\x49\x66"
"\xA0\x41\xDE\x4B\x9C\x59\xD9\xC5\x80\x43\xAC\x18\x37\x5E\x55\x6E\x2B\x21\xA9\x53\xD9\xBC\xA2\x39\xC7"
"\xD9\x85\xC3\x14\x60\x50\x28\xF5\x21\x35\x50\xD5\xD4\xDA\x95\xB5\x16\xA6\x03\xBE\xB6\x64\xA7\x17\x32"
"\x53\xB5\xA5\xB6\xEA\x3D\x2B\xDE\xAD\x25\x0E\x55\x07\x83\x0F\x11\x8E\xB5\x00\xD8\x42\x54\x35\xB5\x0C"
"\x07\x5C\x71\x10\x3E\x81\xFE\x5F\x36\xFD\xD9\xF6\xDE\x2B\x50\xF7\xF7\x30\x81\x88\xB7\x1A\xE2\xDF\x98"
"\xA8\x43\x3B\x5F\x1F\x1E\xEF\x1F\x77\xC0\x1A\x99\xA1\xEB\x45\x06\x1D\x74\x90\x1F\xD5\xF5\xCA\xBB\x83"
"\xC0\x4B\x8F\xAB\xCB\x56\x31\xE3\xB8\xD7\x3B\x8D\xE2\xDE\x9D\x62\x9D\xCF\x3D\x02\xEE\xCD\x03\x83\x6C"
"\x15\xC2\x0C\x82\x43\x0B\xA8\x13\x4C\x2C\x09\xCB\x90\xF3\xBB\xB3\x2C\xEB\x9C\x43\x59\xFE\xD5\xF8\xF8"
"\x6F\x59\xC5\x70\xD3\x36\x54\x12\xAB\x5F\x4E\xF8\x2E\xE3\x98\x02\x02\xCC\x99\x8B\xA0\x45\xD5\x0A\x64"
"\x0A\xEC\xAE\x42\x6A\xC6\xD1\x57\xF8\xD6\xB5\xC9\xCE\xAB\x3C\x69\xA1\xB3\x98\x55\xE1\x0C\xB7\x07\x9C"
"\x11\x5E\xA3\xB0\xA3\xC6\xCF\x5B\x03\xA4\x56\x6A\x47\x10\x88\x6F\x31\xCE\xC9\xEC\x83\x98\x18\x58\xFC"
"\xC5\x02\x41\xF1\x4F\x3E\xEA\x46\xE8\x8C\x0C\xDA\xF9\x34\x87\x04\x57\x7F\xDE\x76\x2B\xD4\x54\xE6\x2F"
"\xD3\xF2\xDB\x4D\x59\x86\xD4\x66\x94\x77\x8D\xDB\xBC\x6F\x09\xC3\x0D\xAE\xE1\xB2\x12\x58\x06\x4E\x3A"
"\xEA\x15\xC3\xDE\x44\x05\x84\x87\x3D\x8B\x86\x54\x39\xA6\x2F\xAC\x60\x53\x78\x8F\xEC\x09\x3C\x5A\x09"
"\xFC\xF7\x9C\x02\xBC\xE1\xAD\xC8\x6F\x36\x65\x66\xCD\xBA\x34\xFF\x5B\x8E\x8E\x06\x57\xF4\x51\x18\xA2"
"\x6E\x90\x0B\xB7\x81\x51\x93\xE1\x35\x9D\x48\x71\xCB\xBC\xB7\xB4\x1F\x6B\xEC\x27\x79\xFE\x33\x46\x81"
"\xB5\x2B\x9B\x07\xD3\x15\xCE\xB8\xFB\x8F\xEA\xA8\x99\xDF\x58\x2B\xBE\x50\xF5\x66\xE4\x47\x5F\x06\x1A"
"\xFA\x78\x55\x48\xBD\x05\xC5\x9D\xCE\x77\x2A\xE2\x6D\x11\xB1\xFD\x5E\xCC\x46\xA6\x5B\x25\x7D\xC5\x24"
"\x9B\x3D\x21\x57\xD8\xED\x94\x4F\xD0\x11\xDC\x3F\xDD\xCF\x50\xCF\x6B\x58\x12\x03\xDC\xA4\x0E\x60\xFE"
"\x52\x73\x0D\xF4\x55\x78\x51\x06\x8A\x86\x1F\x17\x7E\xAE\x29\x6F\x6F\x27\xC5\x74\xCF\x80\xF1\x17\x7C"
"\xF1\x2B\x82\xA6\xA5\xA0\x37\x30\x8F\x10\xE8\xF3\x23\x74\xFC\x7E\x71\xBF\x98\xF5\xB2\x31\x43\x19\xAF"
"\xB6\xD5\xF5\xF8\xFF\xE6\x5A\x21\x8D\x37\x7F\x91\xFF\x55\x2F\x28\xBC\x2F\x09\x01\x5E\x31\xA5\xB5\x23"
"\x57\xEB\xC8\xB5\x0A\xFF\x0C\x49\x55\xB5\x6E\xC1\xCB\xE6\x50\xE9\xC1\xFB\x56\x96\x5D\xA0\x18\x8D\xAF"
"\x5C\xE6\x06\x4C\xB4\xF6\x61\xA1\x1F\x37\x9B\xCF\x48\xAB\x35\x27\x46\x50\x40\x34\xFB\xF8\xB5\x62\xDB"
"\x63\xFB\xB2\x42\x67\x0D\x68\xC0\xCA\x1B\xB6\x83\x66\x30\xDB\xA1\x56\x80\x22\xC0\x03\xFB\x72\x9B\x97"
"\xE5\xFD\xFD\xFA\x63\x06\x48\x55\x49\xBC\x7D\x5D\x05\x1F\xD2\xB7\xE3\x76\x43\x03\x7C\x43\x3F\x10\x29"
"\xD6\x41\x4C\x8C\x27\x81\xE6\x4C\x3B\xF9\xF1\xE3\xD6\x6C\xC0\x6C\xCB\x6E\xCA\xE3\xAF\x5F\xF3\x07\x9E"
"\xE2\x47\xC9\xEF\xF1\x1E\x55\xB4\x87\xC5\xEC\x0C\x2A\xA7\x8C\x29\xBF\xAA\x6C\x22\x51\x33\x7B\x14\x5F"
"\xE9\x07\xCE\x66\x99\x14\xA4\x40\xB3\xEC\xB3\xD6\x4D\x3F\x5D\x29\xA4\xCA\x72\x16\xDA\x53\x4A\xE5\x64"
"\x0B\xE8\x99\x03\xD2\x8A\xA9\xE9\xA8\xA9\x0B\xAB\x9C\x8D\x1D\xF8\xAE\x22\x46\x26\xE0\x24\xED\x6C\x35"
"\x0A\x65\x40\x4D\x8A\xC0\x7D\x59\xEE\xD2\x7A\xA1\x10\x55\x0C\xF4\x1C\x59\x50\xE5\x04\xD7\x6C\x3B\x17"
"\x1A\x61\x87\x73\xFC\x31\x47\x47\x6F\x24\x07\x4C\x3C\x6B\x6F\x06\x37\xBA\x65\x15\xFA\x71\x85\xFC\xFF"
"\x1D\xC1\xC6\x7C\x3E\xEB\xF5\xF9\x28\x6A\x1A\x63\x55\xC8\x42\xD8\x34\xAE\x0C\x83\x5D\x05\xFC\x3F\xF3"
"\x57\x5D\x48\x03\x19\x56\xC3\x7A\x98\xC4\x43\x15\xF7\xA7\x1F\x2B\xA4\x80\x0B\x6B\x19\x30\x25\x86\xF5"
"\x5D\x2E\x7E\xE3\xD1\xD8\x33\x1E\x5B\xC1\xA3\xEA\x9E\x90\x29\x60\x15\x09\x92\xCC\x7A\x08\x34\xAA\x62"
"\x97\x2E\x3D\xAE\x99\xB6\x6C\x79\xE6\x74\x22\x66\xE1\x4A\x2B\xD1\xD8\x6B\xF0\x47\x15\x3B\xD3\x82\x15"
"\x0A\x36\x4B\x2F\x80\x67\x5D\xB9\x1B\x20\xFD\xB2\x29\x3A\x33\xE8\x7F\x25\x95\xFD\xB0\xB5\x14\xDA\x50"
"\x9C\xAC\x98\x99\xFD\x93\xF5\x67\x1B\xF4\x84\xE1\x41\x68\xD5\x3F\xE6\x17\x78\x9D\x71\x6A\x81\xE0\xE0"
"\x04\x02\xFC\xE3\xC5\x00\x74\x49\x16\x2F\x2F\xAB\xF9\xFD\x8C\xE0\xF7\x9A\xF3\x00\xAA\x99\xC3\x83\x95"
"\x96\x40\x94\x47\x20\x8E\x00\xFF\xB1\xE8\xA3\x45\x44\xC1\x98\x09\xE0\x8D\x28\x4A\x7B\xBD\x1B\x34\x9B"
"\xA6\x77\xD0\x7C\x38\xE0\x95\x14\x10\xA5\x88\x87\x0F\xD8\x40\x78\x2F\xD9\xBD\xA6\xF6\x74\xEB\xC8\xFA"
"\x09\x8F\xDB\x58\xBA\x55\x15\xF9\x71\x69\xCE\xD0\x5F\xAC\xD6\x41\xA8\x2A\xE9\x17\x8E\xCB\x4C\x8E\x41"
"\xAA\x76\x6D\x30\x78\xD9\xB8\x0D\x0D\x98\x03\x5E\xD2\x1B\x77\xC1\x43\xF3\x01\x54\x5E\x8E\x04\xEE\xA9"
"\x0C\x68\x39\x3B\xFF\xFE\x70\xD9\xA4\x9D\x2D\xAD\xBE\x84\x68\xFA\xF1\x63\x9E\xC8\x95\xE3\xE3\x1F\xF3"
"\x2F\x4A\x6C\x15\xAB\xBD\xBC\xF0\xC7\xDE\x17\xB3\x32\x3B\xD4\x27\x0F\xB2\x82\xF7\xC0\x01\x74\xF7\xDC"
"\x16\x2E\x4E\x73\x37\x83\xAA\x7B\xBF\x46\x4D\xF4\x53\x8C\x54\x22\xE4\x7E\x77\x1C\x04\xE5\x87\x38\x70"
"\x92\x18\x88\xB4\xAB\x5F\xFA\x27\x65\x62\xC5\x75\xB5\x2F\xA5\xF4\x74\x9C\x45\xF1\xB7\x10\xE5\x36\x2B"
"\x85\x31\x28\xAB\x9A\x00\xCB\xFF\x47\x4B\x40\x41\x46\xE6\xCA\x8D\x00\xF2\x92\xB6\xB0\x75\xA8\x90\x5E"
"\x70\x74\xA8\xE4\xC7\x0E\xAC\xC4\xD7\x8A\xB6\x0D\xA1\x24\x7D\x84\xF0\x6E\x0C\x89\x7B\xD0\xC0\x15\x4A"
"\x01\x30\xE4\x0F\x8F\xBB\x59\x22\x47\x24\x8C\x4B\x56\xF5\x66\x1F\x88\x84\x5D\x03\x5F\xD0\xDC\x78\x58"
"\x7C\xCC\xCE\x1B\x81\x8A\xD3\xC2\x3A\xAE\x92\x52\xE5\x61\x35\xDD\xA6\x4D\x83\xB4\xA5\x8A\x91\x11\x83"
"\xA1\xF2\xA8\x98\x67\x95\x35\xF8\x16\x18\xCC\xBB\x8F\x77\xD8\x56\x42\x1F\xF0\xE6\x73\xD4\xB4\x4A\xAA"
"\x44\x8D\xF2\xA9\xB7\xCC\x47\x41\x96\x1A\x43\x50\x42\x54\x0B\xE5\x62\xFD\x31\x68\x4B\x53\xB8\xC2\x58"
"\x21\x8F\xA6\x85\x02\x4C\x0C\x9D\x38\xEE\x9C\x84\x60\x35\x65\x57\x48\xAE\x4C\x4A\xFD\xAE\xC3\xCF\x99"
"\x17\x3E\x78\x1B\x70\x30\x84\x47\x57\x89\x74\x48\xBA\xDC\xB8\xD2\xB8\x10\x7C\x8C\x99\xDC\x4D\xE7\xFB"
"\x1D\x4A\x27\x6F\x4C\xB5\x70\x8A\xFA\xE6\x02\x55\x39\x90\x00\x11\xDF\xD8\x21\x5E\xA2\xDC\x72\x4F\x01"
"\xD6\xB9\x0D\x11\xA9\x3D\x95\x67\x9A\xA8\xD5\x21\x12\xDE\xBF\xB2\x1E\x9B\x14\xF0\x72\xE0\x90\x5F\xAB"
"\xDF\xDA\x4C\x57\x40\x4B\x7C\x1B\xDC\xCC\x19\x16\x12\x89\x48\x25\xDC\xDD\xC5\xEA\x64\x1B\xC0\x08\xA1"
"\x02\x10\x59\xCC\xB4\x06\x1C\xD5\x18\xD9\x64\xBC\x90\x7D\x75\x7D\x54\xFC\xF4\xD4\xBE\xE6\xD0\x8F\x9E"
"\x1C\x9A\x22\x27\x36\x67\x93\x8F\x2E\x51\xEE\x67\x3F\xD4\x86\x66\x4B\x86\x8B\xAD\x4E\x08\x9E\x73\x9D"
"\x6A\xEA\xD1\x90\x8A\x21\xA9\x1A\x44\xE1\xB0\xEB\x5A\xC7\x1A\xF5\xA3\x9C\xF0\xDB\x36\x81\x63\x3F\x6A"
"\xC6\xA5\x45\xD0\x1F\xDF\xDC\xEF\x10\xE3\x31\x53\x5D\xBC\x42\x3A\xD3\x84\x96\xA4\xF4\x64\x78\xF6\xFE"
"\xEA\x25\xD1\xC5\x3B\x8C\x24\x8E\xF0\xFD\xEF\xD9\x79\xCB\xB0\x35\x56\x6C\xD9\x76\xE8\x6B\x4B\x9E\x6F"
"\x54\x50\x1E\x38\xF8\xEB\xD2\x86\x5C\xDD\x16\x47\xF4\x72\x97\x52\x0B\x8D\x55\xA0\xAF\x35\x99\x03\x9B"
"\xB4\x00\xFE\x01\x08\x08\x00\xDA\x63\x78\xB9\xB4\xAA\x75\xDC\x8F\xCA\x55\x23\xA8\x40\x5B\x28\x8D\x4B"
"\x3C\x8E\xE5\x9F\x4C\x21\x1A\xA6\xB8\x2D\xFF\x31\x2A\x6C\x28\x29\xD5\xB0\x61\x22\x1D\x44\xB7\x02\x73"
"\x20\x01\x67\x1A\xB9\x10\x32\xC9\x12\xE7\x71\x10\x40\xA1\xD9\x01\xA6\xC5\x89\x1F\x77\x41\x4D\xC8\x4B"
"\x2E\x0F\x16\x42\x43\xA7\xC9\xA0\x6A\x42\x31\x10\x81\xEF\xC3\x0E\xE1\xEC\x62\xB9\x78\x83\x7C\x70\x8A"
"\x82\x2D\xA1\xDA\x27\xF3\x0F\x66\xFA\xC8\x52\x80\x56\x60\xC3\x13\x02\x5C\xDC\xC5\x75\x91\x18\x6C\x5B"
"\x49\x73\x63\x13\x71\x56\xB2\x25\xBA\x3C\xA6\x6F\xCF\x1D\x7B\xFA\x9F\xCA\x50\x63\x80\x0D\x81\x8D\x51"
"\xE6\x9E\xCC\x11\x0D\x2E\xA4\x80\x30\x1F\x77\xBD\x96\xAD\x2F\x7B\xCA\xD9\x7F\xE6\xFA\xDA\x23\xB4\x28"
"\xEE\x0F\x6E\xA9\xAE\x7C\xF6\x4B\x8E\x6C\x94\xD7\x03\x4B\xD8\x90\x89\xA4\x79\xEC\xD5\x17\x92\x25\x74"
"\x08\x97\xEC\xC8\x12\x7A\x69\x56\xB5\xD9\xF2\x80\x12\xF4\x09\xA5\x42\x05\x40\x26\xD1\x2A\x5F\xB0\xD1"
"\xA4\xA2\x6B\xE5\x78\xB7\xBA\x91\x89\xC6\x0F\xA5\xCD\x03\x2A\xF2\xAF\x88\x28\x16\xAB\x1D\x04\x78\xA6"
"\xC1\xC9\x5A\xA9\x74\x96\xCC\xB6\xAF\x0F\x6F\xF8\xCE\x66\xB1\x94\x92\x2E\x17\xF7\xEF\x77\xBD\x60\x35"
"\xDC\x2D\x84\x8F\x24\x3B\x78\x8D\x43\xC3\xF7\xD8\xC4\x37\x9E\x70\xEA\x7B\x51\x7E\x73\x33\x21\xA8\x8E"
"\xED\x77\x64\x79\x0F\x9F\x33\x09\x10\x03\x17\x38\x61\xE3\xCC\x8D\x60\x6B\xB0\x95\xA3\x78\xB9\x52\x7F"
"\xB1\x44\x9A\xAA\x10\x19\x79\x85\x42\xB2\x51\x6D\x6D\x36\x06\xD2\x16\xB5\x38\x2E\x35\xCE\xD5\xC0\x6C"
"\xF4\x4C\x64\x59\xB2\xD6\xF3\x59\x9B\x07\x16\x44\x31\xF4\x10\x34\xDB\x5D\x20\x44\x53\x4C\x54\x36\x21"
"\x94\xA9\x6D\xD4\xB4\x0E\xF9\xB5\xDD\x3C\x04\x78\x33\x67\x8A\xF1\xB6\x7C\x7B\xD9\xEC\x30\xA3\xD4\x6B"
"\xBA\xD0\x1F\x91\xE0\x7C\x39\x7F\x5C\xA0\xD2\x05\x1F\xF3\xB6\x64\x6B\x6D\xF1\xF0\x7B\xD6\x63\xE2\x2E"
"\x4F\x63\x10\xA5\xAC\xEB\x91\x72\x40\x21\x0C\x22\x0E\xBA\xC8\xCC\xDD\x9D\x8D\xB4\x06\x6F\x6C\x00\xF3"
"\x9B\xFB\xBD\xE6\x2A\xD4\x58\x9E\xDF\x0D\xD9\xB4\xAD\xDA\xAE\xD8\xC4\xF6\x59\x68\xFE\x14\xEE\x2D\xAA"
"\x10\x51\xB7\x28\x0D\xF0\x86\x34\x72\x50\xB1\xF2\x52\x87\x12\xD4\xC9\x61\xE8\x6C\x68\x91\x20\xD5\xB7"
"\x09\xC5\x40\xFB\x56\x25\x5A\x8F\x42\x21\xC7\xF8\xB8\xAC\xA4\x24\x5B\x27\xD0\xD3\x0E\x0D\x27\x51\xDA"
"\x57\x85\xE5\x30\xF2\xC3\x90\x6D\xC5\xF9\xCA\x1B\x25\x04\x6F\x4C\xAC\xDE\x5E\x3F\x25\x40\xA2\x1B\x30"
"\xDA\x3D\x18\xDF\xCC\x37\xEC\xB9\xAD\x5E\x1E\x20\xBF\xC5\x0B\x82\x19\xE8\xE8\x28\x4D\x3C\xDC\xB3\x76"
"\x69\x76\xA9\xD6\xD7\x25\xB1\xCD\x16\xD2\xEA\x04\xE7\x6A\x97\xA1\xCF\x7F\x65\xC3\x0D\x9E\x60\x4B\x42"
"\x8D\x46\x3B\xF0\xC7\xB7\xC7\xFD\x86\x19\x32\x31\x0D\x78\x78\xB7\x75\x43\x44\x15\x2F\xB0\x35\xC1\x57"
"\xDD\xA8\x61\x5D\x59\xDB\x76\x64\x08\xA4\xAA\x1E\xE9\x27\x15\xCF\x54\x75\x65\xDF\xA6\x96\x0E\xD1\x95"
"\x13\xB6\x34\x4E\x0D\xD5\x59\x86\xE0\xAD\x94\x35\xB3\xFE\x2F\x42\xD2\x8B\xA1\xCD\x2F\xE1\x72\x6F\x6E"
"\x42\x65\xEE\x3C\xB5\x51\xB2\x8A\x80\xAE\xC6\xA1\x3A\x95\x92\x7E\x41\xA6\xFD\xA4\x1F\xD0\xBE\xFF\xCB"
"\xE6\x7B\x03\x90\x43\x84\xEF\x9F\xB3\x93\xD2\xFC\x3C\x13\xF3\x41\x6F\xB6\x87\x61\xDC\xE0\xFF\x10\x1F"
"\x05\xB9\xBC\xDF\xA0\x7F\x16\xEE\xA7\x61\x67\x25\xD1\xCC\x2A\xE4\xC7\xC1\xB7\x28\x1D\x74\x53\x96\x83"
"\x10\xF6\x87\x66\x56\x30\x1B\xB5\xD9\xE6\x7E\x82\x2A\xC3\xF6\xCF\xEE\x0F\xDE\x7D\x25\x01\x0E\x5B\x96"
"\xA1\x20\x62\x41\xE0\x1B\xE5\x9F\xA8\xBB\x8D\x8E\xCB\x30\x26\xD6\x31\x43\x96\x56\x68\x49\xA8\xDF\xC8"
"\x2C\x93\xAB\xCF\x90\x1A\xE8\xA8\x4C\x39\x9C\x42\x85\xC4\xCA\xE7\x5E\x0D\x1B\xC4\xB6\xB0\xEA\x0C\x5E"
"\xF7\x6F\x5C\x03\xCB\xE1\x39\xBF\x30\xE2\xCB\x76\xD8\x4A\x2A\x1C\x7F\xB0\x0E\xC8\x84\xCA\x23\x60\x28"
"\x60\x34\x99\xCD\x0D\xF9\xBC\x79\x58\xBC\xC3\x09\x9F\x99\x21\xCE\x45\xA1\x73\x77\xBF\x79\x79\x67\x5B"
"\x77\xF1\x86\x22\xFD\xE6\x65\x8B\x3C\x04\x96\xBE\xB2\x94\xBD\x61\x49\xB2\xC9\xC5\x07\x72\xE9\xC3\xB8"
"\x00\x8A\x86\xD3\x6B\x6F\x5C\xEB\xC6\xCB\xC3\xC8\x48\x59\xFB\x51\x4B\x50\x34\xFC\x58\xB1\x6D\x82\x16"
"\x93\x04\xF8\xBF\x56\x57\x88\xE3\x58\x79\x1E\x6A\x63\xC2\x6D\x21\x05\x63\x3B\xB1\xB2\xCA\x3B\x1F\x89"
"\xAA\xF6\xD6\xFD\xAD\x19\x57\x30\x81\x61\xC5\x3D\x56\x2A\xE7\x02\xF4\x1A\x6C\xEE\xA3\xC2\x3E\xB8\x5D"
"\xC8\x38\x8C\x28\x3F\xB5\xD8\xEA\xA6\xF1\xFA\xB4\x61\x38\x0D\x02\xD2\x99\x6E\x26\x38\xAD\x8D\x3D\x54"
"\x8A\xB4\xDD\x05\xB1\xD5\xD6\x9B\xEC\x1F\x7F\x31\x11\x7E\x01\x06\xE8\x7E\xEF\xEA\xC5\x8A\x63\x72\x71"
"\x3E\x9A\xEF\xB7\x9B\xB7\xC7\xC5\x0B\x1B\xBC\x5B\xA1\x8A\x1E\xF6\x77\xBD\xF2\xE8\x60\xE9\xAF\x88\xB1"
"\x94\x06\x1A\x7D\x2E\x32\xCC\xC6\xFA\x9C\x61\xBF\xAB\xD1\x47\xB9\xBA\x0F\xFE\xCF\x68\xB2\x5F\x1B\x4E"
"\x84\x1D\x7D\x1C\x61\x08\x90\x93\x31\x9E\x21\x34\xC7\x10\x0A\x1E\xA3\xC6\x4A\x29\x10\x64\xA1\xE2\x3A"
"\xEC\x39\x45\xCE\x7B\x6A\xDD\xD2\x46\xF4\x02\x35\xAB\x31\x04\x58\xB7\x1D\x24\x4D\x19\x5B\x98\xDE\x81"
"\x98\xF4\x7C\x20\xBD\xE1\x68\xE4\xAD\x01\x16\xBA\xE1\x88\x42\x41\x27\x37\x6E\x87\xC6\x47\x20\x60\x30"
"\xD0\x8D\x17\x36\xB3\xA9\x55\x93\x65\xBD\x1C\xC9\x6C\x34\x45\x1D\xFA\x95\x0A\x08\xB0\xC6\xFC\xE5\x6E"
"\xD0\x64\xDD\x74\x76\x71\x3B\xDF\x30\x80\x41\x99\x61\xAF\x82\x3F\x27\x46\x3E\x11\xE8\xA4\xB2\x6D\x81"
"\x64\x25\xB7\x36\x89\x01\xFF\x84\x0F\x38\x80\xAE\x64\x0B\xC3\x70\x64\x96\x1D\xD2\x7E\x7A\x99\x2C\x9E"
"\xEC\xF6\xD6\x67\x5F\xDE\x3F\xCC\x61\x7F\x6B\xE9\x86\x32\x82\xC6\x0F\x6B\xC8\x53\xB3\xA3\x00\x84\x3A"
"\x78\xA5\xC6\x04\x62\x97\xBC\x51\xFE\x41\xA0\x94\x2C\xB2\x0A\xAA\x3F\x5A\x73\x21\x65\x2B\x47\x1B\x1C"
"\x78\xDF\x6B\x38\x36\x8D\xC4\x43\x29\x6A\x0E\x7F\x27\xA4\x73\xAD\x69\x5F\xCC\x3A\x4F\xD7\x86\x02\x4A"
"\xA4\xBD\x05\xBE\x9D\x5E\x5B\x58\xFF\xB6\x43\x57\x63\x42\x69\xBA\xD2\x7C\xDC\x03\x9B\x8B\xF3\xDF\x14"
"\x60\x78\xB7\xB6\x9E\xCC\x57\x8F\x9B\x0D\xF4\x6F\xB7\xD9\xBC\xCB\x02\x3E\xAE\x5E\xEE\x4E\x78\x64\x02"
"\x32\x4D\x03\x7D\x0D\xC3\x62\x41\xAC\xFA\xC9\x48\x1D\x64\x0B\x68\xFA\xA1\xA0\x0C\x8A\x0A\x65\x87\x91"
"\x3B\xD0\xC2\xA4\x02\x01\x62\x66\xE7\x55\x51\xC0\x62\x31\x9B\x9E\x42\x9D\x52\xAA\x54\x47\x17\xA2\xEA"
"\x7B\xD5\x35\xE1\x46\x36\x72\x6F\xBD\x1C\xC5\x85\x23\x75\x8F\x24\x66\x0F\x8F\x90\x08\xA8\x1A\x63\x16"
"\xC0\x20\x58\xA6\x4A\x91\x26\x4A\x0A\x4E\x67\xB1\x1A\xCA\x5A\xBE\x2A\x3B\x75\xDD\x0D\xF2\xB3\xC2\x98"
"\x92\x74\xC2\x24\xD7\x4A\x15\x89\xC6\xFC\x17\x81\x4D\x6D\xA7\xDB\x40\xC7\xCC\xD9\x61\xC0\xDA\x74\xF2"
"\xBA\x7D\x13\x6C\x0D\x08\x8D\xD5\xFE\xEE\xF4\xC6\xAA\xD6\x37\x37\x59\xF3\x03\x5D\xF3\xFB\x8D\xC4\xA7"
"\x11\xBA\xE5\xCB\xFB\x0B\xCE\x59\x31\x52\x37\xDE\xAE\xE9\x10\x25\x87\x39\xF0\xC2\xF8\x56\xF4\xAF\xD8"
"\x29\x35\x3A\xDA\x89\xD4\xEC\xA2\x90\xF8\x18\xA0\x99\xAE\xA1\x82\xEB\xF5\x1B\x9C\xFC\xFB\xE7\xF4\x64"
"\x64\xAA\xD2\x36\xAC\xC7\x95\xC1\x40\xA4\xD7\x46\x33\x24\x3C\xA3\x32\x88\x3C\x35\x3F\x96\xDA\x69\xAB"
"\xD4\xD6\x30\xA3\x55\xF5\x93\xF3\xC2\x6C\x60\x00\x0A\x3B\x20\xBF\x89\x3B\x8C\x5B\xC8\x9A\x7D\x8C\xE9"
"\xD0\x5F\x27\xB0\xA8\x75\x56\x1E\x15\x17\x91\x74\x5D\x0D\x4B\xF9\x1B\xEF\x93\x32\x64\xAF\x2D\x8E\xE6"
"\x2F\xFC\x38\x9D\xA0\xDA\xFC\x6A\x91\xD8\x6A\x83\xF3\x59\x5A\x5A\x8B\xD0\x08\x51\xE4\xFC\x19\x02\xDC"
"\x51\x80\x84\xFA\xD1\x16\x7E\x4C\xE9\xA6\x59\xB3\xF7\xEC\x28\xEB\x06\x6B\x33\xA3\x89\x28\x8A\xC3\x8C"
"\x68\x5C\x1A\xF5\x81\x8C\x60\x93\x88\x92\x40\x42\x51\x34\x7A\x3A\xDD\xD1\x02\xB2\x87\x8C\x38\x13\x02"
"\x0C\xB8\xDA\xDA\x1F\x8F\x45\x21\x3E\xED\x12\x12\x09\x6A\x9A\xD2\x36\xCB\x4C\x2A\xDD\x5A\x55\xA5\x40"
"\x34\xC6\xC6\x14\x40\x01\x56\x79\xD1\x31\x8D\x18\xFC\xF9\xA8\x89\x5E\x19\x08\xBF\x90\x38\x47\x69\x97"
"\x83\xD4\xD6\x40\x2A\x0E\xA3\xD0\x82\xA2\x9B\x0B\xB7\x82\x76\x6B\xF5\x45\xF3\xDD\xC8\x76\xE2\xC9\x8C"
"\x48\x02\xD5\x53\x57\xCB\x77\xC0\x2B\x3C\xAF\x85\x35\x4B\xFB\xD3\xD7\xFD\xD6\x7A\xE4\x70\xC6\xCA\x43"
"\xE6\xF0\x21\x1A\x2C\x32\xFC\xC0\x21\xDB\x4A\xE5\x7B\x8D\x01\x48\xAC\x1A\x9C\x98\xE7\x80\x54\xDF\xB8"
"\x42\xFE\x9A\xAB\xF2\x21\x11\xE0\x62\x5F\x9F\x04\xD9\x7A\x01\x2A\x76\x3F\x3D\xB9\xEC\x9B\xF3\xB4\x62"
"\x7B\xA8\xCF\x15\x47\xD5\x2D\xCA\xB5\x56\x78\x5E\x54\x06\x7D\xB1\x22\x7C\x51\x15\xC1\x69\x82\x33\x87"
"\x03\xD7\x05\xE7\x95\x0B\x39\xE1\xE4\xE8\x99\x0A\x60\xA5\x09\xCE\x3A\x0F\x14\x22\x45\x1D\x66\x3B\x35"
"\x60\xA3\xD4\x39\xF4\x92\xEB\xC3\xA8\x04\x4F\xCF\x88\xC6\x31\x85\x6E\xAA\x60\x88\x6B\xEB\x4D\x3F\x9F"
"\x7E\x69\xBC\x01\xC1\x04\xEF\x81\x9E\xAA\xCC\x06\x60\x26\x4A\x22\x28\x27\x04\xF8\xB6\x60\x2E\xFC\xB2"
"\x59\xB2\x9E\x3F\xDF\xDC\xF5\x2E\x2F\xB3\xB4\x1B\x90\x66\x5C\xA7\xC1\xC2\x30\x33\x7A\x94\xB9\xF5\x45"
"\x59\x96\xF5\x0D\xBB\x68\x53\xA5\xA9\xE5\x30\xCA\x4A\x30\xDD\x03\x60\xB1\x50\x20\x4B\x09\x10\x66\xA0"
"\xAA\x0B\xC7\x30\x5A\xC1\x03\xCA\x28\xB5\x08\x93\x72\x76\xDF\x9C\x55\xAA\xBB\x52\xB5\x40\xCD\x55\x9D"
"\xBA\xD6\x27\x10\x60\xC5\x9A\x02\xA6\xEB\x95\xFE\xF8\x10\x44\x98\x77\x62\x08\xD3\x18\x38\xDF\x9C\x87"
"\xB3\x94\xF1\x21\x88\x7A\xCA\xC0\x43\x95\xFA\xA0\x69\x6E\xBD\x80\xC2\x1A\xA0\xCD\xF5\x68\x54\x84\xA8"
"\x34\xC5\x61\x3E\x9D\x6E\x9F\x08\x90\x24\x58\x65\x3E\x7F\x9F\xF6\x2E\xB3\x2F\x5F\x71\x8A\xA3\x7F\x88"
"\x99\x79\xF8\xB3\xDB\x30\x48\xC4\xD1\x95\xFE\x21\xD0\x41\xB5\x21\x73\xD0\x47\x49\x55\xF1\x2E\x45\xF2"
"\xF5\x78\x20\xBF\xF2\x8A\x49\x64\xA4\x3E\xDD\xD4\x6B\x32\x70\xFD\x42\x08\x30\xCE\x9A\x78\xBA\x7F\xB2"
"\xC9\x89\xC5\xCB\x6A\x41\x01\x66\xC7\xA0\x8A\x26\x55\xC0\x47\x3C\x9F\xF7\xD1\xF9\x76\xA9\x8F\x8B\x4B"
"\x45\xE2\xA8\x4B\xD9\x64\xED\x09\xC8\x05\x54\x1A\x63\x0E\x75\x0A\xCE\x0F\xB7\x82\x51\x14\x50\xAE\x8C"
"\x11\x2B\xB4\x9B\xD0\x14\x2F\x2C\xC8\xA1\x45\x8D\x55\x21\x1B\xA6\x48\x71\x58\xE4\xC4\xB3\x6A\x1C\xFD"
"\xD2\x98\x07\x2A\x54\x35\x83\xEF\x19\x94\x23\x59\xF0\xF0\x38\xEB\x16\x66\xE8\x99\x33\x0B\x8F\xCB\xE7"
"\x7B\x0E\xBB\xF5\x6E\xC4\x98\xC3\xE9\x9B\x31\x34\x10\x30\xCA\xD5\xE6\xFD\xE5\xF7\x0B\xCE\x18\x8A\x4E"
"\x2F\xEF\xBF\x57\x50\xD2\xC0\x07\x81\xE7\x9E\xD6\x12\x5F\xD4\x76\x23\x3F\x2C\xC4\x0D\xF3\xAE\xD1\xE3"
"\x93\xC0\x32\x48\x45\xE8\x3D\x58\x4C\x73\x13\x4D\xF7\xCF\xC4\xF9\x23\xC7\x7E\x5F\x2C\xF0\xE6\x8D\x57"
"\x94\xEC\xFA\xF4\x19\x24\x21\x40\x24\x7D\x63\xC8\xAA\x73\x25\xBF\xA3\x22\x39\x58\x2F\xD6\x15\xA4\xB8"
"\x22\x76\x8B\x4F\x8C\xC3\x8E\x68\x1A\x82\xFB\x92\x6E\x62\x14\xF2\x49\xA8\x42\x4C\xD1\x9B\xBC\x03\x56"
"\xA4\xA6\x62\x76\xA2\x47\x02\x24\x48\x72\x84\x19\x52\xBE\xEA\x83\x96\x55\x79\x80\x84\xF8\x61\x80\x00"
"\xF7\x82\x53\xA1\x49\x86\xF3\xF9\x2E\x01\x7E\x31\x30\x59\x95\x4D\xD1\xF7\x41\x27\xE4\x1D\xBD\x90\xA5"
"\x60\xBC\x2F\xEF\x1F\xD3\xB8\x75\x06\x2D\x1D\x2E\x7B\xFE\xC9\x7F\xE0\x38\xF1\xD1\x28\x1F\xEC\x20\x08"
"\x31\x8B\x6E\xAC\x6A\x64\x51\x26\x9E\xD3\x25\x6C\x20\x01\x4D\xCC\x44\xDE\x97\xFB\x69\xDF\x42\xBC\xB4"
"\xF0\x9E\x2D\x2B\xFF\x0C\xD5\xD0\x91\x62\x2B\xBC\xB0\xEC\xD0\x12\x06\xAA\x44\x0A\x7B\x61\x75\xFB\x2B"
"\x49\x9A\x6A\x7A\x91\x73\xDC\xD5\x89\x77\x62\x67\x05\xCA\xA3\xFE\xC1\x04\xDB\x6F\xB4\x61\x9C\xD1\x6A"
"\xC0\xA1\x53\x50\x74\x58\x2D\x03\x94\x17\x16\xD5\x87\x28\xA9\xCD\x0F\x33\xE0\x3E\x33\x77\x3A\xFD\x40"
"\x0D\x06\x11\xF2\x3D\x08\x3B\xEE\x71\x8A\xCA\x24\x31\xC6\x3F\x54\xFB\x27\x1F\xDB\xC7\x87\xB7\xF7\xDF"
"\x7B\x54\xA2\x71\x7C\x51\x8D\x86\xA1\x4A\x9B\x50\xD1\x10\x06\x54\x4D\x9E\x3C\xD8\xF4\xF6\x50\x6F\x6B"
"\x43\xE8\x1A\xBB\x6B\x76\xBA\x55\x56\x4B\x0B\x0A\x10\x0A\x38\xDF\xA3\x61\xC5\xE7\x87\x64\x7B\x3F\xED"
"\xB1\x8C\xC6\xF9\x66\x55\x02\x58\xD2\x4D\x53\xAB\x14\xD4\x76\x6A\xBA\x89\x69\x83\x81\x17\x47\xFF\x0E"
"\x33\x34\xA4\xF5\x8C\x5D\x03\xD5\x14\x72\x1E\x10\x67\x4C\x51\x09\x3B\x4D\x9D\x79\xAA\x2B\x03\x8B\x86"
"\x02\xD1\xB2\x61\x1C\xA8\x9C\xF4\xE2\x55\xCE\xA1\xC4\x43\xD7\xD1\xEA\x43\x03\x7B\xBC\xAC\x20\x56\xE8"
"\x42\x4E\xEE\x3E\xB6\x9B\x35\x20\x1D\x18\xAB\x7E\xBC\xDF\x4C\x7B\x25\x41\xB5\x03\x72\xA5\x9E\x7D\x99"
"\x7E\xEC\x96\x18\x20\x24\xAC\x80\x11\x0C\x7C\xC8\xFD\xEF\x69\xEC\x74\x57\x0A\x06\x2C\xE2\x50\x55\x29"
"\xD0\xEF\x59\x08\xFE\x57\xE1\xD2\x01\x51\x85\x81\xE3\x55\xBD\x63\x09\xAE\x77\xF7\xB9\x42\x25\x41\xE3"
"\x76\x28\x52\x40\xB7\x19\x63\x15\xB5\xB9\x84\x2E\x34\x93\xFC\x6A\x75\x8B\xBC\x5F\xE5\x2F\x5B\x74\x88"
"\x85\x6E\xA6\x72\x58\x83\xBA\xED\xFC\x3C\x70\x26\x34\xF9\x31\x52\xAE\xC9\x72\xB7\x93\xA9\x8F\x4C\xDC"
"\xF4\xCD\xC6\x24\x7E\x88\x87\xA6\x82\xBA\xD8\x52\x73\x71\x1C\xC4\x31\x81\x89\x70\xA9\x32\x60\x16\x91"
"\x34\x0A\x45\x9A\x53\x60\x7B\x31\xC8\xF1\xBA\xD0\x70\xC2\x76\x1A\x0B\x95\x4C\xFA\xB0\x01\x66\x47\x36"
"\x8F\x7F\x7E\x7F\xFC\xDE\xCF\x4E\xFA\x93\xDF\xBF\x01\xDF\xDA\x2C\x5F\xF7\xD3\xD3\x00\x5F\x6A\x75\x5B"
"\x0D\x73\x7F\xBD\x09\x69\xE2\x42\xB0\x30\x08\x97\x1D\x37\x8D\x9C\x6F\x05\x32\x87\x42\xBF\x51\x59\x9A"
"\xD1\x5C\x52\xFB\x89\x18\xA4\x11\x44\x2E\x8C\x37\x67\xF9\x85\xF1\x45\x69\xD8\x63\x4F\x64\x39\x1D\x88"
"\xA6\x72\x53\x5F\x33\x29\x69\xD1\x13\x6F\x35\x86\x6F\x84\x50\x5E\x5C\x91\xCD\x4F\x49\x17\x86\x63\x0C"
"\x88\x2F\x15\x27\xF5\x82\x06\x7E\x6D\x10\x2A\xC0\xB2\x8D\x1D\x19\x83\x0E\x5B\x1C\xFC\x1C\x73\xDD\x26"
"\x54\x30\x68\x71\x15\x54\xB3\x63\xE0\x78\x05\x3F\xC8\x86\x8C\xB1\x0E\xCF\xE9\xDD\xC7\xA3\xF1\xC3\xC0"
"\xCB\xBE\xEF\xA0\x80\xA9\x71\xC9\x02\x67\x85\xFB\x03\x82\x7E\x3E\x99\xFC\xEC\xF5\x7F\xB2\x03\xF9\xFB"
"\x7D\x07\x1B\xD8\x23\x6A\x3B\xD3\x60\x6F\xCB\x31\xD4\x46\xBC\x3D\x10\x21\xD5\xBE\xEE\x70\xF4\x06\xFD"
"\x0A\x83\x6E\x62\xD9\xA2\xF8\xAC\x56\xCE\x5F\xC9\x9A\x48\x6F\xFE\x2A\x01\x6E\x1E\xD6\xD3\x5E\x95\x5E"
"\xA3\x1A\x9D\x07\x1C\x3C\xE5\x88\xE8\xB8\xB0\x8E\xA8\x2C\x04\xBF\x44\xD4\x9A\x92\x8E\x01\xED\x20\x83"
"\xB3\x90\xCB\x8A\x9B\xC3\xC6\x1C\x0A\x99\x52\xB6\x7F\x59\xBD\xB0\xF6\x86\x8A\x7A\xD2\x6D\x05\x81\x34"
"\x0E\x56\x0E\x96\x6D\x29\xCA\x3A\x84\x95\x96\x59\x2B\x59\xCE\x2D\x3A\xEA\xBA\xC6\xB2\x2E\xA1\x65\x97"
"\x55\x37\xD0\xC0\xC7\xF9\xA3\xF0\x79\xE8\xEA\xE0\x04\x5B\x4A\x98\x88\x50\x50\xCC\x4F\x53\x90\x46\x53"
"\xFB\xCF\xEE\x3E\x38\xC5\x39\x9F\x9E\x36\x99\x67\x98\xB5\x8A\x77\x7A\x65\xB5\x7D\x9B\x3A\x94\x10\x9A"
"\xFC\x6F\x98\x58\x9A\x5A\xFC\x66\x65\x4F\x6F\xC5\xDC\x9C\xDD\xED\xE6\xAF\x4F\x44\x5A\x32\x0C\x5C\xD3"
"\x09\xAB\x38\xA5\x54\xA4\xBB\x68\xB5\x98\x70\xB0\x1B\xFE\xB2\xA6\xFF\xCA\xBA\xCA\x8F\x10\x07\x43\x89"
"\xD0\x83\x62\x05\x1D\x10\xA0\xB7\x31\x6B\xEF\x3C\x98\xE7\x6C\xF5\xCA\x3A\x26\x75\x6B\xBD\xE5\x50\x1F"
"\xF4\x4A\x76\x5B\xF8\x90\x76\x24\xDD\x67\x48\x3A\xEC\x22\xF4\x4A\xEF\xA3\x82\x5A\x25\xF8\xD3\x38\xA3"
"\x00\x5F\x39\xA7\xFE\x40\x0D\xBC\x7F\x9A\xF6\xF8\x9A\x82\x8A\x50\x0E\xA7\x67\x5F\x7A\xD1\x65\x46\x10"
"\x57\xD9\x87\xCB\x04\x9E\x7C\x12\x55\xA1\xCF\x61\xDE\xD1\x0B\x9D\xAA\x96\x16\x6D\xE5\x55\xAC\xB2\x2A"
"\x8F\x4A\xE4\x4E\x8A\x5A\x07\xA0\x95\xF5\x9C\xB3\x93\xE9\x0E\x3D\x4D\xE1\x8C\xD0\x92\x9B\xEA\xC8\x51"
"\x80\x75\x15\x64\x57\x8D\x94\x36\x0B\x45\xA5\xD9\x18\x45\xB3\xB5\x4D\xC2\x10\x80\x7A\xCD\x52\x49\xC0"
"\xD9\x31\xCB\x22\x71\x2C\xE7\x44\x3C\x49\x77\x22\x81\xCA\x0A\xC8\x34\xDA\x54\xF1\x6B\xCE\x3A\x14\xA3"
"\x61\xE7\x95\x6A\x2B\xBD\x70\x2E\x82\x3F\x12\xCE\x51\xA3\x23\x55\xA4\x21\x66\x57\x43\xA4\x1E\x55\x01"
"\x5B\x8D\x9B\x38\xC1\x29\x5A\x6B\x26\xE1\xE1\x6D\x81\x9B\xE8\xF9\x53\xAD\x06\x56\xE7\x46\x49\x81\x88"
"\x54\x80\xE7\x2F\x4F\x27\xB3\xFD\xC7\x9F\x49\x0F\x10\x7D\x8E\x5D\x41\x33\xCA\xD2\x2E\xBD\x19\x59\xEA"
"\x45\x88\x07\xD2\x12\x63\xF6\xE1\xBF\x9C\x48\xC2\xFB\xAC\xBC\x1A\x63\xFA\xD3\x98\x2A\x9E\xC8\xCC\x5C"
"\x88\x48\xA6\xDE\x26\x6A\x40\x18\xEE\xB8\x3D\x9C\x9A\x40\x3C\x22\xD8\x4A\xEE\xB5\x10\x96\xE5\x28\x47"
"\x47\x97\x56\xE5\xA1\x99\x31\x14\xD1\xFB\x49\x46\xBA\x74\x43\x24\x65\x06\x09\x62\x97\xC8\xB8\x27\x52"
"\x6B\x39\xA2\xA2\x24\x36\x47\xE1\xF3\xED\xBC\xCA\x0F\x6A\xC6\x18\x20\xD1\xCA\xC2\x0C\xDA\xE4\x52\xCE"
"\x4C\x1A\x70\x65\x68\x89\xD4\x03\xF3\x6F\x77\x1F\xAF\x1A\xE3\x07\xB6\x67\xFE\xF8\x29\x01\xB6\x95\x21"
"\x6E\x10\x10\x0E\xB2\x2F\x03\x9F\xD0\x81\xD3\x9C\x70\x46\x70\xD0\x10\xB9\x56\x19\x7A\xC5\x54\xAA\x2A"
"\x84\x69\xAA\x6A\x03\xEB\x88\x15\x6B\x54\x52\xB4\xAD\x75\x26\xAC\x3D\xD6\x38\x4F\x59\x66\x3C\x32\xCD"
"\x09\x9D\xF0\x76\x4D\x88\xE0\xE3\xAF\x87\xD7\x09\x8F\x2A\xCB\xF7\x75\x10\x1E\x7D\x79\x55\xEB\xEE\x6B"
"\x9D\xED\xBA\xA8\x43\x35\x58\x4E\xB9\xB6\x7A\x8C\x0F\x0E\xD5\x21\xD2\x4C\x20\xC0\x34\x32\x57\x7B\x93"
"\x59\x10\x27\x0D\xC4\xD9\x1F\xC9\x33\xA8\x34\x5F\x97\x46\x8A\x89\x8F\x6B\x58\x73\x0F\x23\xD0\x38\x82"
"\x8C\xD5\x53\x1A\x28\xD0\xC5\x65\x97\xF4\xC6\x50\xE6\xEB\x4E\xA7\xA1\x85\xA4\x37\xCF\x19\x48\x30\x0C"
"\xE4\x84\x08\x12\xB9\xD9\x24\x55\xF1\xC1\x41\x1F\xEC\xEA\x7E\xFD\x62\xDC\x40\x31\x6D\xDC\x97\x7E\xCC"
"\xA0\x13\x58\x7A\xBC\x66\xA3\xAE\x9C\x95\x4A\xEC\xC0\x8E\x08\x7A\x69\xD2\x40\x53\x89\xC2\xF3\xA8\x0A"
"\x9C\xB3\xA5\xDC\x62\x15\x1A\x1B\xA8\x0F\x56\xBD\xBB\xDD\xA3\xC1\xF4\x09\x8E\x79\x98\xA0\x52\xAD\x29"
"\xDE\x51\x1A\x82\x38\xA5\xEC\xF8\xEF\xBA\xD6\xB1\x55\xE5\xAF\xF4\x58\x97\x3F\x5A\x88\x97\xA8\xB2\x52"
"\x7F\xB8\xFF\xD4\x6C\x60\x9F\x86\xBC\x22\xDE\x8E\x95\x1A\x63\x02\xD6\xDB\xDB\x53\x91\xB5\x2B\x9C\x21"
"\x46\x93\x33\xF5\xD0\xB3\x70\x5E\xA6\xD5\xB8\x14\x55\x90\x33\x4A\x4C\x01\xA5\x7C\x15\x66\xB6\xD4\xA5"
"\x20\x55\x58\x84\x09\xA5\x0F\x4D\x63\x71\x4E\x13\xC9\xC6\x64\x78\xAB\x9E\x3C\x80\x2B\xA4\x92\x26\x26"
"\x04\xFE\x78\x90\x88\x45\x96\x58\xC9\x4B\xA1\xA0\x39\x50\x54\x85\x81\x09\xBC\x0D\xAB\xE9\xCE\xE6\x93"
"\x19\xD3\x49\xAE\x00\xDE\xBC\x4A\x47\x11\x54\x1C\x81\x63\x90\x0C\x22\x0C\xDC\xCF\x7F\x11\x6A\xCE\xC1"
"\xF8\xD5\xAF\x09\xFB\x3A\x87\x84\x85\x64\x1B\x55\x61\x03\x5B\x3E\xA1\x4A\x09\x3A\x51\x84\x72\x05\x3C"
"\xB1\xA1\xA2\x1C\x42\x9F\xF1\xB4\x8C\x31\x90\xA8\x22\x90\x8F\xA1\x74\x3A\x70\x2B\x98\x7B\x39\x4A\x0F"
"\xDC\xBA\xA0\x6C\x26\xA7\x85\xA6\x86\x51\x1C\x48\x9D\x68\x87\xF6\x8F\xE1\x56\x45\x61\x56\x4E\xE9\xE0"
"\xB2\x34\x0A\x2E\x9D\xE4\x43\x5B\x16\x02\xC4\x98\xB9\x4F\xBB\xBC\x6C\xE6\x93\xF8\x56\x35\x75\x1B\x48"
"\xD2\x87\xD8\xE1\x1D\xED\xD7\xA8\xAF\xAA\xD9\xB9\xA6\xE9\x26\xA2\x68\x96\xAB\x40\x29\x15\x3A\xE9\x55"
"\x15\x28\x4D\x02\x08\x53\x31\x5B\xC9\xFE\x38\xDA\xA5\x44\x03\x48\x80\x64\x0A\x78\x7D\x64\xC1\x62\x37"
"\x49\x9B\xEA\x68\x10\xCE\xCE\x6A\x9D\x8E\x46\xDE\x03\x92\x11\x2C\x03\xD3\x46\x6B\x05\xF9\xDC\xAA\xD1"
"\x24\xC7\xAA\x7D\x66\x1D\xC5\xAB\xE1\xB9\x32\x11\x95\xD7\xAA\xA2\x76\x7A\xD9\x36\x3F\xC2\xE9\x0F\xD9"
"\xCF\xB3\x9A\x7E\xED\x45\xE7\xDC\xFD\x07\x1F\xD5\xF0\x88\x36\xAB\xB6\x54\xC8\xEC\x70\xEA\x64\x00\x08"
"\x26\x51\xDF\xBE\xC1\x29\xD2\x28\x39\xD4\xE0\x0D\x45\xA5\x49\x6C\xC1\x31\x15\xAA\x14\xAB\x15\xB7\x0E"
"\x44\x51\x74\xA8\x3C\xB3\xD4\x2A\xF1\x8C\x9C\x8B\x97\xC4\x40\xEC\x23\x73\x42\xE6\xB2\x3C\xAA\xF8\x95"
"\x86\xE0\xB0\x22\x9E\x2A\xC0\x16\x1B\x74\xB7\x01\xF5\x7F\x12\xD0\x7C\xC9\x66\xC2\xDD\x37\xA3\x81\x48"
"\x55\x0C\x36\x8D\x65\x4C\xC8\x43\xC6\x7D\x18\x12\x56\x7D\xD4\x2A\x93\x81\xAF\x35\x9B\x4A\x33\x52\x8F"
"\xC2\x90\xAA\x4A\xFA\xA8\x51\x15\x72\x22\x90\xD3\xD1\x48\x7A\xE1\x23\xC1\x43\xFE\xE8\x55\x61\x8D\xB6"
"\xEF\x45\x9A\x7A\x2B\xE9\xDA\x06\x3C\x46\x14\xAB\xC6\x1B\x3C\x2D\x31\x23\xEC\x24\x37\x0E\xC7\x88\xA2"
"\x33\x85\x81\x24\x41\x80\x1D\x04\xE6\x65\x35\x35\x23\xAD\x80\x92\x3C\xBE\xA6\x84\x49\xA4\x75\x0A\x49"
"\xA0\x9F\x0D\x83\x26\x95\x85\xAE\x75\xC7\x69\x5C\x06\x3E\x41\x3E\x6B\x98\x43\xF6\x20\x35\xA5\xD2\xDA"
"\x20\xF8\xC0\xD8\x6F\x8A\x94\x61\x78\x71\x3A\x9D\x7D\x70\xB2\x4E\x04\x49\xFB\xF9\x45\xAA\xAE\xB8\xE3"
"\xAE\x22\xAF\x21\xD5\xD6\xFC\x61\x1E\x2D\x5B\x65\xC8\x3C\x1C\x4F\x06\x13\x1D\xF2\x74\x24\x37\xC3\xC7"
"\x28\xBE\x54\x94\x18\x4E\xAE\xB8\xA7\x23\xD5\x98\x44\xF1\x57\x6E\x6E\x81\x03\x1C\xAB\x74\xB8\xD2\xD3"
"\x51\x08\x53\x39\x9A\x9C\x55\x99\x34\xB4\x66\x02\x31\xA8\x95\x69\xEA\x0E\x78\xC9\xF6\x1E\xC8\x92\x32"
"\x4E\x69\xFE\x31\x16\x27\xB0\x7D\xBE\x4E\x94\x6F\xD6\x46\x5C\x5A\x6A\x51\x05\x74\x10\x6B\x44\x50\xB5"
"\x1F\xB2\xCD\xD7\xB7\x42\x2D\x2D\xBB\xB5\xB2\x11\xFA\xB6\x59\xE8\xE5\x48\x82\xFD\x23\x4C\x6D\x75\x34"
"\x3B\xE5\x45\x1A\x2B\x06\x52\x63\x7A\x18\x40\x59\x02\x1D\x2D\x80\xEA\xFE\x61\x92\x9A\x7E\xD8\xAC\xAE"
"\x0E\x7D\x4A\xD6\x17\x43\x91\x53\x7A\xDF\xBF\x17\x7E\xF9\x38\x06\x8C\xAB\x43\xCD\x58\x10\x0C\xD5\xA8"
"\xBD\x1C\x9E\x93\x43\xF5\xAA\xC2\xB8\x61\x79\x78\xF7\xF8\x40\x8A\xCA\x97\x1C\xF9\x11\x1E\x16\x43\x1B"
"\x7A\x0A\x03\xEE\x87\x7E\xFB\x11\xF3\x68\x7B\xA0\x63\x2E\x44\x1B\x97\x2B\x3A\xE9\xDD\xCD\x8D\xA8\x83"
"\xB3\xE4\x9B\xF9\x34\x49\x90\xCE\x17\x1A\x71\x81\xF6\x9D\x88\x50\x9A\x75\x19\x75\x3D\x86\x55\x18\x4C"
"\x0B\x81\x7B\xAB\x86\x30\xF9\x58\x29\x94\x4B\x1F\x8E\xB0\xC3\xA7\x99\x18\xFD\x59\x38\xE5\x76\x7E\x44"
"\xE8\x2A\xD6\xE3\x99\x88\xE0\x44\x33\xF5\xB0\x99\xDF\xD6\x65\x18\x5F\x48\x83\xD0\x53\x73\x1A\x29\xD9"
"\xD9\xE9\x36\xAF\xC2\x84\x9F\x23\x3E\xE4\x10\x84\x7B\xA9\xE5\x6E\x2A\xD9\x44\xA6\xC8\x27\xFF\x77\xD2"
"\xAD\x23\x5E\x6D\x1B\xC5\xF4\xE6\xD9\x31\xA2\x96\x3A\x65\x85\x71\x2C\x17\x26\xC0\xDA\x0D\xEA\x61\xBE"
"\xA9\x75\xB2\x94\xDA\x39\x07\x30\x35\xD8\x9C\xCE\xF6\x1C\x3A\x20\xC3\x18\x98\x0C\xEE\xFB\x67\xD6\x9E"
"\xD6\x02\x97\xFE\x89\xA6\xF1\x4F\x28\xC6\x68\x64\x25\xDF\x5A\x20\xF8\xC4\xB9\xBB\xF0\x67\x64\xAB\x12"
"\xC4\x60\x7F\xC0\x64\xF1\x26\xC2\x6C\x77\x47\xA3\x2D\x66\x3A\xF2\x93\xC4\xD6\x60\xA3\x00\xE7\x4E\x95"
"\xB9\x78\xDF\xCC\x46\xF6\x2B\x7F\xDF\x6B\x57\xC6\x37\x17\x29\xDF\xDE\xA8\x98\x57\x9B\x49\x84\xFE\x78"
"\xDB\xB2\x36\x03\x68\xA8\x82\xC2\x53\xB9\xEC\xB8\x17\x53\x1A\x78\x52\xBD\x51\xAB\xEC\x58\xE4\x13\x87"
"\x8D\x11\x5C\x8E\xE3\x1D\x1D\x3B\xD9\xD0\x8C\x38\x98\x3D\xC7\x24\xD6\x3A\x72\x46\x7E\x3B\x26\xFC\xF4"
"\x51\xF0\x50\x60\xA4\x97\x7F\xEE\x27\x00\x95\x19\xF8\x8B\x2A\x88\xE1\x91\xFB\x8D\x71\x1A\x4C\x7A\x1C"
"\x54\x3F\x85\x87\x49\x35\x56\x5A\x04\xF6\x79\xCE\x2A\xA7\x61\x28\x19\xFF\x2F\xB2\xD2\x90\xD8\xEC\x6C"
"\x1E\xCD\xE3\x76\x28\x85\x28\x74\xEB\x40\x61\x39\x83\x13\x36\xC2\x8F\xE5\xC3\xFB\x3C\x21\xAC\x51\xC5"
"\xD6\x38\xB6\xB9\x06\xA3\x2D\xEE\x77\x73\x85\x4E\x22\xA4\x02\x8B\xAA\x86\xF5\x71\x47\x92\x79\x9E\xC2"
"\xDE\xD4\x86\x0D\x0D\x01\x5C\x1C\x51\xA5\xA4\xDA\x06\xC2\x8C\x04\xCF\x69\x94\x3B\x36\x06\x05\x1C\x5B"
"\x70\x63\x5C\xD5\xB4\x3E\x17\xE6\xCC\x86\x69\xEE\x94\xCE\x9E\x14\x75\x63\x5E\xA9\xA1\xF9\xAA\x0A\x1A"
"\xF8\xF4\x2C\x78\x2D\x0A\x9A\xEF\x0B\x08\xB0\xD6\x2C\x93\x80\x91\xF3\x0F\x8E\xB7\x61\xEC\x72\xBF\x9F"
"\x7D\x9B\xFC\xE4\x58\xF0\x6D\xC1\xCD\x48\xB8\x8E\x8B\x01\x80\xD4\xFD\xBE\xE1\xAF\x01\x83\x43\xFE\x36"
"\x3E\xB4\x1D\x35\xC7\x28\xF6\xAB\xC2\x3C\x88\xF2\xE7\x48\xF4\x88\xDC\xBE\xD3\x17\x41\x6D\x34\xDB\x53"
"\x7C\x1C\x73\xC0\x1B\xDD\x8D\x8A\x50\x5F\x17\x31\xD4\xA5\x58\x70\xD4\x89\xC8\x0D\x87\x0A\xBB\x90\x3A"
"\x93\x31\x2B\x57\xAC\x2A\xB6\xC1\xB4\x5B\xDF\x62\xC8\xC4\xDF\x82\x3B\xAB\x07\x56\x47\x34\x77\x07\x86"
"\x84\xDA\x78\x46\x53\x27\x6C\x2D\x6C\xA6\x16\xD1\xA3\xDA\x4C\x31\xF3\x61\xE9\x1D\xFE\x4C\xC4\x39\xEE"
"\xFC\xDD\x45\x97\x20\x87\x31\x76\x4C\xD1\x6C\x9F\x44\x99\xB3\x26\x76\x7C\xF3\x53\x85\x9D\x6A\x80\xC8"
"\x39\x1B\x4F\xE6\xE0\x83\xF8\xB5\xFA\x03\x56\x84\xB9\x86\xD2\xF7\xF3\xDB\x16\xAB\x1E\xB8\xC4\xE4\x02"
"\xDB\x73\x1A\xCD\xBC\x5E\xC6\xC6\xBF\x95\x1B\x49\xBA\xA5\x78\x43\x81\xEE\xAA\x5C\xD9\xD4\x48\x9F\x10"
"\xCB\xDE\x0F\xCD\x3B\x75\x82\xAA\x2F\xB3\xDD\xE3\xF3\x93\xA6\x60\x1F\x31\xA1\xD4\xB6\x16\xA8\x8E\x04"
"\x4C\x3C\x90\x72\xC3\xD2\x7A\x19\xB1\xCD\xBB\x82\xBC\x55\x18\x6A\x41\x91\x6A\x8B\x09\x42\x51\x3C\x45"
"\xDE\x52\x87\x31\x87\xE2\x68\x50\x38\xED\x30\xBC\x23\xF7\xF5\xB1\x8B\x50\x33\xC9\x5A\x00\xE6\x16\x20"
"\xF0\x48\x75\x0C\xC2\x3A\xC4\x75\x60\x2E\x52\x31\x8E\x1F\x37\x27\xB0\x81\x22\xFC\x24\xEA\xE5\xE3\xA3"
"\xC1\x53\xD0\x5D\x90\x89\x34\xC3\xF8\x17\x28\xC4\xC4\x14\x41\xD6\x22\x70\x60\xB1\x32\xFD\x00\xAB\xD8"
"\xC3\xEA\x2D\x08\x0D\xB3\xAF\x50\xAB\x88\xBB\x5B\x9A\xCE\xDC\x48\xE7\x46\xED\x11\x5C\xB1\xB5\x94\x2F"
"\xE3\x5E\xB1\xC4\xC1\xE6\x54\xF2\x19\x34\x1F\x3C\x17\x20\xBA\x40\x25\x7C\x76\x34\xAC\xD0\x76\x95\x6C"
"\x4A\xAB\x56\xB3\x43\x61\xEF\x41\x9F\x82\x91\x67\x53\x2B\xC4\xC9\xB9\xE1\x6A\x28\x95\xFA\xBB\xA3\xB3"
"\xCE\x8F\x34\x30\xFB\xAB\x31\x6D\xA5\xFB\xF8\xAF\x19\x89\x40\xB2\x10\xE8\x56\x93\x60\x71\x54\x50\xB0"
"\x30\x35\x5C\x9B\x04\x38\xB8\x7B\x5C\x43\x80\xEC\xE9\x6C\xDE\x10\xCA\xB6\xA9\x12\x24\x11\x31\x94\x77"
"\xF3\x9D\x71\x96\x90\x92\x16\x93\xB0\xE4\x89\x79\x7E\x7A\x7D\x9F\x39\xC7\x22\x5C\x0B\xE6\x95\xB8\x90"
"\xAB\xCC\x1C\x8B\xD4\xB1\xF6\x17\x47\x02\x0C\x40\xE5\x01\xD6\xA5\xC5\x07\x40\x7A\xDE\x57\x43\xFF\x59"
"\xC4\x5B\xF3\xDD\xBC\x10\x4F\xA3\xEC\x0D\xAC\x88\x85\xCB\x62\xA1\x53\x28\x3D\xAA\x85\x90\x16\xDC\x20"
"\x55\x51\x33\x4A\x0F\x64\x93\xB9\x07\xBC\x86\x63\x81\xCF\x86\x06\x86\x77\x37\x4A\x89\x23\xE6\xA3\x30"
"\xE7\x1F\x7A\xC1\xDA\xBE\xA1\xB6\x8D\x48\xB8\xB5\x8B\xC3\x74\x30\x29\x92\xFC\xEF\xCE\x44\xD5\x31\x4F"
"\x8D\x45\x4D\x70\x06\x33\x47\xD6\x07\x1C\xA2\xCD\xCB\xC7\xEC\xE4\xDC\xE3\x37\xE4\x6D\xA7\x3F\x5F\x38"
"\x61\x88\xAE\xF0\xE3\x33\x5D\xE5\x66\xF5\xCC\xB6\xD3\x1B\xA4\x88\x4E\xDD\xFB\xDE\x39\x16\xB9\xF3\xA1"
"\xC7\x84\xBD\x6A\x47\x41\x56\xA5\xCD\x0B\xC1\x19\x9C\xDB\x13\xCE\x84\x70\x4E\x6D\x54\x46\xCB\xD1\xD2"
"\xFC\x66\x9C\xCF\xFE\x88\xEF\xF6\x91\x65\xA0\xFD\xAC\xB8\xD4\x12\x24\x87\xD6\x76\x24\x73\x0A\x51\x6A"
"\xE7\xD4\xD5\x7C\x48\x37\xB9\xD4\x61\x44\x70\x68\xD8\x89\x40\xB5\xCA\xB4\x94\xA6\xF0\xC4\xB6\x5B\x15"
"\xDC\xCB\x65\x72\xE8\x68\xE8\x9D\x47\xA0\xD0\x42\x03\x9C\xE6\xD8\x97\x89\xE8\x10\x63\x21\x16\xD6\xD8"
"\x0C\x65\x5C\xD3\x61\x91\x1F\x8D\x32\x1E\xDA\x3C\x03\xC3\x34\x37\xE3\xB3\xD9\x7A\xCE\x19\x38\xD2\xA6"
"\xAE\x30\xFD\x11\x9F\xD7\x2A\x98\x20\x94\x89\x01\x2B\x42\x80\x8D\x29\x39\xF0\x2C\x2E\x5F\x30\x63\x8E"
"\x9E\xDD\x5C\x58\xFA\x87\x77\xD4\xA5\x17\xFB\xFD\x7E\xF3\x21\xFA\xA6\x29\xD9\xCD\xCF\xCF\x87\xB7\x8D"
"\x6D\xBF\xE2\x88\x9D\x25\x33\xAD\xEF\xE5\x22\x3E\x30\xEA\x60\x83\x36\xF0\x37\x2E\x67\x20\x35\x03\x30"
"\xEB\xF9\x89\xDD\xFA\x79\xF7\xB0\x85\x0D\xAB\x6D\x68\xC6\xEA\x24\x44\xA0\x11\x4B\xC1\xA2\xB4\x61\x5B"
"\x2F\x1B\x73\xE8\xF0\x94\x42\x23\x8B\x25\xAC\x60\x35\x47\x26\x72\x48\xDE\x18\x12\x29\x62\x29\x52\x12"
"\x56\xD2\x1D\x11\xE1\xFE\xB5\xA0\xC0\x70\x28\x6A\x77\xD5\xC2\xB5\xD1\x20\xF8\x1E\x16\x9B\x45\xE6\x6B"
"\xB6\xE5\x51\x43\xDB\x12\x0D\xCC\x18\x64\xB3\x1D\x00\x59\x18\x56\x7B\xBC\x47\x47\x73\x16\x5B\x6E\xAD"
"\xF8\x23\x9D\x90\x53\xCC\x88\xEE\x36\xDB\x17\xF0\x7D\x72\x94\x88\xE3\x6C\x0F\x22\x68\x24\xD3\xE2\xFD"
"\x7C\x0D\x66\x84\xD7\xAD\xD1\x49\x4F\x86\x29\x16\xF7\xB9\x0E\xE2\x5E\xCB\xC3\x94\x6A\x14\x28\xFE\x0E"
"\xB0\xC1\x31\xF0\xFF\x3B\xA8\xDF\x33\xA8\x45\x97\xCC\x84\x59\x7C\x3E\xEC\xC0\x0A\xB3\x45\x22\xD1\xB6"
"\xBC\x5E\x9D\xA4\x2A\x37\x5A\x23\x47\x5E\xA6\x47\x73\x5E\x46\xFA\xA7\x53\x3C\x14\x3A\x8B\x2D\xF4\xD8"
"\x40\xE6\xEE\x0A\x4A\x0F\x02\xEB\xD0\xD3\xA3\xD9\x6C\x83\xE5\x56\x37\xC6\x3D\x0E\xA9\xA4\x65\x08\x0B"
"\xA3\x61\xA8\xFF\x42\x04\x28\x11\x46\x3D\xEE\xC7\xE5\x6C\xB3\xDC\x92\x59\x0D\x0D\x11\xD8\xF1\x44\x4F"
"\xC1\xBC\xCC\xD5\x64\xBF\x7F\x16\x55\xEF\x7A\xB3\x5D\xBF\xBC\x00\x17\xC3\x79\x5E\xB2\x53\xAE\xD0\x01"
"\x25\x3F\x23\x3B\x24\x8C\x83\xE7\xCB\x3D\x4E\x3A\xE7\xD9\xBF\x7D\x9B\xDC\xB6\xB6\x67\xC6\xD3\x2C\xED"
"\xD9\xCA\x8C\x72\xE3\x10\xD4\x32\xBB\x8E\xBE\xCD\x3F\xFE\x90\xA1\x8C\xEF\xFE\x01\x27\x6C\x88\xDE\x8E"
"\x1C\xCD\x15\x84\xB5\x30\x0B\xA1\x45\x7A\x3A\xC8\x7D\xF8\xE1\xBF\x6B\x79\x0E\xBE\x93\x9E\xF4\x3B\x35"
"\xF0\xFC\x42\xCB\xA0\xCC\x9B\x16\x25\x6A\xFD\xB4\x6F\xA9\x41\xDE\xF5\xAC\xCA\x2A\xD4\xA0\xDB\x5C\xCC"
"\xC7\x15\x0B\x23\x96\x74\x0B\x59\xE3\x8D\x67\x86\xFE\x36\xF8\x94\xBA\x0F\x44\x82\xCB\xAA\x3A\x46\x59"
"\x45\xEF\x49\x2A\xA1\xFB\xD5\x2C\xAE\x89\x3A\x52\x46\x55\xFD\x6F\x82\x7E\x37\xC8\xD7\x70\x84\xA1\x7F"
"\x1C\x41\xB8\xD7\x44\xF4\x3D\x79\x23\x30\x98\xBA\xBC\x47\x23\x74\x61\x9C\x59\x24\xBC\x5B\xFD\x82\x32"
"\xCD\xE6\xDB\xE9\xD7\xCB\xAF\x5F\x6F\x26\x1C\x55\xC7\x00\x3E\x11\xE7\x59\x72\xA9\xB5\x7C\x59\x58\x26"
"\x28\x98\x51\xD4\xCC\xC9\x1B\x05\xCB\xCA\x01\x29\x4E\xDF\x39\xEE\xB7\xF0\xB8\x24\x90\x3E\xAB\xE0\xA2"
"\x4C\xC4\xD0\xD1\x9C\xE8\xA8\xFE\x32\xEA\xE6\x02\x32\x2B\x60\xDB\xE2\x16\x78\x61\x64\x68\xF8\x4F\x1B"
"\x6D\x52\xED\xDA\xF3\xB9\xDC\x2E\x95\xA4\xB4\x9A\xDA\xD3\x18\x71\x23\xA8\xAA\x30\x32\x89\x2A\x2D\x86"
"\xF2\xE2\xDC\xD4\x8A\x71\xD2\xA3\x8A\x66\xCA\xF5\xA2\x44\x8C\xDC\xBD\xEF\x49\x7B\x4A\xBA\xA7\xD5\xF2"
"\xD7\x1D\x36\xC3\x12\x62\xA3\x2B\xFB\x31\xDD\x6F\x40\xF8\xB2\xDD\x02\x1A\xB8\x31\x01\x92\x17\x14\x62"
"\x23\xB1\xAF\x9A\xA0\x4B\x1D\x65\xCC\x27\x3E\x70\x4E\x91\x9C\xDD\x0C\x19\xE5\xA3\x5B\xCC\xB3\x86\x75"
"\x9A\x99\xAD\x8C\x74\x94\x8C\x0D\xE7\x27\xD9\xD9\xB7\x27\xBA\xFF\x3F\xA2\x03\x86\x00\x7B\x81\x47\x9C"
"\x45\x95\xA2\x32\xEA\x63\x15\x07\x88\xA8\xD6\x93\x85\x9F\x6A\x39\x56\x5B\x8D\x35\x27\x59\x85\xE3\xDB"
"\x8F\x74\x42\xB3\x6C\xD4\xCD\xCE\xD8\x11\xCE\xD3\x0B\xBA\xE0\x73\x2B\x55\x1D\x12\xB4\x2C\x19\x53\x60"
"\x8D\x26\xDA\xC4\xC9\x8D\x86\x66\xCB\xF6\x68\x4D\xE4\x55\xDB\x34\x9E\xFB\x2A\x1F\xA0\x0C\xD1\xAF\x96"
"\x09\x12\xB0\x0C\x0E\xB1\x9F\x0A\xFB\xD2\x3E\xEE\xE1\x1B\xC0\xA4\xB6\x45\x53\x6E\xCF\x21\x21\x3F\x3D"
"\x51\x95\x4E\x3F\x3F\x80\x68\x63\xA9\x8E\x94\x39\xCB\xED\x03\x99\xD9\xEE\x49\xAC\xA5\xA9\x36\xA4\xCE"
"\xD4\x3D\xE8\x20\xFF\xC0\xC1\x86\x4D\x7C\x65\x55\x6C\x47\xC2\x54\x67\x93\xFE\x72\xC2\x8F\xC8\x36\x56"
"\xA8\x17\x52\xBA\x09\x04\x07\xC9\xE5\x7C\x0D\x81\x83\xF2\x09\xCF\xE0\x81\x02\x1C\xE6\x36\x09\x6C\x48"
"\xB6\x72\xA4\xF6\xF0\x95\xC7\xBC\x4A\xFC\xD5\x90\x2F\xC7\xE6\xE5\x52\x6B\xC2\xA0\xF7\xA3\x8C\x9C\xC3"
"\xA8\xAC\xC4\x0F\x39\xE2\x91\x14\x17\x8C\x03\x73\x2E\x98\x63\xDC\x13\x9B\x5F\x88\x0D\x79\x60\xA3\xE8"
"\x9A\x47\x31\xAB\x28\xC9\x0A\xF5\xEC\x81\x60\xAD\xB6\x92\xD5\x76\xD2\xA3\xCD\x9E\x22\x47\x4A\x99\x9E"
"\x88\x8B\x6A\x50\xCE\x28\x0B\x22\x2B\x41\x9C\xB8\x9F\x9D\x36\xC0\x78\x72\xDB\x12\xFA\x6B\xFF\x9B\x82"
"\x51\x75\x45\x92\x2B\x9C\xE1\x17\x05\xDA\x4B\xD3\x40\x12\xEB\x8B\x63\xD1\x24\xF8\xC0\x6F\xA0\x19\xB0"
"\x20\x2F\xCC\xEA\x6D\x63\x14\x8B\xE0\x06\xFC\x58\xDD\x1B\xED\xC9\x84\x34\xC8\x5C\x06\x7B\xA9\xC1\xB9"
"\x98\x7B\xB4\xCA\x2A\x9A\xFC\xF9\x58\xEF\x76\xDB\x0D\xE9\x2D\xE7\x7B\x8E\x2F\x5A\xCC\x5D\x97\x46\x81"
"\xEF\x98\xB6\xDA\x5A\x98\xB9\xA6\xE2\xCC\x05\x1B\xBF\x25\xFF\x54\xEE\x32\x60\x91\xC2\xB0\xEC\xB5\x27"
"\x2A\x45\x71\x7E\xA8\xC6\x14\xDC\xCB\x90\x5F\xC4\x61\xCD\xA1\x0F\x3D\xD4\xFA\x1F\xB0\x6D\x43\x21\x26"
"\x7C\x4A\x98\xDD\xF4\xDC\xDE\xB2\xCE\xBB\xD1\xBC\xF4\x2F\x36\x55\x4E\x6C\x90\xD1\x8D\x4A\xB0\xBA\x57"
"\x39\xD5\xCC\x50\x94\xFB\x98\x30\x7E\x02\x94\x62\x68\xB7\x83\x52\x7F\xB5\x7D\x5E\x3A\xD7\x04\xE1\x33"
"\x7E\x74\x8D\x5C\xDF\x77\x67\x40\x6E\xC6\xB1\x6F\x44\x26\xA0\xFE\x00\x5C\x0E\xD9\xED\x7C\x0B\x6D\x5C"
"\xDB\x7A\xAB\xE9\x59\x2F\xD2\xEE\x48\xDA\xB0\x4B\xCE\x5C\x4F\xFE\x60\x0A\x79\xB7\x92\xA5\x5D\x40\xFD"
"\x55\xE7\x51\x48\x22\x4B\xD6\xAA\xD2\x7E\xA5\x3E\xB6\x87\xD5\x06\x05\x1B\x07\xD6\xB1\xC3\x62\x80\x68"
"\x90\x1D\x33\x88\xE1\xB0\xA2\xA4\x7F\x80\xE5\x6B\x9B\xB3\xAD\x1C\x0D\x22\xF1\x65\x6B\x92\x9A\x92\xCE"
"\x91\x85\xFF\xB5\xBD\x84\x56\x89\xF0\x8F\x6A\xD4\x4D\x7E\xFD\x3D\xD6\x8D\xCC\x14\x00\xDA\x09\xC7\xB8"
"\x40\xD0\x2B\xCE\xBB\x37\x11\x7F\xB1\xE3\x8B\x3F\x88\x1A\x64\x86\xFF\xF8\xFC\x42\x2E\xBB\x0D\x94\x8F"
"\xE0\x23\xFC\xC5\x53\xFB\xC8\x2E\xBC\x37\x52\x16\x26\xB7\x85\x88\xB7\x96\x94\x39\xB2\x33\xAF\xB1\x70"
"\x09\xC4\xF2\x0D\x42\x9C\x03\xF7\x02\xA2\x84\x4C\x1B\x4E\x45\xE6\x54\x0D\x08\xCF\x67\x94\x49\x45\xDE"
"\xDF\xDD\xAA\x4A\xE0\xDC\x7C\x23\xB4\x7B\x88\x81\x2C\x92\x2B\x61\x6E\x6A\x8F\x0B\x0B\xE7\xAF\xCA\xF2"
"\x8E\x05\xBD\xFE\xAB\xC4\xC8\x35\xAF\x3E\x30\x7C\x62\x94\x04\x0A\x5E\xB0\x08\x1C\xF1\xCC\x30\x20\x9F"
"\x6C\x85\xC6\xD8\x1E\x54\xA3\xDE\x8B\x2A\xFB\x87\x24\x85\x9D\x74\x2B\x50\x7B\x5A\x17\xB6\x28\x76\x7B"
"\x96\xD4\xEA\x1D\xC4\xF3\xE5\x2F\xEE\xFF\x21\xB2\x03\x33\xAC\x51\xD3\xF8\x08\x3B\x2C\xCC\x74\xCB\xFA"
"\xC1\xD3\x76\x6B\x54\x8A\x4B\x73\xC0\x8B\x85\xA9\xE0\xD2\x1D\x74\x10\xA0\x31\x55\x6E\x97\xEA\x4F\x81"
"\x14\xF4\xD9\x8E\xFC\xE3\x92\x2D\x3F\xF0\x15\x21\x7B\x59\x2C\x67\x4D\x37\xBA\x99\x9C\x72\x7D\xD8\xC7"
"\xDA\x26\xA4\x30\x3C\xD6\x13\xDA\x45\x78\x9E\xFA\x1A\x0A\xD1\x3A\x7F\x27\x07\xD2\xEB\x63\x2E\x30\x6E"
"\x21\xF3\x35\x22\x56\xCC\x4B\xB5\xF7\xD3\x1A\x70\x69\x98\xEA\xE0\xC0\x75\x6E\xCB\x99\xCB\xDC\x16\x8D"
"\x0A\x77\x35\x42\xA1\xA4\x0B\x86\x19\x76\x3A\x1B\x3C\x43\xF6\x2B\x19\x50\xB9\xF4\x52\xA5\xC6\xC6\x21"
"\x3D\xDC\x92\x9B\x78\x69\x3F\x8A\x5C\x88\xEC\x69\x7E\xBD\x7B\xDD\x13\x59\xC6\xCD\x0C\x9B\x37\xCC\x37"
"\xF0\xDA\x78\x86\xC1\xFE\x09\x09\xEE\x9F\x71\x02\xF7\x54\xBE\x5F\xF0\xD1\xF7\x94\x33\xF6\x3A\x70\xAA"
"\x78\x71\x2F\x8A\x19\x9C\x41\xB2\x2A\x1A\x4D\xEA\x86\x1C\x77\xBE\x2B\x43\xAC\xE7\x4B\xAD\x13\x02\x4D"
"\x0A\x20\xD6\x5C\xEB\x72\xBF\x9D\x37\xA0\x83\x47\x0C\xC2\x32\xF5\xFF\x26\x7B\xE6\x89\x20\xBC\x7C\xDB"
"\xBC\xBF\x51\x80\x3F\x58\xCA\x45\xD7\x0D\xA7\xE8\x8A\xE1\x33\x5A\xD9\x0C\xE9\x5A\xE2\x60\x2A\xE3\xCC"
"\xCA\xBC\x49\x99\x08\x79\xD9\x8A\x9A\xE8\xDC\x6D\xBB\x51\xAF\x92\x43\x4B\x14\xA0\xC3\x13\x8F\x88\x8A"
"\x0E\xA7\xDE\x95\x0E\x53\xD7\xC2\xCA\x6B\xBE\xD5\xB0\x30\x1C\x65\x47\xCB\x5D\xA7\xB6\x02\xC1\x1A\x3E"
"\xAA\xB2\x1E\xED\x6C\x4B\x02\x7F\xC8\x84\xFC\x9D\x8F\xB6\x24\xE4\xE1\xE3\x0E\x18\x18\xF4\xC5\xB3\xCA"
"\xEA\xD5\x57\xAD\x53\xF7\x3E\x21\x8E\x79\x30\x82\xE8\xE5\xA3\x02\xE8\x37\x9D\xDF\xCD\x16\x53\x82\xE0"
"\xB6\xDB\x90\x57\x56\x10\x49\xE8\xE4\x56\xDB\x84\x80\x57\xD7\xEE\x91\x37\x1E\x6D\x52\x59\x00\xDB\x0F"
"\x46\xF3\x19\x09\x14\x1B\x9B\xAD\x4F\x27\xE2\xB2\x14\x47\x28\xEA\xF9\x18\x40\xAE\x1C\x3D\xAF\xEE\xBA"
"\x1A\x6E\x32\xE7\xDE\x84\x6D\xB9\xB6\xF4\x6F\x10\x2C\xC7\x76\x1D\xA6\x10\x47\x37\x59\x37\xA4\x8C\x8E"
"\xD0\x70\xC8\x7A\x60\xD1\x58\x4E\x5E\x84\xF1\x69\x85\x93\x87\xCE\xAB\x8D\xEC\xD7\x4A\x5C\x28\xC0\x6B"
"\x9F\x3A\x84\xAE\x55\x41\xF2\x52\xF0\x22\xD0\xF9\x7B\x34\x6D\xD0\xE3\x1F\x83\x09\x09\xC0\xC8\xC0\xC4"
"\xAA\xFA\x07\x14\xD0\x88\x12\x30\x01\x42\xFE\xBE\x1F\x83\xC1\x69\x3E\xB4\x6D\x35\xF7\xA2\xB3\xDB\x88"
"\xA7\xD2\xC8\x4F\x9F\x95\xA0\xFC\xD9\x6A\x00\x02\xE4\x8A\x3A\xE9\x6B\xDB\xC9\x04\x66\xE4\xE7\xAD\x9C"
"\xCA\x46\x2C\x0B\x1A\x73\x7F\x5F\x6C\x66\xB6\xE1\xDA\xEA\x0C\xB0\xB1\xE0\xC4\xA3\x0D\x40\x6E\xB3\xE3"
"\xF4\x9D\x8D\xA4\x0B\x9B\x70\x6D\x61\xAC\x86\x39\x04\x3C\x48\xC3\x5C\x46\xED\x93\xC7\x61\x0F\xFB\xA1"
"\xDB\x91\xF9\x9C\x19\xEE\xF8\x82\xB4\x27\xA1\x17\x25\x77\x20\xD0\x70\x71\x30\x05\xB5\xA7\xDC\x4E\xB9"
"\x60\xE5\x8A\x61\xCA\xCE\xBC\xAD\x12\xE7\x3F\x83\x61\x6D\x8B\x23\xF2\xC1\xB0\x45\x36\x93\x19\x7F\xFD"
"\xF5\x44\xC6\x27\xDC\xCA\xFC\xFD\x2E\x9E\x58\xA5\x15\x73\xEE\x63\x91\x32\xF0\x03\x14\xCF\x27\xA7\xA7"
"\x16\x8F\xCC\xEE\xE7\xAB\x8F\xF7\xFB\xF7\x17\x76\x31\x48\x94\xBA\xDD\x88\xAB\x57\xE9\x1E\x83\x97\x67"
"\xED\xB0\x22\x4B\xFC\x52\xC8\xFB\x97\x95\xED\xF8\x63\x0C\xB9\x79\xDF\xCF\xBE\x74\xB3\x0B\xB0\x10\xA0"
"\xF0\x46\x89\xEC\xED\x15\x39\xF5\x9B\x66\x94\xAB\x03\xE2\x9B\x28\x52\xDB\x25\x93\x87\x83\x65\x84\x91"
"\x42\xA9\x89\x6B\xC3\xF0\x40\x61\x73\xB8\x2D\x61\x23\x19\x2D\x17\xDB\x03\xEA\xC2\x40\x9A\x61\x5F\xCB"
"\x32\xB6\xF1\xED\xA6\x9E\x0B\x13\x96\x71\x18\x41\x2C\xD5\x8F\x53\x77\x89\x4C\x81\xCC\x3A\xB4\x7C\xCD"
"\x20\xB6\x38\xBC\x61\x9F\x78\xDD\x88\xA0\xD5\xA6\x03\x59\x1A\x6E\xAA\xE9\x66\x8E\x21\x0D\x1E\xE0\xF5"
"\x76\x49\x33\x44\xA8\x93\x08\x55\x8C\xC5\x0C\x38\x4A\xB1\x04\x62\x1A\xAC\x77\x7E\x0A\xCE\x59\xF1\xB0"
"\x7D\x6C\xB6\x9B\x77\xB2\x71\x03\xD9\xBF\xE5\x98\xEA\x52\x64\xE5\xD2\xA6\xC7\x85\x1D\x65\x0C\xC5\x0A"
"\x74\x45\xA6\x8A\x15\x13\x3E\x0C\x1C\xDF\xEF\xE7\x2C\x28\x55\x3F\x74\x56\x31\xE6\xBA\xDB\xBE\x82\x6E"
"\x02\xEA\x89\x11\xE5\x69\xCC\xEC\xF9\xC6\x37\xB7\x29\xFE\x27\xF3\x84\x41\xD8\x0C\x53\x98\xB1\xBB\x67"
"\xE3\x55\x6D\x3B\xB4\x52\x8D\x93\xD0\x99\x08\x4D\x80\x36\xB3\xFF\xFD\xDF\x60\x03\xDB\xAA\x93\x94\xF2"
"\x35\x8E\x09\xB7\xB5\x17\x10\x1C\x1A\x35\x6A\x14\xB7\xE0\x15\xAF\x6A\x1B\x59\x6B\x45\x3E\xE3\x5E\xD8"
"\x1A\xAB\x01\xD9\x00\x81\xF6\x63\xA2\x86\x6E\x06\x93\xD5\xFC\x89\x41\x31\x67\x35\x77\x9F\xC6\x35\x51"
"\x54\xDA\xEC\x21\x3F\x52\x09\x5E\x44\x6A\xA9\x1F\x6A\x03\x7C\xC9\xBF\xDF\x9E\x1B\x73\xEF\x03\x38\x15"
"\x61\x3F\x17\xA2\xBE\x42\xA0\x88\x59\x62\xEE\xB8\x01\xD0\x90\xB6\xCF\x77\x64\x6C\xC8\xC3\x2D\x22\x0B"
"\x3A\xEE\x87\xF9\x9D\x2B\x19\x1E\x7A\x4C\x92\x7E\x2D\x7E\x21\x5F\xD6\x27\xCD\xC7\xCD\x98\xC4\xD5\x5A"
"\x72\x5B\x75\xE3\x34\xB6\xA6\xEA\x68\x53\x79\x93\xA7\x86\xF4\xAE\x1D\x70\x0D\xFC\x54\x89\x9A\xA9\x96"
"\x42\xF7\x9D\xA5\x22\xA5\x00\x59\xC7\xA2\x3F\x3A\x5E\xA7\xD6\xEF\xCA\x7A\xD5\x31\x54\xA1\x55\x7B\xAA"
"\x0D\x54\x1D\x62\x29\xEA\x5C\xCA\xF9\xF0\x98\xDA\xAC\xB0\x9E\x0D\x37\x88\x45\x67\x53\xB2\xE0\x2F\x79"
"\x16\xE1\x49\x30\x82\x69\x6B\xAC\x0C\xFD\x3F\x16\x4C\x45\x0B\x20\x85\x6F\xA2\xF2\x82\x3E\x6C\x32\xF9"
"\x11\x61\x05\x3B\x30\x5D\xA0\x51\xA4\x45\xA4\x0B\xB0\xF5\x5F\xDC\x75\x23\xFE\xE3\x25\xE6\x8E\x5F\x60"
"\x5C\x45\xF4\x01\xAA\x14\x8D\xE7\x6C\x50\x70\x39\x09\x05\xE1\x51\x9B\x02\x1C\x8D\x5A\x2A\x58\x6B\xD1"
"\xD1\x04\x89\x05\x23\x28\x63\x2D\x33\x23\x9F\x86\x6D\x09\x39\xB1\x68\x47\xE4\x48\x8D\x5A\x2C\x23\x9B"
"\xED\x47\x01\x0C\x3D\xC8\xD4\xD6\x88\x68\x93\xA4\xED\x75\xC0\x2E\x82\xE1\x09\x60\x82\x6A\x91\x44\xC6"
"\xC4\x49\xE4\xF7\x11\xE4\xE1\x40\xA7\x12\x90\x4C\x44\xB2\x8D\xDA\xD6\xE7\x53\x6A\xB1\x82\xD4\x79\xB7"
"\xAE\xFE\x88\xED\x36\xE2\x8A\x6C\x20\x2B\xA7\x73\xB2\xB9\xA3\x14\xC8\x90\x77\x3B\x3D\x6F\x0D\xBB\x23"
"\xDE\xE3\xCB\x2C\x54\xA6\x59\x73\x18\x5B\xA9\x5E\x66\xD1\xE0\x56\xA2\x61\xBB\xB9\x9B\xDF\xFF\x46\xE6"
"\xBB\x58\xCD\x89\xAF\x21\x58\x5C\x2C\xC0\x04\x8D\xD3\x11\xBF\x28\xC2\x7E\xE3\x09\x86\xAA\x32\xDD\x65"
"\xCC\x30\x10\x39\xD0\xF4\xE9\x89\xDD\x2C\x6A\xE7\x3B\x27\xB8\x1B\xDB\xBC\xA9\x10\xF7\xB2\x3A\xAA\xA2"
"\x2B\xEF\x3A\x4C\xDA\x65\x95\xDA\x3B\x83\x8E\x46\xF2\xEF\xCE\x79\x92\xA9\x11\x49\x80\x25\x24\x7B\x91"
"\x16\xC7\x5C\xF0\xD9\xFF\xAB\x00\x16\x30\x02\xC7\xB8\x9B\xBE\x23\x57\x5A\xEB\x43\xE3\xB3\x61\x1D\xA0"
"\xE7\x6C\x79\xF5\xB9\x2F\xF4\xA6\xC7\xF9\x10\xE8\xDE\x2F\xF5\x65\x3F\xEF\xCE\xDB\x42\x3D\xD1\x8C\x54"
"\xCE\xC8\xFE\x19\x14\x72\x44\x46\x78\xC8\x58\x55\x3A\x6F\x94\x67\xE2\x6D\x1D\x0C\xCE\xC8\xC2\x36\x9D"
"\x7E\x7E\x2E\x01\x6F\x98\x3F\xAD\x59\x1A\x00\x47\x2F\xF3\x1A\xB8\xE8\x67\x5F\xA1\xB6\x52\xD6\x7C\x8F"
"\x49\xEE\x58\xA9\x6B\x0A\x2B\x8B\x44\x07\x41\x3A\x8E\x3B\xF7\xAE\x2D\x56\x1C\x1E\xCB\x9C\x3B\x6A\x80"
"\x95\x0E\x2C\xAD\x56\x06\xA6\x1E\x85\x56\xFB\xC0\x9B\xF3\x81\x73\x43\xE8\xCD\xA6\xCB\x55\xD1\xB2\x27"
"\x43\x12\xD8\x8E\xB1\x60\x38\x3D\x27\x42\x15\xB5\xAC\x61\x27\xE1\xD2\x36\x9F\x35\x79\x47\x3F\x76\xAC"
"\x57\x85\x25\xC6\x61\xB4\xDD\x46\x4A\x00\x2C\xA9\x8D\x35\xC5\x2A\x88\x36\x1F\x4A\xC3\x40\xC4\x4B\xD6"
"\x62\x03\xCB\xDB\x06\xB5\xBD\x5F\x73\x2E\x3D\x83\x00\xB5\xC8\x45\x7C\x41\xD9\x3F\x58\x9C\xD9\x8B\x34"
"\x09\x81\xB0\x3F\x8A\xC9\x63\x71\x34\xF9\x91\xB2\x68\x0F\x56\xA8\x2B\x10\x71\x5F\x7F\xB7\x48\x47\xFC"
"\xC7\x9F\xCF\x60\x44\xD5\x13\x79\x16\xB3\xA2\xE2\x40\x30\x96\x6D\x19\x08\x32\x58\x16\x13\x07\x69\x06"
"\xA6\xBB\xF9\xA3\x06\x94\x50\x8F\xC5\xA0\xFA\x09\x99\x95\x1B\xDF\x99\x50\x1B\xD5\xBA\x71\xD6\xBB\x5F"
"\x0E\x2B\x6E\xC6\xE9\x95\xB4\xAF\x54\xFA\xEA\xCA\xA9\x34\x8B\xC8\x88\x41\x36\xC2\x62\xCF\x0C\x69\xDB"
"\xC5\x09\xD2\x3A\x65\x2A\x49\x5A\x05\xE5\xEB\x87\x20\xB8\x72\x10\x94\x03\x2C\x93\xC2\xA8\x31\x50\x11"
"\x74\x72\x31\xE7\x35\xFF\xAB\xB3\x4C\x68\x96\x47\x4E\x20\x9A\x1C\x8C\xA3\xE9\x3B\x38\x03\x17\xE4\xE2"
"\x7C\x24\x5F\x51\x4F\x78\x5C\xEC\xA8\xA2\xE9\xF3\x32\x0A\x7A\x1D\xA7\xD8\x4A\xC1\x39\x29\xD8\xD8\xB4"
"\x8A\x9D\x28\x55\x95\x3E\x2D\x35\xC5\x4C\xF6\xFF\xB0\xA4\xE0\xDC\x77\x3D\x70\xAD\xF3\xC7\x5A\xFB\x08"
"\x98\xD3\x11\xFB\x4C\x36\xF3\xF5\xCB\x82\x43\x9E\x78\x06\x57\xAD\x20\x76\x18\x11\x5D\x63\x9D\x10\xE2"
"\xC7\x0D\x26\xF4\x66\xD3\x7E\xA5\x63\x11\xDF\xD8\x54\x87\xB3\xBC\x08\x6B\x50\xD5\x01\xD0\x56\x55\x1D"
"\xD1\x9F\xA0\x16\xA9\x88\x76\x6C\xDF\x07\xE7\x86\x4A\x51\xD6\x90\x24\x8B\xB4\x27\x5D\xD7\xDC\xC7\xB9"
"\x5A\x77\xA5\xE5\x31\x5E\xC1\x52\x65\x77\xB5\x3C\x20\x6D\x9E\x1E\xB8\xB9\xC5\x33\xC1\xDE\x93\xE6\x51"
"\x4A\xE2\xF4\xAC\xBF\x42\xCE\xCA\xEC\x6C\xFA\x7B\x3E\x77\x60\xC5\x72\xF1\x3C\x3D\xF1\x38\x13\xFB\x2E"
"\x9B\x3B\xB4\x3A\x9E\xD7\xDC\x26\x75\x37\xBD\x3C\xE9\x41\x90\xE0\x23\x45\x6A\x99\x5C\x04\x77\x46\x8B"
"\xAD\x08\x97\x0B\x74\x10\x57\xDD\x92\xFD\xF8\xE4\x46\x2E\x7A\xBE\xDF\x58\x66\xA2\xD3\xAC\xE2\x2B\x4A"
"\x7E\x9F\xB3\xB4\x09\xCD\x4E\x3A\xE1\xB5\x26\xF4\x38\x64\xBB\x99\x9E\x68\x51\x6E\x47\x89\xE5\x38\x3F"
"\xAD\x9B\x00\x98\xBE\xF2\x3D\xD5\xE9\x11\xFD\x7B\x9D\x87\x26\xA0\x12\x33\xED\x70\x88\xFB\xBE\xD2\x34"
"\x35\x01\xB2\xF5\x5B\x14\x9E\xA1\x24\x75\xC0\x2F\x1C\x51\x21\x24\x61\xCA\xD0\x0A\x16\xDE\xB3\x67\xC9"
"\x70\xD8\x19\x49\xDC\xB6\x18\x3D\x35\xE1\x10\x0A\xA6\x2C\x2B\x9D\x4C\xB7\x73\x1E\x5F\xA6\x5C\xE8\xCB"
"\xBA\x00\xF5\x74\x27\xE0\x7F\x5E\x3F\xDF\x3F\xE1\x50\xEE\x9F\xD5\x2F\x9A\xDC\x5E\xD7\x60\xAA\x07\x9C"
"\x83\x34\xCD\xD8\x44\x1B\x9D\x75\x94\x88\xEA\x53\xB6\x8D\xD8\x8A\xA2\xE1\xF7\x6B\x20\xBE\x24\x46\xD6"
"\xF9\xD1\x2C\x41\xD1\x1A\x99\x34\x36\x5E\x4C\x7E\x54\x22\xEF\xA8\xB4\xFA\x60\x05\x02\xFD\x95\xE5\x91"
"\x1C\xDD\x29\xB1\xEC\xC0\xEA\x2E\xCC\xCF\x6A\xC4\xB3\xB5\x9A\x4C\xB8\x9D\x91\x90\xF8\xF1\x91\x23\x10"
"\x89\xB3\x81\x9D\x93\x03\x05\x6E\x34\x20\x63\x57\x62\x2C\xB4\x82\x76\x8C\x3A\xCE\x7D\xC1\x69\x07\x7F"
"\xFB\x8F\x91\x16\xAF\xAB\xA7\x39\x0C\xA0\x8D\x40\x8E\x5C\xE4\xD1\x5F\x7B\x84\x84\x98\x70\x0D\x13\xE3"
"\x1B\x08\x5B\xA6\x2C\x0F\xBC\x09\xD7\xF6\x38\x9F\xDD\x4D\x2E\x02\x7B\x59\x73\x75\x33\x7F\xBA\xDF\x7E"
"\x7C\x20\x38\xDE\xA2\xA8\x47\xD3\xF6\x34\xFD\x72\x89\x29\xE2\xEF\xE0\x32\x28\x50\x1A\x62\x4F\x20\xA4"
"\x35\x03\x71\xD9\x34\x1A\x0C\x04\xDD\xCB\x8F\x1F\xF0\xFE\xDF\x5B\x50\x12\xDE\xCF\xF7\xA8\x6A\xB3\xA6"
"\xF3\xF8\xBC\xDF\x30\xD9\x18\x1B\x1B\x2A\x90\x81\x77\xFB\x3F\x81\xAF\x68\xFD\xE7\x73\x0A\xCE\xB2\xCB"
"\xD2\xF9\x35\xAB\xDA\xB0\xC9\x46\x17\xD9\x3A\x67\xB8\x42\xD4\x2B\x73\xC3\xA5\x86\x2F\x6B\x0B\x6F\x8C"
"\x53\x3D\x6C\x0B\x11\x6D\x7C\xAA\x39\x11\x4F\xFE\x8A\x0E\xED\xC0\x8C\xAC\xCF\xA2\x6A\x71\x1E\x1F\xCA"
"\x02\xEC\x1D\x5D\x38\x5F\x7C\x58\x69\x13\xCA\x2E\xD6\x46\xBA\x08\xBB\xD9\xE9\x3E\x52\xEB\x30\xA3\x87"
"\x7D\x32\xFD\xC4\x9C\xE4\x96\x2C\xE2\x8F\x2B\x8C\xCF\xF4\xBE\xD3\x4B\x89\x7A\x77\xF0\xCF\x6C\xC7\x85"
"\x2B\xFB\x3D\x3A\x76\xCB\x3D\xFE\x7E\x7E\xD2\xD9\xFC\xB8\xFB\x77\x44\x5E\xF8\xC4\xD7\xDD\x72\x8A\x19"
"\x68\x0D\x98\x9E\xA6\x26\x56\xC3\xE2\x0F\x4B\x57\xE3\x6F\x74\xD1\xDC\xF4\xF0\x84\x91\xE3\xDF\xC8\xD6"
"\x4E\xBE\x68\x7C\x04\x84\xEE\xD5\xA9\xE0\xF9\xDA\x44\xF7\xBA\xD9\x7D\x4C\x23\x6E\x8D\x14\x95\x69\x15"
"\x06\x9A\x8C\xCA\xA5\x32\xCA\x2A\xA5\xAB\xA9\x16\xD9\x88\xF8\x25\x31\xC0\xCF\x5F\x5B\xA3\x2C\x41\x25"
"\x70\x87\xDE\x63\xE8\xD0\x0E\x91\xD5\x65\x61\xF7\xAD\xD6\xAB\x5B\x67\xC4\x11\x31\x89\xF5\x5A\x0D\xB4"
"\x11\x87\x88\x19\xD0\xBB\xC8\x4E\x77\x7A\xEE\xB8\x87\x3A\xFF\x9B\x40\xB2\x3A\x99\xAE\x37\xE8\x7A\x60"
"\x46\xE3\xE9\x81\x83\xEA\xB1\x5A\xAE\xD0\x10\x94\x77\x4F\x1B\xD0\xCC\x62\x35\xE1\x07\xD0\x53\x10\xE5"
"\x1E\x99\xC5\xF3\x13\xC2\x0E\x94\x13\x66\x82\x23\x9C\xFF\x7B\x7E\x92\x70\xBB\x7B\xC9\x55\x25\x51\x7F"
"\x70\xD8\xED\x61\x54\x5D\xB6\x9F\xAB\x42\xA4\x63\x25\x9D\xFD\x0B\x02\xF5\xBE\xC7\x20\x83\x8C\x4B\xEC"
"\x7E\xE9\xF8\x6E\xB6\xEF\x0F\x38\xC2\x79\x3A\x2E\x39\x95\x23\x2A\x9B\xEA\xC0\xD3\xE6\x68\x4A\xBF\x03"
"\x12\xC5\x18\xC9\xA3\x30\x9E\xAD\x2D\x99\x8B\x8E\xD9\xE2\x4A\x5B\xCA\x82\x65\x04\x95\xE1\x5B\x5A\xE7"
"\x41\x1E\x59\xED\x35\x4A\xAD\xBA\x5C\x07\x36\xE0\x24\x4A\x8E\xF0\xA7\x47\xE7\x96\x0C\x31\x74\xC1\x49"
"\x71\x04\xEE\x88\xDC\x02\xF6\x93\x71\x8F\x13\x4A\x24\x74\x66\xED\x7D\xFE\x31\x1D\xB6\x4E\x24\xD3\x67"
"\x81\xBC\xE0\x4C\x0D\xA4\x38\xDF\xC2\x18\xEE\x3F\x98\x74\x60\xB2\x7C\xFD\xF1\x89\x33\x0D\x21\x72\x9F"
"\xCD\xCF\x13\x7A\x17\xCC\x5C\xC2\x70\x47\x03\x42\xD7\x2E\x79\xFD\x69\x6A\x2C\x3C\x9C\x91\x20\x04\x16"
"\xAD\xF6\x73\x39\xA3\x6F\x5F\x53\xC7\xC7\xC7\x44\x97\xDF\x6B\x65\x36\x0A\xAE\x3B\xAC\x11\xE1\x60\x5E"
"\x63\xDB\xA6\x64\xAD\x38\xA0\x90\xFA\x82\x70\x27\x9B\x08\xE3\xAF\x65\x47\x90\xE5\x4B\x72\xF3\x3C\xFB"
"\x2F\xE0\x00\xD0\x18\x1C\x61\xFA\x04\x77\xE1\x95\xB8\xB2\xFE\x8A\x9F\x51\x1A\xD0\x90\x66\xF2\xD7\x36"
"\xA1\xEA\x30\xD5\x57\x68\x54\xD1\xAB\xB2\xB5\x43\x13\x7C\x1F\x29\x32\x4E\x29\x81\x8A\x2A\xCA\x22\xF6"
"\x26\xC0\xCC\x31\x47\xBC\x9B\xE2\xFB\xED\x08\x86\x32\x2C\xA7\x7F\xDE\x6D\xEF\x9F\x9E\x97\xFC\xF7\x96"
"\x0B\x2F\x1C\x8E\x90\x9C\x9E\x9F\x63\x27\xD7\x17\xB4\x49\xD5\x31\x72\x82\x1C\x70\xED\x0F\xD4\xCC\x1C"
"\xDF\x80\x7B\x66\x00\x37\x3E\x08\x54\xA5\x74\x6C\x93\xBB\x9D\x38\x03\xC9\xA3\xB2\x5F\x4D\x7A\xDF\x1C"
"\x9B\xA4\x45\x49\xE9\x31\x9E\x07\x7D\xC7\x51\x18\x9A\xF8\x3B\x02\xB6\x56\x2F\xFF\x24\x60\xF9\x68\xAD"
"\x12\x0E\xE9\x77\xE4\xC2\x3F\x6C\x12\xC7\x98\x51\xD3\x2B\xDF\xB4\x47\xFB\xCA\x2E\x13\xD5\xF4\x70\x68"
"\xA3\xC4\xD1\x31\x47\x39\xB7\x6A\x19\x64\xC6\xFC\x4F\x33\x24\x12\xC3\x9F\x26\x6C\x88\x8E\x87\x04\xD9"
"\xC1\xF8\xC4\xA8\x6E\x58\xAD\x53\xD9\x9D\xB2\x2C\x13\x27\xDF\x46\xB7\x93\xDB\x9B\xD9\x9A\x30\x4B\xF9"
"\x83\xD5\xAF\xE7\xED\x96\xEC\x0A\xFB\x4F\xE8\xE5\xBD\x81\x3A\x20\x20\xEC\xC3\x95\xEA\x90\x01\x03\xA5"
"\x95\x24\x8D\xD8\x06\xCE\xC4\x89\xC6\x4D\x86\xFF\xD8\x78\x58\x45\x66\x43\xA4\xD2\x2A\x1C\xB2\x14\xB3"
"\xDC\xDC\x63\x7C\x31\xCC\xE0\xFB\x10\x5A\x7A\x80\xA3\x71\xDA\x55\x48\xC0\xA6\xF1\x89\xCB\x91\x35\x1E"
"\xE3\xF4\x88\x43\xB8\xAF\x2E\x5D\xE5\x64\x2A\x05\xC3\x98\x1F\x86\xF0\xAF\xC5\x50\x95\x6A\xEA\x9D\xDF"
"\x8E\x5B\xC7\xBB\xD8\x3E\xF5\xDC\x77\xB8\xA4\x2A\x3E\x5B\x18\x5D\x93\xD6\xA4\x39\x20\xED\x32\x17\xAC"
"\x11\x97\xFD\xA3\x85\x94\x58\x64\x38\x47\x39\x7F\xCD\x6A\x16\x6B\xA1\xB3\x69\x15\x54\x3C\x61\x26\xD3"
"\xD7\x12\x67\x8C\x2F\x83\xD9\x3F\x3D\xFD\x02\x4B\x76\x37\x9D\xED\x71\xAA\x3F\x3E\x77\xA8\x3B\x3F\x41"
"\x94\x68\xEA\x2E\x29\xC6\xCF\xCF\x97\xD9\xB7\x6F\x3F\xBF\x7D\xFD\xFA\x2F\x1A\xAD\x30\x2F\xD8\xC0\x33"
"\x18\xC4\x36\x72\x9C\x19\x19\x70\xF6\xCF\x17\xEE\xEB\x6A\x46\xB5\x98\xD8\x7A\x77\x5B\x44\x31\xA8\x13"
"\xAA\xC7\xFC\x6B\x12\x71\xF7\x98\x06\x48\x8F\x00\xFE\xB4\x76\xD4\x0A\x16\x4A\xAE\x35\xE3\x62\x8C\x5F"
"\x72\x08\x30\x6C\x56\xCC\x97\xD0\x07\xA2\x09\xAA\x68\x23\x5B\x09\x04\x2A\x78\xE2\x03\x12\x23\x49\x3D"
"\x0D\xF6\xD4\x11\x43\xA9\xC3\x39\x8E\x8E\xBD\xEA\x8D\x85\x63\x5E\x39\x27\x37\x62\x9E\xD3\xB4\x87\x46"
"\xA8\x42\xE8\xFE\x25\xE9\x42\x07\x1C\xB6\x7F\xDD\x71\xD0\x0F\xD0\x0A\x78\x8B\x49\xDC\x5C\x69\xFC\x55"
"\x02\x4F\x8D\xE2\x66\xC0\x18\x73\x84\xA0\xA5\x18\x0C\xAF\xBF\x83\x7F\xFC\xE7\x4F\x3A\x84\xCF\xFD\x6E"
"\xFF\x34\xBF\x87\x00\x51\xA2\x5E\xEF\xD7\xD0\xC6\xE7\x25\x42\xBF\xF9\xE4\x84\xBB\xA5\x6B\x4E\x5C\x01"
"\x95\x07\x8A\x4B\x2D\x34\xAB\x34\x6A\xF7\xE5\x9F\x7F\x60\x25\x8D\xA7\x0E\x43\xDE\x8F\xF3\x8D\x4A\x89"
"\x60\x45\xBF\xDF\x4D\xD1\x4C\x90\xA9\xC7\x0C\xDA\x95\x59\xBD\xAC\x9B\xD0\x12\xC0\xA8\xD0\xA0\xBA\xEA"
"\xBD\x6D\x6A\x61\x60\x1B\x25\xDD\x81\x1E\x30\x96\x21\xA3\x46\x65\xF4\x17\x29\x77\x6B\xDE\x7E\xAF\xFF"
"\xAD\xCD\x92\xC9\x56\x16\xD6\x5A\x36\xA5\x3B\x8F\x1D\x44\x9E\x13\xF6\xAE\xE2\x15\x23\xE5\x91\xC4\x98"
"\xFC\x85\xF3\x3C\x54\x6F\x22\xA1\x44\x79\x53\x37\x15\x06\x25\x77\x4B\x31\x3E\x21\x61\x45\x17\x7C\x72"
"\x96\x1C\xE8\xF3\xC9\x60\x87\x7F\x44\x51\xE1\x88\x72\x2D\x14\x68\x63\x1C\xD4\x58\x0E\x01\xDA\xB8\x45"
"\xCF\x97\x87\xFA\xFE\xF9\x79\xAE\x98\xF1\xF9\xE5\x79\x46\xEF\x32\xBB\x00\xD4\x0D\xC7\x59\x97\x31\xE8"
"\x9B\x59\xFD\xC7\x17\xC6\x55\x0A\x3B\x9A\x73\x1B\xF1\x7A\x66\xB3\x6F\xFE\x88\x28\xA6\xF2\x89\x68\xA6"
"\xBF\xF5\x5F\xEB\xDE\x48\x86\x6F\xC0\xD3\xA3\x21\x30\xDD\x5C\x92\x77\x7C\x50\xBE\xA6\x27\xEB\x56\x04"
"\x71\x3D\xEE\x8F\xFA\x07\x22\x1F\x9F\x17\xC8\x3D\x98\x2C\x3A\x20\x2A\xF5\x14\x6E\x23\x16\xEA\xCE\xF8"
"\xBC\x25\x60\xEF\x1C\x57\xD5\xDF\x0D\x18\xC6\x3F\x91\x53\x9D\x0E\x60\x8E\xBE\xF5\xEE\x7E\xDF\xFB\x42"
"\xDB\xCD\x7A\xF7\xFC\xB3\xE7\x7C\xE8\x62\xEB\x88\xD8\x99\x1E\xD2\xC8\x62\xE7\x65\x3F\xB9\x24\x04\xD5"
"\x56\xF3\xE4\x6D\x4C\x24\xA0\x2F\x44\x9B\x7F\xEE\xB1\x9C\x14\x3C\x14\x7B\x28\xF1\x33\x2C\xE2\xD3\xD3"
"\xFE\x43\x1B\xE7\x80\x5F\x3D\x87\x97\x26\x7F\xD2\xCD\x25\xCF\xEF\x3F\x32\x82\x74\x33\x49\x42\x27\x4C"
"\x1B\xC0\xE2\x2B\x6A\x85\x33\x1E\x61\xCF\xF1\xD2\x23\x8A\x68\xDB\x2D\x50\xAB\xB9\x0D\x80\x60\xEB\x9B"
"\xC5\xBB\x85\xC2\xA3\xA3\x49\x61\xE4\x72\xD9\xCD\x5F\xB8\xB8\x93\x56\x4C\x84\xC2\x13\x36\x1D\x6D\x6A"
"\x13\x08\x9E\x08\xAE\x84\x11\xA0\x19\x34\x06\x79\x72\xC0\xB5\xA9\x86\x4C\x04\x8D\xAE\xFE\x0E\xFD\x0E"
"\xBB\xD8\x41\x9D\xDF\x3F\xFB\x82\x11\x2F\x3A\x61\xDB\xC4\x03\x13\xF8\xAD\xC7\x64\x82\x94\x3B\xD9\x97"
"\xB3\xCB\xC9\xCF\xF2\x5B\x79\x7E\xFD\x9D\x90\xFC\xBE\x00\x05\x10\x63\x1A\x1F\xF8\x4C\x6E\x8B\xDE\x10"
"\x66\xC6\x56\xAD\xCC\xD6\x5B\xE5\x7C\xF2\xD5\xEB\x1D\xBD\xCD\xF6\x89\x3B\x99\xE1\x5C\x4E\xD3\x14\x19"
"\xF2\x3F\x5F\xCE\xBE\x50\x80\x89\x52\x59\x10\x85\xCC\x30\xE9\xFF\xC8\xBD\x4A\xAB\xE7\x3D\x96\x97\xB0"
"\xD2\x28\xA0\x29\x54\x3E\x3D\xA2\x3A\x86\xFF\x84\x0D\x6B\x8B\xC0\x74\x9C\x69\xFC\xC2\xEE\xA3\xF0\x34"
"\xAE\xB6\xF9\xC7\x0C\x97\xD7\xF8\x2E\x30\x7C\x8E\x15\xE1\xB5\x96\x5B\xAB\x7E\x3D\xBE\xE9\xDA\x2D\x06"
"\x3D\x50\x9B\x48\x13\x74\x45\x20\x23\x6B\x55\x82\xC6\xDB\x15\x55\xA0\xD1\x3A\x76\xC0\x61\x83\x94\x62"
"\x18\xCC\x0F\xDE\x70\x50\x5D\xD8\x67\x74\xCD\x90\x2D\x7C\x3B\xB3\x75\x8B\x20\x91\x8D\x2E\x21\x5B\x2C"
"\xB1\x8D\x47\xB7\xFF\xF6\x12\xCE\x78\x25\x5F\x51\x85\x06\x9B\x0D\xE6\xBA\x50\x3D\x07\x2F\x50\xF1\x5D"
"\x9B\x05\xDA\x8B\xF3\x7F\x11\xB1\xDE\xA1\xFD\xFE\xB1\xA7\x5F\xD1\x61\xC6\x69\x7E\x7E\x06\x34\xE6\xF9"
"\xFE\x79\xE6\x3E\xFA\xE4\xE4\xEC\xEB\xE5\x3F\xB6\x5E\x0D\x5A\x70\x8A\xE5\x1B\x7C\x6B\xEC\xF6\x62\x3F"
"\xE1\xE7\x40\x83\xED\x85\xD7\x26\xE2\xD4\xE8\x4A\x9C\x9F\xCC\x9B\x6F\x44\x15\xD9\x86\xB4\xE6\x88\xD7"
"\xDD\x58\x5A\xCB\x0A\xA0\xA5\x81\x33\xC7\x63\x3E\x6D\xC0\x59\x9E\x93\x1F\xB7\x3F\x6E\x09\xED\x27\x9C"
"\xAF\x49\xF5\xED\x2C\x4D\x03\xA9\x82\xF5\xFC\x0A\x5F\xA4\x6E\x44\xE8\x75\xC0\xE1\x14\x1D\xFA\xB2\xCA"
"\x7D\x25\xB4\xC2\xE7\x28\x25\x1F\x22\xE5\x97\x41\x09\x36\x4B\xB5\x24\x99\xE8\x63\x0C\xDD\x0D\x45\x72"
"\x76\x89\x44\x1F\xB3\x07\xBB\xB5\x94\xCB\x92\x8E\x1E\x14\x30\x56\xD1\x0C\x61\x36\x04\x38\x74\x42\x33"
"\x98\xF7\xDB\xDB\x1F\x8C\x74\x26\xDF\x66\xEB\xA7\xE7\x8F\xFD\x33\x24\xC8\x3C\xDA\xF4\x91\x69\x34\x16"
"\x09\x7D\xFD\xF6\x13\x6A\x3D\x36\x36\x24\xE8\xEF\xE9\x6C\xF7\xCA\x3C\x0E\xFB\xC6\x21\xC0\x87\x9F\x51"
"\xA9\xD1\x76\x3F\x35\x83\x6E\x6E\xC6\x18\x32\x1C\x03\xE9\xF3\x23\x9A\xBC\x6D\xBD\x3A\x5F\xB6\x83\x23"
"\x9C\xA5\x76\xA5\xD8\x02\xD3\x8B\x61\x7C\xF2\xFD\x3B\x05\x38\x6A\x05\x45\xCA\x7C\x9D\x29\x1A\x9C\xAD"
"\xC6\xEB\x55\xEE\x6B\x4D\x5C\x9A\x38\xA4\xA7\xFA\xFE\x5D\x83\x5C\x61\xA4\xFB\x4A\x29\xD0\x30\xEF\x96"
"\xA9\x81\x7C\xA3\x24\x34\xEA\x1F\x22\x2B\x3F\x1E\x38\x67\xCD\x8E\xF0\xFC\x71\xF6\xED\xBB\x38\x05\x38"
"\xC8\x21\x0B\xBF\x46\x35\x66\x4B\x3F\xA1\xBA\xCA\xDD\x44\x30\xB5\x1E\xC6\x6C\x58\xE1\x8F\xB5\xB4\x08"
"\x4E\x56\x7B\x04\x6B\x3E\xE6\x34\xB2\x9C\x6D\x8A\xF2\x01\x7C\x34\x38\x15\x9F\x09\x2D\xDA\x92\x58\x8C"
"\xD1\xE3\xFD\xF4\xE4\x26\x10\xAE\xB7\x6D\x8A\x15\x2F\xAF\x4B\xD4\xF4\x1F\xD1\xD3\x5A\xCD\x7F\xF6\x7D"
"\xB5\x75\xDB\x6D\x9F\xE6\xF0\x9A\x71\x2C\xD8\x8C\xAB\xA7\x21\x91\xCD\xE0\x74\x95\xA8\xC6\x03\x19\x1B"
"\x5D\xD6\x4C\xB9\x6D\x38\x3C\x4F\xCF\x3D\x0E\xCC\x47\x37\xC7\xD5\xFC\xDA\xE8\x11\x44\x49\x33\x64\xF1"
"\xA5\xB6\xB2\x36\x46\xBB\x5B\x1B\xA4\xB8\x22\xB5\xAE\x28\xD3\x59\xB2\x6D\x7C\xCA\xCC\x36\xC0\x67\xB6"
"\x91\x9E\xE0\x68\x9C\xA2\xDD\x4E\xBD\x6F\xC4\x61\xBB\xFB\x5B\x9B\xF3\x67\xF1\x9E\x41\x1A\xD7\xA2\xAF"
"\xEF\x9F\x20\x01\x6E\x87\xDB\x3C\xDB\x26\xE0\x29\x7A\x9B\xA8\xFA\x31\x40\x39\x2F\x3C\x00\x4D\x48\xE1"
"\x02\x28\xF9\x79\x11\x0F\xAF\xAF\xAF\xCF\x25\xC5\xBB\xBD\xA6\x9B\xB6\x7B\x84\x39\x5B\x42\x6C\x96\xEF"
"\x1F\x93\xB3\x2F\x67\xBA\xF7\x38\xFF\x31\x84\x09\x04\x69\xE0\xEB\x93\x96\xE9\xCE\xBF\xA9\xB6\xE8\x95"
"\x98\xC0\xDC\xA3\xDA\xA5\x0A\x5B\x16\xC5\x84\x11\xDD\x58\xB7\x20\xC6\xE0\x4C\x83\xA3\x22\x6A\x0F\x2E"
"\x93\x87\x64\x20\x64\x87\x09\xB0\xD0\xFA\x9A\x74\xFC\xF7\x1E\x2B\x11\xF2\x12\xC6\xAA\x0E\x67\x29\x64"
"\x60\x2D\x8E\xD9\xBA\x4E\x43\x2F\xD3\x50\xB2\x85\x08\x2A\x9C\xA4\x87\x7B\x29\x33\x49\xF0\xA6\x19\xCF"
"\x3E\xB8\x42\x59\x64\x05\x18\xD5\xBD\x75\x5F\x46\x81\xCB\x45\x3E\xB1\x82\xB0\xD7\xEE\x56\x8F\x96\x77"
"\xDB\x99\x29\xD9\xBF\xE7\xDC\xA8\x39\xF2\x12\x5D\x7D\x65\x13\x8F\x05\xA8\x85\xDA\xF6\xF6\x1C\xBD\x80"
"\xF3\x73\xEB\xC3\xE3\x34\xEF\x77\xA8\x2A\xBE\xA0\x1F\x82\x8A\x55\xDF\xD8\xF5\x81\xFA\x1D\x62\x3C\x8A"
"\x9B\xC5\x91\x19\x3E\xC2\xFE\xFE\xE4\xE8\x68\xE5\x03\xF0\x01\x5A\x4D\x8A\x72\xD2\x21\x8D\x08\xF2\xC1"
"\xD0\x41\x7A\x60\x4C\x1B\x84\x6D\xE2\x97\x82\xCC\x30\x31\x18\x91\x56\xDA\x13\x99\x2B\x64\x75\x5C\xD0"
"\xFC\xC3\x57\x1B\x2A\x85\x1C\x10\xE1\x59\x36\xBE\x8A\xC1\xA6\xA7\xC5\x31\x35\xAA\x1C\x0C\xC1\x41\x94"
"\xEF\x9C\xD9\xFE\x97\x1B\xC0\x04\x02\x29\xFD\xB9\x15\xE2\xC9\xF3\xC5\xD0\xDC\xF7\xF4\x65\xDC\xD4\x98"
"\xF3\xC3\x86\x79\x56\x03\x97\xDB\x8F\xA7\xDB\xD4\xC3\xCA\xFE\xF8\x2A\xBD\x99\x7C\x9B\xEE\xB5\x99\x10"
"\x12\x7C\x7A\x02\x14\x7F\x4F\x20\x10\xCA\x31\xF0\x16\x9F\x1F\xA8\xAE\x7E\xFB\xFA\x2D\xAE\xBF\xFF\x7B"
"\x8E\xFE\x21\x98\x1A\xBE\xAB\x21\x3F\xA8\xB9\xA0\xAA\x4D\x2E\x8A\x7F\x5B\xD4\xA6\x4F\x4E\xCF\xCD\x45"
"\xDF\xEF\x3F\x7E\x2F\xE6\x60\x9B\x29\xFB\x1A\x21\xE4\xFA\x43\x1C\x61\xB4\x95\xD9\x4E\xBD\x07\xCD\xC5"
"\xD7\xAE\x18\x30\x72\x66\x5C\x95\xE2\x80\xEA\xD5\x74\x28\x57\x17\x01\x4E\x4A\xD1\x1A\x25\x68\xFF\x68"
"\x53\x9A\x08\xA8\xCA\xD1\x95\xF6\x39\xC8\x84\xA2\x05\x42\xF6\x3D\x6A\xE0\x77\x99\x4E\xC4\x88\xE9\x51"
"\x8F\x4F\xFE\xC7\xDA\xC0\xB2\x89\xA3\xDA\x40\x4D\x1A\x46\x0A\x98\x1C\xA5\xD9\x81\xB0\x86\xD3\xB7\x46"
"\x15\x6A\x99\x01\xD2\xAA\xB3\x9B\x14\x73\x7E\xDA\xCA\x48\xDA\xC5\xFD\xFA\x36\x8E\x87\x3E\x44\x54\x55"
"\xFF\x64\x51\x63\x47\xF1\x13\x26\x0D\xDE\x75\xCB\x76\x1B\xDD\xEC\xD3\xFD\x3D\x4A\x33\x9F\xB0\x8C\xE8"
"\xC2\xDF\xDE\x8E\x6E\x51\xE7\x27\x94\x8C\xFF\xE5\x36\xE3\x9B\x18\x3A\x8C\x70\x86\x2C\x42\x95\x8A\x38"
"\x4D\x8C\xDA\x81\xDC\x1B\x8C\x00\x19\x73\xF8\xF8\xEC\x0E\xD5\xEA\x9D\xB0\x1F\xF7\xF3\x1D\xB6\x33\x25"
"\xB6\xB6\x61\xE0\xD4\x74\xAD\xAD\x5E\xE1\xF6\x98\xC2\xF9\x07\x20\x42\xD4\xF6\xB1\x47\x15\x07\x52\x00"
"\xCB\x26\x13\x1A\x14\x5C\xC1\x69\x19\xF2\x3F\xD1\x1C\x68\xF2\x17\x0B\x0E\xCF\x11\xC6\x7C\x37\x0D\x3C"
"\xEA\x89\x46\xC6\xCA\x2D\x10\x42\x11\x00\xCD\x85\xCF\x79\x12\xD8\x61\x23\x3D\x47\xFD\xB3\x30\x8A\x6D"
"\xC0\x77\x1B\x90\x63\xA7\x17\x4A\xF0\xA8\x1D\xAC\xDC\x3B\x3F\xBF\x2B\x9D\xF5\x97\xD0\xC0\xEC\xF2\x06"
"\xCB\x42\xE2\xF3\xE1\xE9\xC4\xF1\x59\x7F\xA8\x8E\x4F\xFC\xB8\x7F\x7E\x7A\x86\x3A\xD2\x6F\x43\x08\x1F"
"\x77\xE7\x17\xC4\x40\x17\xC5\xED\x2D\xEC\x20\x02\x9C\x58\x25\x8D\x94\xD5\x8A\x98\xA6\x09\x77\x7E\x8B"
"\x8F\xC9\xA4\xBA\x12\x79\x24\x4B\x48\x71\x7F\xCE\x6A\xAA\x76\x6C\xC0\x02\xCF\xFA\x9D\x89\x0F\x7B\x2B"
"\x63\x6B\x89\xD5\xAE\x10\x4C\x7D\xAD\x43\xDB\x58\xD3\x30\xB5\xCE\x48\xB7\x84\xB8\x0C\x74\x78\x21\x14"
"\x4F\xC1\x01\xAA\x23\x7C\x5D\xFC\x77\xDA\x9A\x72\xD0\xA8\x7F\xEB\x43\xFE\xDA\xD0\x80\xB4\x17\xC6\xAF"
"\x6A\xC3\x50\xD4\x31\x1F\x2B\x7E\xB5\x22\xFD\xB6\x06\x04\x22\x91\xC1\xF4\xA2\xB3\xD9\x33\xE1\xB5\x1C"
"\xB5\x5A\x61\xC7\x59\x6F\x38\x4C\x8D\xC1\x46\x2B\x7C\xC9\x3A\x44\x97\x48\x16\x39\x22\x62\x94\xBD\xCD"
"\x77\x3C\xD4\xCF\x28\x6B\xC1\xC1\xE0\x2C\x33\x7A\xDE\x2B\xEB\x98\xC0\xEA\x61\x09\x3B\xC7\x59\x95\x45"
"\x82\x92\xA3\xAF\xB5\x1E\x4D\x23\xD0\xA4\x40\xA3\x63\x82\x36\x98\x65\x43\xC6\x98\x6F\x58\x1B\xAA\x13"
"\x8B\x22\x66\x09\xEA\xD8\x49\x7E\x58\x7D\x39\x92\x0F\x86\x4A\x0F\xC5\x14\x33\xD2\x44\x66\x49\xE6\xE1"
"\xC2\x3B\x12\x81\x8B\xDC\x98\xA8\x5B\x5B\x13\xE0\x7D\x11\x01\xFB\xF0\x02\x38\xC2\x36\x33\xA4\xED\x59"
"\xF8\xAD\xBE\x6F\xF4\xA9\xFD\xE1\x98\xF8\xAC\x51\x59\xDB\x38\x08\x07\x6D\x44\xA2\x52\x1B\xD2\xD2\xA8"
"\x66\xE4\xFC\x6B\x97\xE8\x40\xA5\xCE\x08\x56\xE8\x73\x47\xFA\x6B\xA8\xC1\xD3\xE3\xE7\xFC\xBB\xF5\xED"
"\x2A\x63\x1E\x1F\x5C\x0D\x32\xE3\xF7\x40\x8B\xA3\x6E\x87\xB4\x68\x27\x27\x33\x96\xE6\x11\x60\x23\xCA"
"\xDB\x63\x70\x93\xFE\xE5\x79\xFF\x09\x6F\xB0\x43\x06\xDC\x4D\xCD\x9D\xD6\x86\x7C\x40\x40\xDE\xF8\x06"
"\x78\x19\xA2\x91\xEF\xCB\xE0\x31\x2D\x1F\x76\x1A\xED\x21\xE1\xD3\x2F\x1C\xE1\x6C\x90\xFC\x85\x30\x48"
"\x29\x81\xC4\x57\xA4\x2B\x17\xD6\xA0\x48\xDD\xCD\x6D\x1B\xA1\x94\x28\xED\xEB\x40\xE2\x12\xF0\x34\xA9"
"\x92\x30\x6D\xB8\xF6\xC9\xCB\xEC\xC0\x39\xEE\x9C\x6D\x3C\xA9\xB7\x45\x0A\x8B\x90\x26\x8D\x70\x83\xE8"
"\xB6\x24\x1D\x3B\x87\xD1\x7A\x17\x41\x76\x85\x96\x12\x30\x59\x06\xFA\x9E\x05\x7B\xB6\x83\x10\x06\xD2"
"\x06\x91\x40\xFC\xE1\xD7\x6A\x76\x4B\xA8\x27\xE5\x37\x08\xCB\xCC\xAD\xBE\x23\x2E\x1A\x90\xBD\x32\x06"
"\xBF\x84\xC5\xBB\xBD\x98\xEA\xEC\xD2\x0E\x7E\x7C\xBC\xA2\x92\x80\x78\x67\xCF\xF2\xEA\xFD\xFD\x6C\xAA"
"\xEC\x6D\xA8\x96\xBC\x0D\x80\xA3\x8E\x73\xE0\xD9\x65\x0C\x4F\x4A\x38\x9C\xEA\x87\x2D\x6A\xE1\xA2\x0C"
"\x04\xBC\x75\x76\x12\x3B\xA4\xC5\x90\x01\xB0\x62\x69\x3D\xB4\xDB\x60\x64\x41\xB6\x5E\x3F\xA0\x59\x37"
"\xED\x26\xE8\x5B\x9A\x87\xC6\xBB\xF0\x50\x7D\xB1\x86\x70\xCC\x20\x92\x17\x46\x80\x1A\xF6\x34\xC4\x5D"
"\x11\xC2\xC2\x72\xF8\xF7\xEF\xF5\x81\x2D\xB2\xEE\x16\x03\x48\x68\xD7\x5D\x3D\xA3\xB0\x9D\x14\x24\x16"
"\xEA\xA6\x52\x38\xF1\x82\x6C\x07\x81\x04\x4E\x2F\xE8\x32\x00\x9A\xFA\x35\xE3\x68\x01\x52\x33\xD4\xD5"
"\x38\x01\x86\x48\x07\xB1\x86\xF0\x7A\x89\x19\x83\x4C\x3C\x5C\x0D\x31\x19\x3F\x91\x56\x8C\x50\xD2\xA2"
"\x55\x84\x57\xB1\x46\x3A\xCB\xFC\x73\x7D\xED\x9E\x2E\x7A\xF2\x13\x71\xF6\x29\x4B\x89\x3C\x0D\x49\x1E"
"\xB8\xE0\x9D\x86\x33\x9E\xD3\x01\xAF\x9F\x09\xD5\xFC\x98\x7D\x39\x8B\x3B\x76\x1B\x05\xB0\xD6\x04\x0E"
"\xCC\x19\xEA\xAD\xF1\x44\xD9\x04\x5A\x66\x26\xD0\x8A\x4F\x5C\xF1\xD5\x3A\xE1\x8A\xDD\x1C\x15\x73\x28"
"\x90\xE0\x85\xED\x17\x2E\x8E\xE0\x2F\x46\x32\x5B\x19\x1A\xF0\xE8\x7B\xFF\x99\x18\xEE\x68\x9F\xF2\x43"
"\xE3\xB9\x38\x66\xCE\xA5\xF1\x95\x00\xA5\x81\xC0\xDF\xBE\xC1\x8E\x73\x8C\xEA\x8A\x46\xF2\xCB\x17\x1E"
"\x45\xA3\x32\xED\x16\x6E\x9B\x8B\xC4\x84\x1B\x6A\xE3\xA8\x9F\xF5\xDC\xBB\x00\x44\xAD\x60\x47\x69\xDB"
"\x23\x9B\x50\xC0\x0E\x32\x6C\xBC\xFB\xFA\xF3\xEB\x97\x2F\x0D\xF3\x65\xD8\x36\x91\x52\x98\x18\x07\x68"
"\x89\xFE\xBC\xDB\x20\x2A\x5A\xCB\x0B\x2F\x31\xDE\x60\x8F\x36\xF5\x65\x3B\xBE\xD4\x9B\x2C\x31\xA9\x8E"
"\x70\x53\x05\x3E\x09\xDB\xFE\x90\xDB\x0A\x02\xE3\x07\x92\x83\x0C\x98\x99\xCC\x6B\xA5\x34\xB5\x38\xC2"
"\x3F\xBE\xD3\x0D\xF3\x24\xA6\x56\x6A\x06\xF3\xB1\xE8\x14\x85\x23\xBA\x2E\xFE\x9A\xDF\x4E\x0E\x5C\xF0"
"\xA9\x21\x3A\xBA\x4E\x66\x7D\xA8\x0F\x85\x7D\x14\x00\xDF\xFC\x02\xBA\x6C\x27\x01\x02\x02\x3E\xB3\x9C"
"\x93\xCD\xB4\xF1\xA0\xA0\x6C\x8A\xB4\x77\x1A\xA7\x95\x6E\x1B\xED\x22\x10\x8E\xA5\xD0\xCA\x28\x11\xC3"
"\x58\x54\x61\x28\x53\x78\x4B\x85\xCB\x9F\x60\x51\x46\x4C\x84\x2E\x32\x6B\x5A\xCF\xCF\x2F\xFB\x3D\xE7"
"\x23\x70\xD6\xBF\xC5\xEC\x3A\x91\xAB\x10\xF9\xB3\x3A\xA1\x28\x82\xC6\x13\x14\xB5\x77\x5A\x95\xB8\xD9"
"\xAC\x39\x23\x57\xA5\x86\xBC\x11\x07\x96\x18\xD9\x84\x46\x06\x1C\xE0\x8A\x15\xE2\xD6\x51\x8E\x47\xB3"
"\xE6\x46\xA3\x45\xE3\x3F\x2A\xFE\xC6\x67\x99\xF8\xC5\x64\x0E\xB3\x54\x7B\x32\x92\x0A\x93\x6A\x1C\xA5"
"\xA2\x3F\xBD\xD2\x68\x92\x71\xB9\x87\xC2\x01\x30\x45\x83\xEE\x09\x16\x96\xD6\x8C\x8C\x44\xC0\x96\x77"
"\xB6\xDA\x5B\x85\x86\x27\xF6\xAA\x01\x09\xF4\xE7\x8F\xF6\x72\xAF\x1E\x71\x0F\x46\xA8\x49\x1F\x02\xD4"
"\xD4\xC7\xF3\x7E\xC7\x1A\xCA\x74\xDA\xC6\x71\x2F\x16\xED\x13\xCB\x34\xF1\xA0\xEB\xF9\x5D\x8E\x91\x4A"
"\xD5\x91\x60\xAB\xC2\xFE\xCE\xA4\x8A\x98\x1C\x44\x75\xF5\x19\x6D\x60\xE4\xD1\x10\xA5\x4F\xB6\xC7\x3D"
"\xF4\xE1\x6D\x63\x3B\x6A\x66\xF1\x04\x95\x70\x2A\x20\x80\xAE\x1B\xCE\x28\x97\x9C\xC4\x56\x21\xB5\x2E"
"\x9C\xC6\xD9\x66\x9F\x5B\x71\xBB\x70\x88\xDA\xE7\x76\x63\x9F\xA7\x41\xD6\x83\x20\xB9\xB5\xF9\x41\xF1"
"\xB3\x5B\xCB\xB7\xAF\x03\xC6\x34\x3D\x45\x20\x7D\xCD\x40\x50\x95\x53\xDF\x9F\xC2\xBF\xA8\x83\x29\xB9"
"\xA0\x8C\xEB\x2E\x55\x7F\xD9\xFA\xC2\x23\x82\x0E\xDB\xE6\x30\x9E\x14\x58\xA2\xAC\x13\xD6\x5A\x93\x1F"
"\xE1\x3C\x00\xED\x93\x3F\xF8\xD8\xFC\x01\x71\x1F\xD6\xFB\x7E\x62\xC4\xEB\x4A\xA5\xE2\x71\x66\xAC\xA9"
"\x3C\x99\x48\x41\xF6\xD3\x9F\x93\x9F\xDF\xBE\xE5\xB1\xFB\x00\x6F\xE5\x0B\x52\x94\x0D\x62\x47\x17\x91"
"\x55\xE6\xDC\xB3\x0E\x8D\x26\xE1\x4C\xB3\x7E\xC0\x19\x09\x96\x09\x15\xE8\x9C\x65\x29\x43\x1C\x18\xD8"
"\x26\x9A\xAC\x99\x20\xEE\x18\x40\xAD\xE0\x84\xCF\xA5\xE6\x08\x54\x34\x50\xE8\x56\x29\x09\x4B\x04\xC5"
"\xBB\x5A\xDA\x14\xB0\x2D\x1B\x72\x5A\x08\x6D\xFB\x2D\x6A\xA3\x54\xB0\xF3\x87\x81\x2F\x76\xD7\x80\x40"
"\xC9\x09\x6F\x23\xEF\xB4\x75\xD0\x0D\xA2\xAB\xF0\xB9\x16\x64\xDA\xB4\x38\x0C\xC2\x56\x01\x7C\xEE\x03"
"\x5D\x75\x7E\x20\x22\xB4\x51\x9C\xDA\x06\x0F\x4D\x96\x3C\xA6\x93\xF9\xD3\xEB\x9F\x2D\xB9\x23\x41\x5A"
"\xF5\x49\x33\x64\x65\xA4\x71\x73\x06\xDC\x1E\x4E\x24\xBB\xBF\x6B\x90\xE8\xEF\x37\xA8\x74\xC1\x26\xF6"
"\xB9\x36\x83\x34\x44\x94\x83\x96\xA5\xB1\x36\x35\x40\x78\x19\x97\xDC\x11\xD5\x32\x3D\x8E\xCF\xD0\x49"
"\xFE\x05\x13\x08\x38\xA0\xC4\x87\xD4\x0F\x86\x11\xBA\x89\x1D\x03\xD4\x41\x02\x37\xA1\x81\x7F\x78\x82"
"\x21\x45\x20\xAC\xF1\xF4\xE2\xE6\xA6\xD2\x62\x99\xEB\x03\x7D\x22\x59\xEF\x87\xC6\x85\x80\xAD\x2B\x69"
"\xE5\x38\xB4\x03\x11\x45\x9D\x1F\x35\x89\xA0\x16\x57\x69\x30\xD4\xC8\xAB\x51\x2B\x3A\x1F\x32\x13\x29"
"\x7C\x74\x50\xA3\x48\x57\x55\x9E\x1F\x93\x56\xD8\xD6\x15\x34\xC0\x58\xBC\x72\x5A\x87\xC8\x3D\x46\xA0"
"\x81\x0B\x7F\xD8\x06\x65\x27\xF0\x6D\x08\xCF\x9F\xE3\xC6\xFE\xEC\x24\xC0\x07\x60\x2E\x22\xCA\x98\x20"
"\x42\x68\xE0\x27\x21\x1D\x70\xB0\x6B\x9C\x44\xE0\x25\x9F\x9E\xAC\xA2\x75\x82\xEB\x8E\x06\x8D\x0D\x8B"
"\xAB\x2E\xAA\xD1\xCB\x91\x36\x50\xA1\x85\x32\x06\x97\x57\xDB\x28\xED\x50\x1B\x19\x14\x20\x28\x16\xA0"
"\x9E\x40\x70\xCC\xF4\xAC\xD4\x66\x16\xD4\x13\xC6\xBD\xC9\xAB\xA8\xCB\x39\x60\xB1\xF9\x78\xBD\xEB\xA5"
"\xDA\xED\x57\x39\x39\x65\xC6\x72\x83\x97\x84\xD1\xE2\xA9\x5B\x2F\x10\xD6\x87\x79\xA5\xD0\xE3\x30\xC8"
"\xE7\xC1\xCB\x82\x91\x26\xB5\x85\x44\x29\xAB\x31\x18\x78\x32\x01\xB2\xC0\x52\xFD\xB5\xF3\x2C\x0B\xED"
"\x74\x11\x73\xB4\x6D\x15\xBC\x44\xA7\xE1\xFC\x25\xB5\xEE\xC5\xCC\xE8\x6B\xB5\x5A\x6B\x5E\x03\x36\x39"
"\x79\xC0\x19\x32\xF2\x52\xAC\xD2\xBC\x3B\x11\xFF\x3E\x93\x95\xEA\x74\x7A\x3F\x83\xEE\x7D\x6C\x77\xA8"
"\xA4\x40\x83\xA8\x49\x88\x98\x9F\x66\x56\xBD\xBF\x50\x4C\x6D\x4D\xFA\x28\xAC\x4B\x4C\x0E\xCA\xDF\xB2"
"\x26\x43\x7E\x9E\xD1\x94\x52\x42\x2A\x4D\x5D\x26\x35\x70\x9A\xC8\x0A\x02\xDE\x3E\xC5\x5B\xCB\x07\xDB"
"\xC3\x6B\x9C\x76\xB8\x16\x3F\xA0\x48\x93\xFA\xA9\x9F\xE0\xDA\x8E\xA7\xB3\xC2\xA4\x18\x45\xAC\x8F\xF9"
"\xB7\x0A\xAB\xEF\x89\xA8\x83\xFC\x42\x11\xA1\x45\x31\xF1\x81\x17\x43\x2E\x23\x10\xEC\xBE\x60\x60\x27"
"\x01\xA2\x93\x5C\x39\xE7\x6C\xE8\xBB\x69\x04\xC9\xD0\x0B\xB6\x3F\x29\x0A\x02\x64\xCE\x94\x88\xB6\xE2"
"\xF0\xE8\x6A\x27\x44\x4F\xA3\xCB\x5F\x3B\xCE\xC9\x60\x4E\x1F\x08\x5B\x0C\xB9\x68\x51\x54\x53\x60\xF4"
"\x36\xCD\x6F\xD1\x31\x9E\x13\xEF\x81\x76\xD1\xD3\xE3\x1F\x36\x8B\x9E\x50\x7B\xA7\x6D\xDB\x6D\xAD\x4E"
"\x95\x28\x37\x21\xB3\x58\xED\x2C\x13\x59\x94\x78\xC4\x29\x1F\x06\x7A\x93\x0B\xAD\xB2\x46\x71\xFB\x19"
"\x87\x18\xF0\x35\x02\xDB\x07\x50\xC3\x53\x6C\xB0\xB1\x42\x02\x47\xFD\xB9\x84\xAA\x15\x96\x37\x2D\x2D"
"\x0F\x4E\xFB\x1D\xFF\x0C\x0B\x82\x6C\x0C\x0D\xAB\xB0\x7C\xD4\x68\x24\xF3\xA2\x1F\x90\x33\x4C\xF3\x34"
"\x9D\x2D\x5E\x81\x84\x9E\x0E\xB5\x73\x9C\x61\x1D\x61\xAF\x18\x30\x72\xB9\xAA\x8D\x61\x15\x8B\x4D\x93"
"\xC3\xA2\x61\xAD\xF7\x22\x00\x06\xDD\x54\xC3\x17\xB9\x97\x6C\x0A\x50\x0B\x19\x8B\x72\x23\x3E\xD4\xD8"
"\x57\x79\x32\xC9\xC0\x2A\xB7\xD9\x1B\x3C\xE6\x8E\x05\x69\xF4\x67\xEF\x8A\xD6\x56\x26\x14\x02\x3F\xA3"
"\x81\x39\x51\xCE\xB1\x9E\xEF\x5E\x1F\xB1\x0C\x03\xC7\x79\xB7\xDF\x91\x64\x1A\x42\x65\xCF\xC3\xE7\x57"
"\x63\x21\x08\xD2\x41\x22\x84\x59\xAC\xAD\x90\x16\xDC\x97\xAC\x86\x46\xA4\x95\xB1\x80\x71\xFA\x93\x23"
"\xE5\xF0\x51\x11\x6D\x04\x99\x26\x5E\x5F\xFF\x20\x94\xC6\x72\x1C\x98\x86\x5A\xE6\x43\xE8\xE9\xBC\x1D"
"\x84\x16\x25\xA7\xE4\x58\x73\xE7\xD2\x47\x8E\x01\x0A\x7E\x81\xAC\x77\x24\xBA\xFE\xBE\xED\x75\xA3\x80"
"\x47\x06\x94\xE6\x05\x7C\x45\xB0\x1E\x0F\xD8\x90\x56\x26\x02\x2E\xCF\x5A\xF3\x83\x1A\xD7\x72\xB5\xBD"
"\x48\xA4\x63\x45\x18\x7E\x63\xB2\x5A\x58\x65\x3F\x60\x04\xF9\x13\x2D\x66\xEE\x86\x0A\xAF\x1A\xC3\x3F"
"\x24\x87\xDD\x0A\xD5\x29\x56\xB9\x6D\xC8\xB9\xC8\x5D\xAD\x58\x83\x46\x78\x7E\x9E\x5E\xF9\x3E\xD5\xA6"
"\x84\xBF\x40\xEC\x7F\xEB\x2A\x84\xC2\xFE\xE7\xC7\xFB\xBB\xC1\x3A\x00\x76\x03\x52\x6B\x8F\x26\xF0\x76"
"\x6E\xEB\xD2\x7B\x68\x81\xE2\x92\x33\x86\x18\xDA\x48\x69\x19\xBD\xF6\x50\xE3\xA9\x9F\x9E\xC2\xB9\x9C"
"\x2A\xB9\xD0\x09\xAE\xFF\x87\x1D\x40\xD8\xC0\x82\xC9\xA6\xF5\xF2\x0D\xDB\x70\x4F\xC4\xBA\xA9\x94\x56"
"\xB5\x5F\x08\x07\x66\xD5\x36\x18\x19\xA9\x9D\xF2\xB1\x4A\x83\x87\x82\x74\x8C\xCC\x14\xB1\xC2\x2A\x66"
"\x79\xCE\xE7\xA3\x10\x94\xA5\x22\xB7\xE8\xA3\x23\x97\x9E\xE7\xF4\xC2\x8C\xA2\x19\x19\x85\x61\x62\xE3"
"\x79\x4A\x82\xD1\xF4\xAE\xD4\xC8\xB2\x92\xBF\xC3\xC9\xA2\xE3\x98\xAA\x7C\xDF\xC6\xE0\xB0\x2A\x14\x4B"
"\x42\x56\x60\x39\x21\xE1\x27\xC6\x7E\x1F\x31\xA4\xD9\x1A\x7E\xC1\xF0\x78\x97\x19\x28\x7A\xC1\xA7\xF4"
"\x63\x78\xDE\xBB\x38\x37\x15\x9A\x7F\xCE\xE7\x2F\xBF\xB1\xFD\x77\x87\xD2\xE0\xD6\xB1\x31\xAC\x6E\xBD"
"\xDE\x81\x22\xFE\xDB\xD7\x2F\x67\x67\x49\x19\xF6\x6E\x25\x14\x60\x9C\xFB\x36\x46\x7A\xEF\xCA\x8C\x0E"
"\x81\x69\x3F\xD2\xE9\x8E\x7B\xE4\x36\x1A\xE1\xC6\x3E\x66\x4D\xFA\x8F\x98\x27\x76\x46\x1E\x53\x04\x89"
"\x16\x6B\x05\xF1\x15\x2C\x1D\x33\x45\x86\x62\x29\x7C\x49\xCD\x31\xEB\x54\xDB\x0A\x55\x66\xC2\x5C\x30"
"\xCB\xD6\x23\x1E\x19\x05\x78\x5D\xD7\x81\xC3\xCE\x34\xD0\x54\x4E\xEB\x1E\x02\xF9\x84\x4F\x69\xD6\x45"
"\x51\xFF\x5F\x3E\x19\x2F\xB9\xE7\x1D\x4F\xA6\xE1\xFF\xD0\x50\x9A\xBC\x3F\x08\x03\x8E\x81\xD4\x5F\x73"
"\x98\x40\x5E\x7D\xC5\xE5\x2F\xE3\xAE\x92\x90\xD8\x6E\x30\x96\x62\x7A\xC3\x53\x54\xB4\x90\x76\xCC\x34"
"\x71\xB8\x7B\x32\x01\xDE\xE3\x5C\x53\x86\x8B\x7B\xF5\xEE\x58\xE7\x1F\xB1\xCD\xC5\xA5\xA5\x00\x7F\x25"
"\xAC\x3F\x8B\x77\xC0\x5D\x83\x76\xF3\x81\xED\x0C\x02\xFC\xB3\x16\x1B\xD7\xF2\xFD\xFD\x81\x6B\x62\x55"
"\x0B\x6E\xFE\xC3\x62\xA2\x7A\x13\xAC\xDB\x77\x1F\x54\xA5\x6F\x2D\x86\x57\x62\x8C\xAD\x8D\x61\x5C\x1B"
"\x5E\x7D\x3F\xA3\x55\x7A\x54\xB2\xA2\x01\x16\x6F\x4C\x71\x6D\x59\x74\xC8\x62\x53\x23\x2E\x3C\x4F\x0C"
"\x92\xC5\x85\xCD\xEA\x04\x8B\x05\x94\xA4\x61\x47\xBC\x3C\x75\xC8\x94\x15\x81\x5F\x2B\x61\xB4\x29\xA6"
"\x41\x76\x73\xC6\xF9\x06\x9C\x5F\x2A\xC1\x23\x4F\x91\x1E\xC6\xD8\xB6\x61\xFF\x93\xF9\x34\x68\x62\x1C"
"\xD5\x2C\x1D\x35\x44\xA5\x46\xA0\x1D\x27\x2E\x10\x6D\x74\xF0\x4A\x2C\xE7\xA4\x85\x7A\x65\x43\x18\xC5"
"\x41\x05\x3A\x10\xE3\x29\x72\x37\x6E\xEC\xAB\x90\xFE\x96\xD5\xA0\xDF\x8C\x3A\xA8\x10\xAB\x68\xB0\x81"
"\x2D\x9C\xB0\xB9\x60\x62\xB3\xB9\x41\x8C\x41\x0B\x79\xD9\x6C\x2D\x54\x23\x54\x40\x2A\x20\x47\xE5\x83"
"\x1A\x69\xEA\x93\xD5\xA6\x30\xE8\xEA\x0B\x6B\x64\x95\xA7\x51\x75\x98\xE1\x97\xF5\x84\xF6\x0F\x52\x6E"
"\xB8\x06\xAE\x03\x76\x7D\x98\xBA\x53\x2A\x02\x8D\x0E\xBC\xAB\xD8\x78\xE8\x6B\xAE\x4B\xBA\x99\x80\x38"
"\xE4\x05\xA2\x5C\x55\x74\x54\xD7\xBE\x8B\x56\x0C\x50\xB5\x8D\xD1\xA1\xD6\xD2\x60\x0D\xDA\x06\xD5\xD4"
"\x47\x4E\x44\x3F\x72\x99\x20\x9D\x30\xBC\x95\x86\x42\x0C\x3E\x63\xBD\x86\x56\x91\x50\x33\x04\xE3\x36"
"\xD0\x34\xCD\xB0\xA7\xFA\xAA\xE5\x1C\x1B\x0E\xCB\x3D\x3E\x6D\x77\x6C\xA8\x33\x91\xDB\x3E\xCD\x0E\xB3"
"\x11\x3D\x18\x7C\xED\x5D\x60\xBC\x4F\xCA\x8E\xC4\xF6\x84\x01\x14\x46\x3A\x3D\xC5\xF0\x8F\x14\x60\xEF"
"\x32\xF0\x2B\xC9\x0A\xFA\x70\x2F\x83\x92\x21\x93\x08\xED\xB9\x14\x3A\x87\x43\xCF\xE2\xA1\xAD\x47\xB7"
"\x87\x25\xA1\xDD\x40\x5D\x90\x00\x68\x3A\x90\xD2\x91\xF3\xF7\xA4\xC6\x22\x42\x82\xB0\x32\x03\x00\x92"
"\x41\x2B\x29\x8C\xA3\x56\xA4\x62\xF1\x81\xAD\xAD\xEB\x96\x24\xF9\xD1\xFE\x6C\x5B\xEA\x59\xDB\xCC\x63"
"\x38\x48\x9C\xA3\x98\xDC\x89\x7A\x9B\x73\xA8\xCB\x5F\xBF\x66\x53\x50\x8F\x63\xC8\x85\xF0\xE8\xF1\xF8"
"\x8C\x01\x4A\xD0\xE4\xEB\x6B\xB2\x78\xA9\x9F\xC7\xBE\x0C\x48\x16\x78\x09\xF1\xBF\xB7\xE8\xDC\x6D\xE4"
"\x54\x10\x22\xDE\x33\x58\x04\x50\x6B\x29\x1F\xFD\xF9\x39\x53\x59\x30\x61\x12\xDD\x83\x25\xE5\xD2\x13"
"\x33\x0C\x40\x17\xFD\x73\xC9\x21\xBB\xD7\xF5\x96\xAB\xE4\x9E\xD7\xBF\x3E\xA6\xBD\xE6\x30\x29\x64\xF3"
"\xC1\x49\xC0\xED\x0A\x6B\x56\xDB\x78\x87\x8A\xC6\xC3\x98\xDB\x44\x79\xB8\x9A\xB6\xB0\xF8\xB0\xAA\xAC"
"\x92\x9C\x06\x92\x24\x27\xD4\x52\x18\xE3\x08\x40\x98\xDE\xA4\xFB\xAE\x13\xC5\xF3\x5F\x40\xF1\x15\x46"
"\xC0\x7D\xB0\x1B\x47\xAE\x24\x09\xBF\x20\x14\x41\xD1\xD5\x23\x39\x24\xF4\xA9\x11\xDF\x47\x50\x70\x3C"
"\x02\x9F\x7C\x7A\x8B\xCB\x18\x13\x9F\x9C\xFD\x23\xD6\xD4\x49\x5B\x21\xF1\xC2\x0B\x9F\x1F\x31\x5C\xD8"
"\x21\xC4\x9C\x08\x02\x9D\x31\x1B\xA3\xF0\xC0\x17\xB3\xCF\x7B\xE4\xBC\xCF\x98\x7C\x05\xC2\x08\x1C\x6C"
"\x73\xC4\x78\x9F\x1F\x8C\x75\x2C\x7C\x99\xD0\x5C\x71\xD2\x4E\xA0\x8E\x41\xFF\x8C\xA4\xC1\x4F\xBF\xD6"
"\xF4\xC1\xBC\x04\x0A\xD0\x92\x80\xC2\x20\x00\x66\xEE\x52\x9D\x19\xA2\x6B\xBD\xEA\x52\x1C\x88\x55\xD5"
"\xCD\xD0\x4E\x0B\xAF\x7A\x72\x55\xB7\xC5\xC7\xA9\x58\xAE\xC0\x0E\x93\x5A\x26\x62\x25\xC5\x2E\x70\x4E"
"\x9C\x13\x8B\x2F\x73\x51\xD8\x74\x6C\xAC\x00\x3C\x0D\x7B\xA4\xC3\x76\x28\xAF\x28\x6B\xE6\xCB\xB0\x1F"
"\x55\x5E\x1D\xA1\xCB\x6D\xC6\xE5\xE1\x17\x38\x87\x16\xB8\x07\xAE\xE3\xA6\xFC\x6E\x30\x7B\x33\xDF\x22"
"\x37\x1E\xDD\x7C\xF9\x72\xD3\x7C\x47\xC3\x12\x43\xCB\x8C\x51\x9C\xAD\x49\x25\x29\x9A\x47\x38\xC9\x01"
"\xC7\xA6\x6C\xDD\xC8\x92\x0D\xA7\x35\x00\x97\xAC\x51\x01\x8C\xFE\xBC\x13\x40\x66\xBB\xFD\xBC\x2B\x27"
"\x37\xDF\x6E\x6E\x06\xBE\xF8\x9A\x90\xE9\xE9\x27\x33\x39\x0A\x70\xB3\xF9\xF3\xC9\x8D\xEA\x81\x6A\x3D"
"\x0F\x43\xF6\x52\xAA\xC2\x40\x17\xA9\xAA\x85\xF5\xA1\x9A\xD5\xE6\xBE\x09\xA3\xAE\xC3\xF2\x66\x72\xFA"
"\xD7\xEE\x68\xAD\x2C\xA3\x91\xFF\x3A\x20\x80\xCD\x61\xC4\xA1\xC8\xC3\x98\xE8\x9C\x05\x0B\xDC\x4E\x7A"
"\x84\x91\xAE\xFF\x4A\x96\xAD\xF4\x9B\x68\x5A\x99\x6F\xE6\xE0\x9B\x0C\xD0\x0E\xEC\xC2\x03\xAF\x1D\xB8"
"\x5A\xDE\xE0\x83\x81\x2E\x3F\xD5\x3E\x73\xED\x47\xF9\x07\xD5\x80\xC5\xEF\xF7\x07\xA2\x25\x67\x88\x05"
"\xFE\x65\x88\x97\x78\x35\x1C\x8D\x0E\x44\x7B\x46\x26\x66\xD8\x78\x8E\xB3\x13\x31\x68\xA1\x0E\x5D\xF4"
"\x1E\xD5\x2C\x3C\x1D\x34\x8D\x90\xBD\x50\x25\xE7\x8B\x59\xE9\x93\x1C\x11\xF9\xFD\x30\xE1\xF8\xAC\x44"
"\x78\x4D\x62\x42\xEC\xCF\xD1\x3C\x7E\x5D\xFB\xA6\x8E\xDC\x0A\xED\x4A\x37\xAA\x00\xE4\x83\x0C\x4B\x6D"
"\x49\x0C\x2B\x0D\xC4\xB8\x56\x70\xAE\xC4\x68\x4F\x28\xDF\xD8\x69\x78\xAD\x2B\x67\x3D\x11\x6E\xB3\x3D"
"\x52\xDE\xAA\x63\x28\x3B\x3F\x57\x20\x0D\xD3\x9F\x1C\x68\x24\xAC\x0D\x8C\x3F\xB2\xD2\x57\xD2\x06\x41"
"\x5E\x0B\x4D\x93\x5B\x90\xD2\xCF\xB5\x56\x05\x85\x2C\x6E\x94\x06\x21\xE0\xF4\xBC\x56\x6B\x19\x83\x85"
"\x15\xA7\x3A\xD0\x2C\x63\xCB\xC8\x6A\x08\xF0\xAC\x34\x8A\x3D\xEF\x06\x24\x5A\xD7\xAA\x78\x48\x8B\x12"
"\x54\xDD\x6A\xE9\x34\x4E\x58\x17\x84\xF9\xBB\x17\x9E\x88\x83\x9B\x0A\x75\x9E\xF7\xBF\x7F\x6B\xBC\x81"
"\xCD\x02\x40\x9A\x5A\xD9\x8F\x57\x36\x44\x80\x4A\xC4\x82\xB5\x9A\x1B\x01\xD2\xD6\x5A\x65\x3A\xB1\x17"
"\x82\xE5\x76\x13\x59\x85\x36\xC5\xB3\x29\xE5\x56\x9F\xE6\x68\xA4\xF8\x2F\x0C\x3E\xA4\x45\x90\x9B\xA9"
"\x5F\x6A\x1B\x6D\x6A\xE3\xAE\xA0\xEB\x65\x64\x98\x39\xAE\x8D\x8E\x85\x72\x05\x44\xF5\xC2\x78\x40\x03"
"\x57\xC5\xB5\x8D\x28\x75\x58\xA5\xB8\x9B\xEC\xAC\xAA\xD0\x4E\xC0\x7D\x50\x09\x58\x08\xC4\xF1\x7D\x64"
"\x28\x0B\x01\x92\xD7\x01\x3E\xE4\x72\xD0\xDE\x7F\x30\xE5\xB8\x67\x84\xC2\x7E\x07\x20\x5A\xCE\x53\xC9"
"\x91\x06\xAC\xDC\x72\x35\x28\xA2\x83\xA9\xD5\x0E\xCA\xF2\xC7\x8F\xD3\x1E\x70\x97\xDF\xA0\xBA\x14\xFD"
"\x13\x3B\x25\x98\x77\x05\xB7\xF7\x3B\x6A\xCE\xC0\x4B\xA3\xA9\xC9\x5C\x05\x43\x9D\x9A\x81\x7D\xE3\x44"
"\x31\x72\x64\xAD\xDD\x36\x02\xED\xBC\x38\x14\xA0\x6A\xDB\xF8\x5B\x5D\x0D\x43\xD6\x5A\xF8\x86\x44\xE0"
"\xA5\x47\xB6\xEC\x6D\x14\xDC\xAF\x97\x1E\xD4\x98\x95\x29\x1C\xE0\x87\x18\xC6\x78\xE7\x88\xA4\xFA\xA1"
"\x32\x25\x9E\x85\x24\x80\xCC\xCB\x3A\xB8\xDF\x66\x64\xC5\x6B\x55\x96\x0F\x42\x1C\x04\x04\x61\xE3\xB4"
"\xA9\x79\x76\x55\x71\xC4\x00\x79\x94\xF8\x76\xDE\xB0\x8B\x94\x64\xE1\x06\x3D\xC1\x84\xD2\xF6\x05\x19"
"\xEF\x3D\x72\xD5\x57\x78\x04\x50\x51\x90\x60\x71\x6B\x38\xBF\xBB\xC9\xFF\x62\x0A\x52\x8B\x3B\x81\x3C"
"\x18\x1F\x60\xC4\x31\x81\xCF\x66\xCD\x8A\x7F\xFF\xFD\xB7\x3F\x23\xF4\xE5\x79\xB3\xFF\xCD\xD2\x2A\xC6"
"\xF9\x0D\x1A\x8B\x4A\x13\x7C\x08\x4C\xE0\x86\x5C\x51\xE4\x4D\x9D\xC6\x5A\x47\x58\xDB\xBE\x5C\x5F\x99"
"\xFC\xDD\x07\x40\x9C\x71\x29\xDC\x4F\x16\x56\xEF\xCA\xA4\x17\x81\xD5\xFE\xDA\x91\xAA\xC7\x13\xE5\xD9"
"\x70\x48\x01\x16\x57\x5E\x8D\x2F\x0A\xEF\x8A\x16\x55\x9D\xFA\x33\xD2\x9F\xD6\x10\x30\xD3\xC1\xCB\x28"
"\xF2\x2E\xAE\x64\x7C\x18\x1F\x1C\xB4\x30\x11\x0D\x71\xB0\x99\xEE\xC1\xB0\xBD\x0B\xA2\xA6\xB8\x93\x5B"
"\xDC\xF5\xA0\x2C\xA8\xE1\x5A\xE7\x50\x91\x39\xD9\xED\x9F\x9E\x09\x9F\x82\xC5\x62\x71\x75\x87\x08\xE5"
"\x8E\xEC\x4D\xD3\x9F\xD7\x15\x22\x14\xB0\xBE\x57\xE9\x61\x5E\x83\x95\xCF\xC2\xE8\x43\x38\x2F\x6E\x69"
"\x32\x97\x8B\xDF\xB3\xE0\x92\x86\x45\xD7\x60\x9E\x07\x0B\xD4\x2B\x89\xE7\xB1\xC5\x09\x75\xC2\x41\xCB"
"\x85\x85\xB5\x33\x66\x8B\xBF\xC5\x68\x84\x08\xB7\xA9\xD2\xF4\x40\x67\x7E\x34\x3C\x52\x8B\x91\xF1\xBF"
"\xC9\xD7\xD1\xFA\x2B\xB8\x55\xD9\x40\xC1\xD3\xBF\x53\x3A\xC3\xA0\xD9\xB6\x1C\x82\xF3\x5B\x2C\xBE\x19"
"\x30\xBA\x05\x61\x8C\x16\x36\xD9\x4D\x54\xD6\x68\xBF\x2A\x7D\x9B\xA7\xD3\x19\x1A\x3A\x1A\x50\x76\x80"
"\xAF\x50\x27\xC5\x19\x26\x3E\xF9\x7E\x85\x95\xD2\x5E\xC4\x26\xA7\xD2\x78\x3C\x70\x97\xF0\xC9\xD6\xEF"
"\x9F\xE5\x93\x4D\xD9\xDC\xFF\x01\x48\x6B\x83\x49\x9B\xA7\xCF\xBB\x11\xA0\x45\xDF\x5A\x16\x9A\xE4\xA2"
"\x52\x3D\xA7\xA1\x6E\xDA\x4A\x73\x0A\x27\xD0\x12\x56\x5F\xE5\x6E\xD6\x6A\x2D\x63\x66\x1D\x03\x60\x0F"
"\xE1\xFB\xC9\xF4\x81\xE9\x0A\x0C\xE8\xC1\xA9\x5E\xA5\xB5\x02\x30\xD5\x0B\xEC\x48\x0F\xBD\xAD\x9D\xE6"
"\x9D\x0C\xAD\x6C\xEF\x7C\x56\xB6\x48\xA4\x12\xD3\xB7\xA5\xF9\x51\x90\x70\x63\x1C\xBB\x48\xE5\xAE\xF3"
"\xEB\x21\xD5\xBA\xA9\xEA\x22\x90\xCC\x38\x75\xB9\xC3\x8B\xCC\x61\xA9\x48\xC6\x85\x80\x46\xD1\xA0\xF7"
"\x6C\x8C\x79\x9E\xB8\xFD\xD6\x98\xF1\x9C\xA8\x1D\x26\x1F\x73\x7E\x4F\xB6\x7F\x80\x10\xF9\xFB\x29\x69"
"\x65\xB4\x56\x6F\x0C\xDE\x0C\x88\xF0\xF4\x14\x08\xCA\x9E\x75\xDC\x1E\x51\x55\x7E\x22\xB7\xD1\x66\xF3"
"\x4A\x31\x02\xCF\x8F\x26\x30\xEC\xDC\x72\x7A\xD2\x4F\x6A\xDB\x52\xC2\x6D\x08\x84\x62\x8C\x46\x87\x7D"
"\x13\x44\x4B\xA2\x22\x84\x4A\xCD\x8F\x1F\x60\x0E\x48\xB1\x6C\x57\xE8\x68\xCE\x97\x11\xD6\xFB\x0A\xD6"
"\x56\xBC\xD8\xB4\x37\x52\x1D\x32\x67\xDB\x83\x4F\x31\xB5\xE0\x2D\x8D\x8C\x0D\x26\x0C\x4C\x3A\x3D\x2A"
"\x63\x45\x94\x07\x51\x54\xA8\x72\x5B\x7F\xC0\x56\x8E\x83\x8B\x9C\x8B\x88\x27\x1D\x51\x7F\xAD\x6A\x4C"
"\xED\x05\x89\xA2\x1E\x06\x14\x47\xD8\xBE\x58\x18\xC3\x06\xCB\xDE\x8D\x4D\xA0\x54\x61\xD2\x91\xC7\xD1"
"\x4A\x19\xA5\xA0\x24\x85\x81\x80\x2D\x1D\xC8\x9A\xFF\xDD\x31\x6C\x23\x28\x0B\x83\x2E\xF7\x0B\x08\x50"
"\x81\x0E\x9F\x00\x49\xC7\xC6\x95\x96\xD5\xC8\xB3\xF6\xAC\x7E\xBA\xF9\x40\xC8\x81\xDE\xEF\x13\x06\x37"
"\x77\xCF\x8F\xA0\x88\x59\x6F\x6D\x22\x18\x3E\x1A\xD9\xDD\xF9\x45\x42\xDA\x3A\x5D\x46\x3C\x48\x3A\x7B"
"\xD5\xF2\xC3\x1F\x2C\xDF\xBC\xCC\x6D\x3C\x4A\x89\x30\xB6\x91\x83\xB2\x0D\xA0\x6B\x5B\x07\x67\x25\x11"
"\x15\x40\x87\x17\x5C\xAF\x90\xFB\x72\x69\xB7\x70\x3E\x81\xE0\x33\x0B\x28\x7C\xDA\x5C\x52\xF3\x9F\x29"
"\xB9\xB1\x7C\x25\xBE\x05\x01\xA2\x29\x2C\x6C\x82\xA9\xB6\xB2\x8E\xF3\xDC\x5F\x39\xB1\x6A\x96\x86\x8E"
"\x1B\xC1\x37\x0D\xA9\x64\xBB\x77\x11\x34\x16\xB5\x13\x61\x16\x81\x70\xDF\xA1\x6D\x49\xC6\x64\x0A\x00"
"\x5B\x10\x6B\xC0\x04\xFE\x86\x0D\x64\xB2\x67\xEB\x5B\x2A\x4D\xBB\xEA\x60\x54\x60\x09\x6B\x72\xF4\x86"
"\x23\x50\x9C\x28\xA0\x59\x92\x9A\x12\x45\x84\xC7\xED\x5A\x1D\x13\x14\x06\x3F\x34\xBB\x89\xA9\x43\x8A"
"\x11\xD8\x63\x1F\x44\x00\x30\x26\x52\x13\x8F\xC7\x5C\x64\xB8\xFE\xEE\x55\x3D\x9D\x3D\xD9\xFE\x21\xD2"
"\xE2\xFD\xFE\xD9\x3B\xE4\xB1\x95\xEF\x2D\xA2\x27\x4E\xF2\xF4\x88\x08\x3E\x77\xB4\x2F\x77\xA4\x08\xF2"
"\x9B\x1D\x06\x0E\x8F\xB6\xC8\x06\x4E\x00\xC1\xB7\xF0\x72\x2C\x67\x29\x79\xCE\xB3\x1A\xB1\x91\xD6\xE4"
"\x10\x58\x7B\xE1\x65\x89\xD0\x16\xA8\x03\x1F\x75\xB7\x81\xC3\x3A\xC5\xAD\x85\x06\xB1\xF7\x59\x31\xCC"
"\xCD\x29\xA5\x8C\xB3\xCE\x1F\xBF\xFE\x18\x69\x22\x04\x78\xF7\xF3\xB4\xF0\x45\x8B\x95\x71\x33\x68\xE7"
"\x59\x62\x05\xA2\x31\xCE\xF4\xE5\xE5\x17\xC0\x71\xE2\xAF\x73\x20\xCF\x37\xCF\xBF\xE6\xF7\xEB\xD5\x93"
"\x70\x08\xC0\x56\x7F\xA8\xFB\x79\xD7\x15\x11\xE2\x9E\x12\x5F\x8C\x51\x88\x75\xF6\x78\xB6\x05\x1D\xAF"
"\xA8\x1A\x02\x9E\xBF\x56\x4F\xFD\x15\x23\xB6\x2F\x93\x48\xC8\xF0\xBE\x2A\x6E\x62\xC1\x37\xE2\xD7\xE4"
"\x98\xF5\xC4\x83\x18\x91\xD7\x55\x45\xD8\xF1\x32\xE8\xE6\x16\x5C\x05\x01\xAD\x13\x64\xB0\xAA\xFC\x4C"
"\x03\xDE\x76\xAD\x7E\x50\xC5\x3E\x70\xED\x19\x0E\xF3\x53\x92\x0A\x0E\x65\x61\x3D\xCF\x76\x36\x12\x3B"
"\xB0\x6C\xAD\xD8\x86\x43\x5B\x73\x6D\x05\xB1\x9A\x05\x63\xE2\x7B\xE1\x43\xE0\x40\xB4\xC2\x06\x5C\x9E"
"\xF7\xCB\x9F\xA7\xB7\xED\xF7\xEF\x6A\x3D\xA8\xA4\x79\x33\xAE\xBC\x39\x68\x73\x9D\x2C\xBC\x35\x20\x2E"
"\x6A\x8B\x6F\x28\x51\xDF\x4E\xF1\x2B\x7B\x35\x3D\xDF\xFE\x70\x8D\xD4\x8E\x27\xDB\xB0\xAC\x56\xE7\xFF"
"\x76\x36\x88\x98\x34\xF7\x0C\xD0\xDB\x25\x98\x9C\xF1\x88\x53\x60\x9A\xFE\x30\x0D\x81\xFC\x10\xDF\x3C"
"\x60\xC0\xC6\xCA\xAD\xB9\xD7\xDC\x30\x51\x58\x8C\x04\x1A\x42\xA9\xC9\xC2\xE2\x0B\x53\x42\xED\x3D\x37"
"\x76\x44\x6E\x04\xAC\x22\x6D\x9F\x4C\x03\x15\x56\xA6\x45\x4F\xA1\xB1\x96\x31\xF8\x96\x0D\x1C\xA6\xB5"
"\xE7\x6F\x55\x70\x22\xC3\xB8\x70\x2A\xFE\xDA\x37\x12\xB3\x2A\x5D\x1A\xB6\x58\x3D\x40\x11\xBE\x8D\x6C"
"\x7D\x24\x57\x3C\xD8\xF2\x4B\x6D\xB8\x40\x27\x17\x51\xCC\x1F\xF0\x46\xBE\xB1\x9C\x4A\x13\xF8\x2F\x80"
"\xCD\x35\x01\x92\x0C\x64\xC0\xD9\x51\xC5\x36\x73\x9A\x7D\x45\x6D\x0B\x7C\xAF\x8D\x96\x71\x13\x7D\x7D"
"\x0D\x2D\xCA\x54\x22\xB8\xFB\x58\x63\xCC\xFC\x73\x0F\x20\x02\xB3\xE0\x0F\x96\x64\x40\x4B\x86\x21\xF7"
"\xCF\xBB\x6F\x0C\x60\xBE\x9E\x45\x62\x22\x89\x49\x52\x7F\xE1\x71\x14\x9E\x0B\x76\x00\xFD\x61\x25\x0B"
"\xF6\x17\x5C\xE8\x00\x47\xB3\x92\x4B\x2B\x55\x2A\xB6\x6B\x35\x77\x10\x36\x65\x5F\xC7\x17\x76\xD6\x12"
"\x92\x62\x6B\xA5\xFC\x55\x83\x22\xE9\x95\x03\xA9\xD1\x1F\x1B\x88\x0D\x0B\xFF\x65\xE4\x05\xF6\xAD\xDE"
"\xB6\xE1\xD9\x05\xA8\xC5\x1C\xB8\xF8\x7A\x68\x4D\xF6\xDA\xED\x21\x9B\x6D\xCD\x61\x9D\x6F\x63\x9B\xCC"
"\x8E\xE8\xD9\x02\xA2\x28\x76\xBC\x0D\x7D\xE0\x60\x60\x1B\x7D\xD7\x6C\x08\x63\x0F\x24\x26\x4D\x7F\x4F"
"\xCE\xBF\xFF\x00\x0A\xE7\x87\xAD\x9B\xC8\xBC\xE8\xC0\xD2\x0B\xD6\x79\xDC\x38\xCD\x63\xE1\x3B\xC1\xF0"
"\xD2\xFF\xAB\xAF\xA3\x93\x89\x03\x80\x3F\x9E\x00\xBA\x24\x4E\x10\x38\x6A\xCC\x8D\x6D\x76\xE4\xAA\x60"
"\x59\x86\x53\x87\x3D\x20\x57\x0D\x63\x60\x63\xA5\x74\xC2\x31\xF2\x10\xC4\xE8\x64\xFC\x7D\x7B\x7F\xDF"
"\xC0\x06\x66\x6C\xFE\x56\xDA\x14\x5A\x87\x16\x78\x71\xA0\x24\xF2\xC1\x67\xD6\x56\x73\xAF\xE2\x57\x55"
"\xFE\x9F\x65\xDA\x62\xB9\x64\x7D\x2A\x24\x0C\xF4\x10\x35\x04\xF8\x43\xF0\x83\x4A\x1B\x06\x0C\xA2\x20"
"\x48\x12\x30\x33\xC3\x91\x68\xF9\xAD\x35\x2F\x8C\x79\x81\x60\xA0\x3C\x6E\x8D\x1C\xEF\x8D\xA8\x03\x55"
"\x49\x9F\x02\xFC\xF8\x65\xA4\x9D\x6F\x9B\xB7\xB7\xDF\x93\x1E\x58\xBF\x31\x78\x84\xDE\x8C\x96\xEB\x55"
"\xDD\xDE\x6C\x54\xB7\x34\xB9\xA2\x49\xC6\x40\xE2\x55\xB1\xEC\x50\x0E\x30\xC0\x75\x7A\x52\x18\x25\x1E"
"\xBA\x9D\xE0\x54\xC0\x24\xC3\x86\xEB\xD8\x77\x02\xDF\x87\x3C\x7A\x78\x1A\x8B\xF5\x9F\xC0\x1D\x9C\x69"
"\x2E\x20\x7A\x95\xFF\xE0\xF6\x97\xB7\xBB\xAF\xE4\x8E\x1E\xF1\xB0\x68\x9C\x74\x68\xCB\x7D\xD3\xBF\xEE"
"\x41\x4C\xEE\x06\xEE\xA9\x3C\x13\x86\x65\x2D\xC5\x8C\x86\x18\x26\xCA\xFF\xBB\xB2\xDB\x07\xB3\x6B\xD8"
"\x40\x41\x3F\x0A\x2B\x8B\x5E\x39\x48\x01\xE2\xF8\x17\xE0\xF3\xDB\x51\x68\x0E\xE4\x4E\xB9\xED\x35\x7C"
"\x68\x66\x51\x06\x22\x51\x77\x6F\xB5\xF7\xDD\x31\xF5\x86\xAD\xF0\xB3\x8F\x27\x01\xA3\x20\x3E\xA8\xC1"
"\xB4\xB8\xBD\x1E\x16\x1E\x48\x36\x8C\x75\x8F\xE7\xE7\x47\x01\x76\x92\xDA\x68\xB7\x8F\xDC\x69\x76\xB3"
"\xCA\x4E\x7A\x18\x1B\xB9\x35\x54\xCC\xEF\xDF\xC4\xB6\xCD\x41\x83\x07\xE6\x6E\xC4\xE0\x98\xC0\xDB\xA9"
"\x03\xD0\xE3\x16\x1B\x34\x3F\xF1\xF4\xAA\x96\x4E\x58\xF4\xFC\x30\xC0\x9B\x39\x80\x98\x7D\xDB\xC0\x86"
"\xAC\x14\x77\x7A\x9E\x36\x8E\xEE\x18\x70\x9F\x32\x28\x87\x54\x5F\xF5\x65\x4A\x57\x55\x6B\xB7\x12\x48"
"\x3D\xD3\x8E\x9D\x1F\xED\xF6\xAA\x1C\xF8\x75\x1B\x04\xB8\xBA\x50\x31\xE1\x9A\x23\x0B\x2A\xCD\xA6\x16"
"\x02\xA2\x9A\x8D\xF1\x82\xEF\xDF\x87\x00\x1E\xDD\x2A\xCE\x29\x5D\x7A\x96\x4F\xA4\x75\x40\x3E\x50\xED"
"\xD1\x34\xE5\xAB\xD8\xFA\xB4\x88\x58\x8C\x7E\x0E\x70\xEF\x2B\x18\x5B\x36\xAB\xB7\x37\x72\x47\x62\xA5"
"\x3A\xE9\x7A\x5A\x1C\x62\x2E\x4C\xE6\xF0\x45\x57\x42\x0D\x26\x36\x8C\x84\x5B\x45\xF6\x40\x4D\x87\x65"
"\xAE\xA5\x70\xD4\x17\xE8\xC5\xCF\x80\x8A\x41\x21\x81\x58\x04\x28\x22\x2B\x12\x2B\x0C\xDA\x7C\xCE\x4E"
"\xB2\xBE\x51\x3B\x90\x80\x1C\x5B\x43\x3C\x8A\xB9\x7F\x78\x9B\x37\x4C\x8D\x72\xED\x69\x48\x43\xCE\x64"
"\xB8\x65\xA7\xD2\xA5\x09\x1C\xB2\x23\x62\x33\x30\x45\x79\xE0\xB2\x6B\x2D\xFD\x18\x94\x60\x2F\x0F\x63"
"\xFA\x83\xA3\x6B\x55\x5F\xB8\x56\x2A\x2D\x3E\x4A\x1F\x18\x53\xBA\x8D\x31\x62\x06\x88\x78\x51\x4C\x19"
"\x08\x39\x58\x54\x55\xC8\x0D\x3B\x9E\x27\x91\x0A\x57\xDC\xA2\x69\xB5\x22\xAE\x07\xC7\xBD\xF4\xEE\x1E"
"\xB8\x22\x04\xE2\x7B\x7B\x79\x79\x67\x67\xFB\xEE\x12\x6D\x37\x62\x58\x45\x3A\x16\xC2\x02\xC7\x61\x8B"
"\x9F\x3F\x04\x5B\x4C\xC8\x9A\xC3\x42\x81\x1B\x85\x2A\xE8\x5B\x96\xD9\x0D\x80\x31\xB7\xB7\xBD\x09\xBB"
"\x23\x1F\x4F\x4F\xC8\xF9\xC0\x08\xF7\xFE\xFB\x05\xA5\x98\xF8\xB2\x97\x08\x37\x90\x00\xFF\x3F\x5B\x73"
"\x34\x80\x4C\x03\xE0\x09\x99\x13\xC5\x5F\x8A\xC8\x2E\x31\xB5\x6A\x47\xA1\xC7\x11\x46\x5F\x87\xBE\x7A"
"\xDA\x46\x38\xDA\x03\x73\x58\xA5\xF1\xE7\x24\x4C\x24\x32\x7A\x49\xB5\x6B\x24\x35\x0D\xE4\x52\xAA\x7A"
"\x58\x1F\x6D\xBF\xD1\xFF\x75\x70\x0B\x01\x2F\x51\xA9\xB9\xB5\x62\xBD\x30\x4C\x34\x8F\x9E\xFB\x5A\x42"
"\x22\xDE\x65\xE8\x90\xCC\xA6\x67\x96\x38\x31\xE7\x08\x24\x88\x2D\x83\x17\x7E\x87\x19\xDF\x2F\x90\x0F"
"\xD0\xB1\x9E\x0E\x22\x01\x01\xFB\xC2\xAF\xA4\x46\x30\x50\xF8\xAD\x24\x51\x57\xE7\x08\x03\x09\x7D\xEE"
"\x45\x94\x44\x15\x44\xB0\x94\x91\x61\x42\x07\xC5\x86\xC9\xDD\x1E\xD8\x9A\x8F\xDF\xF7\x2F\xE8\x5A\xFE"
"\x9E\x9D\x7C\xE5\x8F\xF5\xD5\x2E\x3E\x9B\xED\x57\x24\xA6\x65\x33\x70\xFE\x36\x6B\x2C\xF9\xEC\x9E\x7A"
"\x1B\x48\xB1\x0F\xCB\x08\x87\x43\x2B\x01\xB4\xDC\x9C\x39\x72\xD0\x7C\x98\xDA\xD2\xFB\x5F\x76\x1B\x7B"
"\x34\x9B\x63\x16\x80\x6E\xF5\xC4\xCB\xD1\xE2\xAF\x6B\x5A\xDB\x2F\x60\x1B\x5B\xB0\x71\xE9\x3B\x4F\x70"
"\x71\x4B\xA9\xE1\x39\x9A\x80\xBD\x89\x1C\xD9\xE3\xBB\x22\x96\x90\xA2\x6B\x75\xBE\xF5\xAD\x3E\x97\x09"
"\xC2\x8C\x63\xD3\xCF\x06\xE4\x7E\x1B\xD9\x22\x6C\xED\x02\x58\xE3\x52\xF5\x93\xDB\x2A\x21\x4D\x49\xF0"
"\xE1\x69\x5E\xB5\xD5\x5F\x9B\x8E\xA2\x6E\x14\x9A\x83\x77\x49\xA8\xB2\x84\x7D\xD7\x83\x14\x35\x6A\x87"
"\x73\x60\xA1\x3D\xD6\xDB\xA3\x9A\xAA\x46\x00\xFB\x0F\x14\xE0\x86\x1D\x75\x32\x36\x2E\x36\xF3\xBF\x88"
"\xE8\xC2\x16\xD3\x91\x8E\x53\x28\xCD\xA7\x81\x03\xCC\xD2\xB8\x6E\xBD\x68\xF5\x37\x74\xDC\x5A\x7A\x43"
"\x5F\x6D\xC1\x43\xAB\xB5\x68\xD6\xDE\xF3\x42\xA3\x4E\x25\xD0\x49\xFF\x7E\x87\x52\x7D\x27\x4E\xBF\xFD"
"\x7E\x1B\xF0\xA8\x85\xED\x53\xFB\xAB\xA8\x63\x4B\xEA\x7C\x0A\x36\xCC\xB1\x8F\xE1\x07\x69\x85\xDE\xC1"
"\x1B\xAD\xC6\x1C\x77\xD6\x60\x1C\x0E\x71\xC5\xC3\x6A\xB7\x9F\x26\x98\x2D\xFF\xD2\xDA\xEA\x58\x3C\xE0"
"\x1B\x37\x7E\x07\xAF\x18\xEB\x38\x92\x19\x14\x34\x49\x83\xFE\x7F\x09\x5B\x78\xAA\x0A\xD2\x89\x9F\x5E"
"\x2A\xD2\xB9\x3B\xBB\xEC\x9B\xE7\x41\x35\x30\xC2\x9E\x35\x90\x5A\xBE\x8A\xEE\x0C\xF0\x7C\xD6\x04\x32"
"\xE7\x10\x2B\x7C\x03\x76\x28\xE3\x0B\x6E\xA5\xFC\x2D\x31\xC9\xBA\xC4\xEC\x3E\x46\xED\x81\x65\xA7\x31"
"\x49\x76\x6C\xF7\x8A\xD9\x38\xB1\x6E\x5D\xE0\x98\xEB\x96\xEB\xB0\xB3\x8A\xAF\xF8\xAF\x8E\x25\xA2\xDF"
"\x1F\x26\x98\x46\xBE\x9D\xF3\xB6\x55\xEB\x6F\xD0\xF8\x12\x13\x12\x0E\x54\x56\x92\xE0\x8F\xB0\x2C\x17"
"\xF3\x14\x2D\x36\x7F\x24\x44\xD0\xDE\xA0\xC3\x8E\x05\x0C\x8C\x69\x7E\x63\xC3\x8F\x85\x1F\x13\x8C\x64"
"\x22\x9D\xF9\x02\x56\x69\x9F\xF3\x2F\x75\x77\x03\x8D\xCF\xA0\xC2\x02\x7F\x8E\x40\x3B\xE9\xA8\xD4\xD2"
"\x30\xFC\xD2\xF9\x68\x2C\x16\x3F\x43\x59\xA7\x9F\x19\x27\x60\x6E\x4B\xEC\x30\x61\xB3\x16\xC3\xF9\x52"
"\xEB\x73\x1A\x51\x73\xB6\xE2\x61\xAB\xC3\xAE\xA4\x91\x9A\x49\xAD\xCD\xDD\xD7\x41\xB9\xEA\x6E\xE7\x95"
"\x53\x47\xB7\x81\x87\x27\x2F\xAD\xD4\xE5\x35\x96\xD4\x72\x5C\xFC\x7D\x52\x57\x7F\xAD\x00\x4B\xC9\x9A"
"\xA5\xF1\x0F\x2B\xA0\xDA\x44\x52\x80\x15\x41\x3C\xC3\x58\xC9\xA4\x2F\xA7\x32\x1A\x14\xEA\xDF\x28\x34"
"\xB0\x54\xFE\xE1\x80\x08\x04\x68\xAE\x70\xF3\x02\x80\xCC\x1F\xAC\xF3\x7A\x43\x0C\xBC\x47\xAB\x7D\x03"
"\x2A\xED\xE5\xD2\xA1\xCD\xDC\xAB\x79\x82\x84\xA2\x09\xC7\x78\x90\x76\xE0\x95\xBE\xED\xA8\xE9\xFB\x5D"
"\x7D\xD5\x17\x33\x2D\x45\x81\xAF\x68\xB8\x31\xED\xA6\x21\x6B\xF9\x4D\x18\x88\x46\x4B\x69\x32\xFB\xAD"
"\xE5\x21\xE0\x4D\xD5\xFA\x9C\x1B\x3D\xD2\xEA\xA8\x87\x5D\x5B\x54\x13\xA6\xFE\x6D\xA6\x88\xE7\x16\x80"
"\xA2\xCA\xDF\xDE\xD6\x60\x76\x47\xFF\x68\xB9\x40\x21\x3C\x8D\xC7\xD1\xB6\x0E\xC3\xDB\x45\x3A\xD9\x43"
"\xC5\xCC\xAD\xD6\xE3\x30\xE5\xB9\xD5\xC9\xB6\x93\xCA\xEF\x9C\x9F\x57\x5E\xE1\x37\xA4\x76\x70\x29\xB5"
"\x2D\x62\xAD\x6C\x6C\x1B\x7D\xCB\x0D\x70\x45\xCB\x55\xD8\xBE\x20\x26\x6D\xE9\xA1\x2A\x84\x40\x1C\xDD"
"\x6F\x14\xD2\x85\xA5\x5D\xE7\xE7\x40\x9A\x3B\x3F\xA6\x9D\x67\x08\xB5\x9F\x75\x71\x8D\x5B\xA4\x7E\xAE"
"\xEC\x4D\xFC\x5F\xE8\xC0\x57\x37\x37\xE3\xCB\x9B\xEC\x72\x0C\xE4\x2A\x09\x12\x01\x18\x8A\x7E\x6E\x69"
"\x3E\xC8\xD2\x00\x40\xC4\x8E\x02\x34\xDC\xD4\xD8\xE7\x7A\x46\x22\x31\xAD\x3B\x1C\xC6\xA8\x23\xCE\xD6"
"\xAE\xE7\xB0\x4C\x46\x15\x3A\xD7\xAE\xC4\xCB\x81\x8E\x62\xD5\x7C\x84\x6D\x62\x22\x36\xC6\x20\x35\xFD"
"\x6E\x5E\x50\x5B\xBF\x54\x21\x75\xE6\xF7\x9C\x2D\x2C\x7F\xBB\xDA\x00\x76\xC1\x9C\x38\x3B\x8F\x7A\xD3"
"\x7C\x5E\xE3\x4A\xDC\x0C\xCD\xFD\x8E\x2C\xBB\x6F\xDC\xFC\xE1\x3B\x04\x40\x05\x0D\x32\xF7\x8D\xC9\x13"
"\x24\x32\x8F\x6F\xD8\x3A\x85\x3C\x0F\x5D\x4A\xD4\x8C\xA7\x9A\x3F\x22\x4C\x1A\xC3\x23\xC6\x95\x1D\x19"
"\xFE\xE1\xB2\xF9\x3F\x4B\xB2\x62\x70\xF6\x68\x77\x8D\x26\xBB\x6F\x40\xFB\x84\xFF\x4A\x8E\xDE\xDD\x24"
"\x20\x47\x9C\xCC\xB7\xA4\x6C\xC3\x9B\x80\x92\x1F\xB4\xE6\x97\x81\xF4\xCA\x49\x7B\x0D\x94\xEF\x4B\xA0"
"\x3A\xAC\x6D\x20\xBC\x69\xDA\xA0\x6D\x71\x37\x36\xC2\xF0\xB2\x9B\x53\x94\xBD\x63\xF0\xC8\x79\x7A\x50"
"\x3F\xB5\x95\xAD\x6F\x48\xA2\x5A\xB1\x5E\xEE\xBB\xAC\x7D\xDB\x4F\x75\x5C\x0F\x0B\xA1\x40\x20\xA5\x3E"
"\xB4\x4D\x0A\x1F\x54\xB2\xA6\x26\xF6\x18\x81\xEF\x8E\x1B\x92\x90\x08\x63\x40\x84\x8B\xA5\xB1\x12\x85"
"\x4E\x19\x24\x56\x58\x5E\x41\x16\x28\x02\x16\xC8\x60\x0C\xFE\xF6\xFB\x07\x74\x38\xF7\xD8\xDA\x25\xCF"
"\x7A\x7B\x45\x27\xDB\x4B\x94\x15\x26\x97\x60\xFC\xCB\xBA\x8D\x89\x5D\x8F\xAE\x2F\x2C\x6A\xC9\x3A\x44"
"\xC9\x46\x8C\x8E\x30\x60\xE4\x98\x1E\xFA\x09\xD6\x54\x82\x53\x77\x0C\x63\xB0\xBD\x24\xEB\x5A\x25\xF2"
"\x94\xA9\x9B\xFA\x38\xF7\xA1\x59\x45\x51\x45\x30\x20\x55\x88\x0F\x6D\x72\x26\x80\x61\x52\x28\x61\x43"
"\x40\x5D\x65\xDF\x2B\xE4\xBC\xC9\x1F\x48\x06\xBD\x3A\x01\xFB\x9F\x3A\x71\xA9\x95\x04\x14\x91\x0C\x51"
"\x85\x36\xC8\x83\xA5\x58\x71\xE5\x1D\x65\xEC\x2F\xBF\x60\x04\xC5\x35\x41\x44\x75\xE2\x0C\x54\xA9\xD3"
"\x49\x91\xD9\x18\x74\x31\xF3\xCD\xBD\xAD\x52\x79\xD9\x6C\x5E\x16\x4B\xE0\x54\x57\x44\xFA\x2E\xC9\x78"
"\xCF\xF5\x2B\x2C\x53\x73\x59\xCD\xE2\x0D\xF2\x7B\x79\x79\x11\x60\x83\x88\x71\x24\x18\x98\x7A\xF8\x86"
"\x0F\xCC\x53\x70\x27\x17\xE3\x6E\xBC\xBC\x66\xD5\xFA\x1C\x7E\x08\x14\xAF\x59\x89\x94\x1B\xF1\x21\x73"
"\x16\xF8\x93\xA2\x92\x27\x29\x8B\x1E\xDE\x1C\xA4\xFB\x20\x4A\xA6\xF9\x05\x2B\xB7\x85\xED\x69\x13\x80"
"\x78\x38\x66\x43\x83\xAB\x10\x0F\xE1\x50\x95\x51\x6D\x34\xA9\x51\x88\xB1\xB5\xF6\xAD\x32\xA9\x54\x69"
"\x42\x96\x37\x90\xF0\x70\x0E\x95\x62\x18\xC6\xDA\x16\x4C\xE6\xA2\x8A\xF9\x6F\x57\x71\xA5\x71\x1D\x16"
"\x47\xC6\xD3\x23\xB3\x44\xF9\x8E\x2C\x64\x96\x87\x75\xD6\x12\x78\x37\x69\x47\x03\xAB\x21\xC2\x72\x3C"
"\xF8\x86\x4E\xD9\xD2\x76\xA9\x6C\xB4\x0D\x04\x18\x0F\xF2\x9D\x8A\x29\xDB\x40\x8F\x60\x1E\x87\x42\xA2"
"\xD8\x85\xAF\x50\x49\x51\x68\xB9\x47\x88\xB3\x7B\x33\x1E\xB7\xED\xDD\xC9\x19\xE7\x1E\x5A\x92\x81\xB5"
"\x5C\xA6\x6A\xA3\x2F\x7F\x11\x86\x93\xC7\x5B\xA4\xF2\x1A\xC4\x07\x68\x89\xB5\xCA\xDE\x08\x6F\xBE\xD2"
"\x80\x99\xB0\xBD\x8D\x21\x23\x43\xD5\xBE\x16\xA3\x55\xED\xEB\x04\x9D\x35\xBB\x21\xC6\xD7\x74\xAB\xE8"
"\xB6\x31\x01\x5C\x95\x1E\xE9\x7C\x9A\x85\x85\x94\xB6\x17\x15\xF2\xD3\x92\xFA\x5A\x1B\xD4\x0B\xE7\x22"
"\x0C\xB3\x82\xC9\x61\x23\xA2\xB7\x4D\x8B\xA1\x2D\x12\xD2\x33\xE3\x9C\x33\x87\xC8\x95\x85\x5D\xF8\xB8"
"\xA7\x02\x76\x3A\x46\x28\x09\x86\x38\xD6\xA0\x26\xDE\xF8\x0A\x10\xEE\x00\xD9\x1A\x52\xEB\xC5\xC4\x87"
"\x0F\x6C\x90\x83\x00\x37\xB6\x2B\x89\x9B\x80\xB0\xF2\x0B\x70\xC2\x7B\xEE\x42\xDB\xEC\x59\xC6\x67\xA5"
"\x25\x42\x29\xE1\x94\x83\x58\x86\xB1\xE7\x12\x3C\xC4\xEE\xAD\x65\x08\x99\x15\x62\x49\x56\xCC\xBA\x0E"
"\x3B\xA6\x70\xC2\x8F\xDA\x17\x84\x2D\xA7\x1B\x36\x3B\xD5\xCF\xD0\xD2\x59\x06\x83\x85\xED\x81\xAA\xBB"
"\x21\xDD\x2C\xB1\x07\x33\x0A\x44\xC8\x85\x2F\xE5\x3C\x78\xE2\xAE\xAB\xDE\x64\x56\x4F\x67\x63\x48\x71"
"\x8C\xC0\x45\xC7\x50\x97\xBA\x29\xBA\xFD\x34\xA6\xDE\xCE\x16\x87\x73\x5A\x7A\xE8\x49\x87\xD3\xF7\x7D"
"\x2E\x74\x37\xC3\xB0\x0B\xCD\x38\x1E\x69\xDB\x9B\xBB\xE7\x2D\xE1\xB5\xA2\x8C\x79\xB5\xDE\xC4\xCA\x76"
"\x81\x2C\xF8\xA9\x96\x74\x11\x76\xF1\xF6\xB2\x5C\xBC\x53\x9A\xC6\x83\xBF\xE0\xFE\x5A\x7E\x0F\xCB\x59"
"\x96\xD8\x82\xB1\xDC\x19\x62\xE1\x8E\x43\x4A\xE7\x3D\x0C\x02\x28\x77\xF9\x0F\xCA\x94\x3A\x51\x5E\xC2"
"\xF8\xB2\x52\xDE\x0E\x41\x7C\xFC\xC8\x11\x51\xAA\x37\x80\xC5\xBD\x1B\x5B\x82\xEA\x2E\x94\x7E\x72\xC4"
"\xAD\x78\x69\xDB\x05\xE5\x0D\xA7\xAC\x5B\xAB\xC7\x65\x71\x5B\x1C\xE8\xF0\xBB\xC8\x67\x70\x78\x33\xDB"
"\xEB\x97\x62\x17\x24\x4E\xB9\x18\x2C\x0B\xD1\xF8\xF6\x13\x0F\xD5\x11\xDD\x5D\xE4\x96\xB4\x59\xF5\xD9"
"\xFB\x48\x16\xB5\xA4\xA1\x81\x6E\xFC\x29\xBE\xFC\x39\xA6\x47\xEB\x73\x61\x74\x06\x13\x18\x4D\xF6\x9B"
"\x47\x56\xB2\x80\xEC\x79\x83\xB4\x7C\x89\x14\x98\x54\x37\x5C\x6A\x03\x39\x31\xC4\x81\xFC\x16\x2F\x8B"
"\x17\x3A\x96\x15\x04\x09\xB2\xEE\x05\x57\xF0\x49\x9A\x00\xF4\x72\xA5\xCD\xFD\x83\xC6\xD7\x3F\x6C\xFB"
"\xF5\xB4\x44\x37\xE4\x34\xB5\xB3\x96\x89\xC6\xCA\x78\x0E\x1B\xDD\x95\x4E\x71\xD9\x5E\x4F\xD1\xD1\xD3"
"\x26\x77\xBC\xE9\x1C\x39\xDE\xA5\x14\xAA\xDF\xB7\x68\x5D\xC4\xEB\xBE\x79\x21\x70\x67\x71\x99\x4F\xD9"
"\xFE\xE8\x72\x5A\x14\xDE\xFB\xD1\xB1\xFC\xBA\x7E\x7B\x59\x16\xD6\x0F\xE1\x70\x47\x92\x8A\xC5\xD7\xF6"
"\xEC\x09\x60\xC9\xDD\x20\x16\x9F\xA4\xE4\xC7\xFF\xEF\x36\x02\x9A\xDD\x98\xD5\xFB\xEA\xB8\x14\x69\x63"
"\x8A\x68\x27\x65\xBE\x8A\x34\x2B\x23\x0C\xD8\xAC\xB8\x6A\x6F\x67\x6B\x54\xC0\x70\xFF\xC0\x1D\x5C\x0C"
"\x65\x30\xF5\x42\x8D\x7B\x7F\x7F\x61\x9D\x8B\x32\x7C\x7B\xC7\x2E\x1A\xCA\xED\x85\x27\x5B\xAB\x20\xB5"
"\x16\x6D\x01\x87\x03\x96\x7C\x50\x27\xCF\xDF\x38\xF4\xB0\x7D\x9C\x5A\x22\xFD\xBD\xB6\x95\x51\xDE\x13"
"\x82\xFD\x6B\xCA\x52\x63\xC6\xEC\x94\x5E\x4D\xD7\x4F\xBE\xC7\x0A\xD5\x2C\x6C\x26\xB8\x4C\x6C\x4D\x6E"
"\x26\x00\xA7\x76\x98\x57\x46\xFB\x58\xA5\x9D\x64\x2A\x87\x3B\x68\xB1\xA1\xA5\xFA\x3A\x88\x51\x46\x30"
"\x76\x16\x92\x73\xA3\x24\x09\x70\x10\x98\xB5\x6B\xDF\x70\x5D\x17\x21\x22\xAF\xAD\xB6\x1E\x28\xA8\x2D"
"\xBD\xA9\x0E\xEF\x62\x7B\x0C\x8F\x56\xBB\x3B\xC8\x23\xB1\xC5\xA0\x08\x3C\xCA\x9B\xFE\x64\x0E\x80\xED"
"\x4A\x53\x4A\x2C\x24\x2C\x37\xAF\xDC\x68\xB8\x16\x60\x99\x53\xF8\x3C\xB1\x6F\xDC\x71\x06\xE7\xC1\x83"
"\x8E\x7C\x0F\x1A\x89\xBA\x97\x84\x78\xAF\xAD\x02\x54\xC4\x77\xE8\x25\x00\x42\x0C\xC0\x97\xC2\x60\xED"
"\xD6\xBF\x16\x93\xA4\xC4\xAA\x61\x4E\xBE\x31\xAE\xD6\x64\x23\xEA\x53\x38\xD6\x28\x1B\x22\x29\x39\x9D"
"\x3C\x2E\x8D\x5B\x9F\x65\x0C\x38\x11\x38\x6B\xC8\xD0\x56\x45\x18\xFC\xA9\x11\x89\x5B\x13\x78\x16\x4D"
"\x1A\x23\xAD\x35\x2C\x1C\xC3\xAA\x19\xFC\xDA\xF7\xC3\x31\x31\x8F\x3B\xB2\x3A\xBE\x80\x53\x45\xC0\x2F"
"\x60\x52\xA9\x02\xAA\xB9\xEE\xC8\xB2\x14\x24\xD9\xF2\x33\x5F\x3A\xE0\xA3\x51\x8A\x2A\x11\x5E\x27\x4E"
"\xFA\xDB\x81\x55\x6D\x27\x58\x6C\x5C\x80\xA2\xDB\xC9\x26\xF7\x6F\x3B\x0A\x50\x10\xDF\x05\x63\xE9\x37"
"\x63\x7F\x22\xFB\x89\x18\xB9\xA1\x94\x3C\x64\x6F\xAC\xB7\xBE\x2C\x58\x36\xC4\x3F\x5F\xF8\xC1\x4D\x4A"
"\x84\xD3\xA8\x9A\xAD\x83\xC8\xEF\xE1\xA5\xD6\x2F\xF0\x43\x88\x7E\xAC\xD7\x8E\x6D\xF6\x48\x02\x63\x91"
"\x93\x35\x62\x65\xA2\x0A\xE2\xCF\x93\x09\x1D\x3F\xF7\x47\xA2\x90\xFB\x79\x97\x38\xE0\x33\xCF\xC2\xC4"
"\x58\xD3\x58\x5F\x97\x59\x53\x74\xC0\x17\xA9\xDC\x5F\x1D\x66\x8B\xD4\x63\x89\x2F\x52\x82\x4B\xBB\xFE"
"\xA7\xF6\x40\x19\x4B\xBF\xAF\xE8\x82\x0D\x4C\xAF\x03\x05\xB0\xB5\x26\x55\x4A\x50\x95\xAE\x2E\x03\xEA"
"\x99\xE8\xF6\xCA\x50\x11\x79\xF1\xD7\xFE\x6B\x25\x74\x07\x2E\x41\x46\xAD\x98\x34\x7D\xDC\xEC\x6C\xD6"
"\x74\x43\xC6\x0E\x5B\x5D\x6D\x0B\xF6\xF4\xC7\x83\x16\x31\xA3\xD4\x0F\xED\x64\xC5\xF0\xE5\xFD\x0D\x4A"
"\xF6\xF6\x02\x81\xA1\xFA\x2A\x87\xB2\x60\xDA\xC7\x65\x5C\x9B\x0D\xEA\x89\x14\x20\xC7\x7E\x21\xC0\x7B"
"\x7C\x86\xAE\x08\xD3\x68\x00\x05\x7B\x29\x2A\x12\x57\x0A\x75\x5A\x16\x17\x30\xA1\x34\xBB\xE7\x12\x4D"
"\x16\xB3\x36\x0B\xAD\x00\xD2\xC9\xED\xAE\x10\x85\x59\xF3\xA4\xD2\x2D\x84\x72\x5A\xAF\xE3\xBD\xE1\xAE"
"\x0C\x5E\xFC\x37\xF3\x09\x6C\xE0\xB9\x2D\xE1\xB1\x68\x1B\xBF\x8D\x38\xB0\xCA\x8F\x48\xDF\x9D\xFC\x58"
"\xEB\xE3\x48\x8A\xA4\xFD\x51\x61\xC7\x3D\x17\x6A\x57\xAC\xFB\x25\x81\xAA\xAD\xD5\x32\x87\x90\xF0\x84"
"\x87\x5D\x4E\x57\x2B\x93\xE0\x9F\x4D\x30\x47\x2B\x6D\x41\xD2\x11\xB6\x85\x48\x3C\xB8\x1B\xE2\xF7\x16"
"\xFA\xF4\x6D\x23\x43\xF8\x0E\x53\xB8\xD1\x01\x46\x29\x62\xF7\xB2\xF1\x2C\x9A\xA5\x1C\x49\xF0\x8D\x8E"
"\x06\xBF\xF6\xF6\xB1\x5F\xAD\xB7\x9F\x9E\x49\x9F\x8E\x51\x21\x46\xA6\x90\x45\x3F\x7E\x90\xAF\x70\xB9"
"\xD2\x93\x79\x5B\x70\x7D\x8E\x6D\xE1\x33\x9E\x90\x8A\xA2\xC4\x0E\x98\xB1\x41\x83\x6C\x6F\xA6\x52\x9C"
"\xCA\xB1\x21\x6D\x58\x1F\x62\xF7\x84\x66\x4A\x24\x0A\x68\x5B\x5D\xC1\x0E\x18\x99\xA0\xA8\x6F\x57\x56"
"\xCC\xB3\x25\xF5\x6C\xD9\x0F\xC2\x0C\x7A\xD2\xA1\x01\xB9\x6B\x8D\x2D\x78\xAD\x10\x53\xF1\x98\x75\x88"
"\xA1\x7E\x99\x95\x86\xA1\xCE\xB5\xD5\x19\x34\xAE\x2D\x1E\x53\x2E\x10\x21\x5D\xC1\x8E\x03\x47\x56\x49"
"\x20\x4C\x05\x19\x30\x57\x20\xB9\x16\x2E\x78\xB6\x37\x61\xDF\xDE\xCB\x0B\x1C\x31\xA4\x06\x8A\xCA\xDF"
"\x68\x42\x2D\xB8\xBF\x87\x67\x1A\x3A\xB7\xE0\x3E\xB9\xDF\x9B\xDF\x1B\x15\x77\xB4\xA9\xEF\x6D\xC1\xD1"
"\xA7\xFB\xE5\x16\x23\x8A\x48\x01\x3F\x9C\x6C\xEB\x67\x74\xC9\x99\xB1\x95\xED\x5F\x43\x80\xB4\x78\xE4"
"\x90\xA1\x46\xF4\x46\x5A\x23\xC6\x48\xBB\x61\x0C\xD1\x18\xAB\x09\x2C\x17\x56\xA0\x54\x46\xA1\x58\x18"
"\x33\x93\x17\x46\x7C\x09\x55\x9F\x8D\x60\x51\x05\x7A\x98\xCC\x74\xBF\xD2\xC4\x10\x02\xE9\x0A\xDD\xA4"
"\x93\xAB\x5C\x23\x76\x78\x20\x57\x56\x92\x8F\x53\x4D\x7E\x15\xF6\xE3\x5C\xDD\x50\x19\x36\x31\x37\xFC"
"\xA0\x8F\xCB\x9B\x97\x4A\x03\xFE\x88\x3D\xA6\xD6\xD0\x6D\x00\x47\xFF\xDE\x9B\x00\xB9\x08\x0E\xB3\x22"
"\xD8\x6A\xF4\xF0\xEA\x84\xC4\xFA\x6B\xB3\x09\x7B\x0A\x01\xA1\x86\xB2\xBD\xBD\x70\xAB\xCF\xE2\x37\xCD"
"\xDB\xFB\xC7\xEF\xDF\xBF\x21\xA2\x05\xE3\x9B\x97\x0D\x5A\x93\x1B\x1B\x97\xB0\xE5\x70\x2F\xDC\x9E\xA4"
"\xDD\x35\xB4\x75\x5A\x0C\xF9\x40\x7A\x14\x50\x54\x5F\xDE\x2D\xE7\x38\xFA\x2F\xAA\x5F\xA8\x78\xBB\xBB"
"\x3B\xC5\x8D\x58\x98\x53\x69\x81\x8E\x31\x78\x8E\x25\xC0\x81\x2C\x38\x98\x44\xD0\x63\xBC\x12\xE2\xC2"
"\xF6\x73\x27\xB9\xF6\xAC\x87\x7A\x7F\x3F\x24\x23\x76\x78\x33\x03\x08\xD5\x56\xCE\xD2\x62\x3E\x6F\xE8"
"\x2A\xB8\x4E\xBC\xC0\xDD\xD8\xE8\xAF\xD0\x50\xD6\xF1\x08\x74\x8C\xA2\xCA\xF4\xD6\xA7\xEA\x81\x9C\x57"
"\x36\x6F\x8D\x27\xDB\xA7\x00\x37\xEF\x3B\x0A\x70\xFD\x47\x71\x8C\x95\xB2\x20\x40\xC4\x2B\xCB\x57\xAF"
"\x66\x99\xEA\x71\xC1\x9E\x3C\x05\x0D\xDF\xC3\x62\x36\x01\xFD\xDF\x1D\x69\x2D\x67\x68\x85\xBE\xBD\x89"
"\x36\x74\xA9\x95\xA4\x90\xB4\x3A\x04\x0B\xC4\x43\x2F\x5A\xA5\x89\xEF\x3D\xCB\xDF\x72\x63\x15\xC2\x4D"
"\x14\x27\x80\xA8\x79\x78\x78\x7B\x80\xD0\xDF\xB0\x5A\x1C\x44\x21\x84\xE7\x1B\xF9\x97\x8E\x71\xE9\x56"
"\x2C\xB4\x93\xB8\xB6\x05\x58\xA5\x36\x24\x21\x95\xF1\x9C\x24\x66\xEC\xFF\xA6\xD0\x00\x71\xB0\xE4\x47"
"\x6F\x65\xBC\x12\x54\x22\xF0\x93\xE6\x82\x65\x14\xC5\x5F\xFB\xA7\x0A\x5B\x4E\xC3\x56\x85\x96\xAC\xC1"
"\x16\xEA\x08\x57\x5E\x49\x94\xEF\x1D\x09\x3C\x58\x17\x47\x33\x72\xE4\x83\xA1\x06\xD2\x64\x51\x03\x55"
"\x92\x5E\xD9\xDE\xB2\xA5\x19\x42\xAA\x8E\x16\x71\xC9\xC1\x60\x16\x06\x9B\x1F\x15\x2B\x3E\xFC\xBE\x03"
"\x05\xEF\x25\x1C\x41\x3B\x51\xFF\x72\x8E\x45\x0C\x48\x28\xDE\x16\x34\x7D\xDC\xA9\x09\x2B\x68\x25\x1D"
"\x5B\xCC\xA7\xAD\x86\x90\xE8\x23\x8F\x34\xFE\xCF\xD7\xE7\x66\xF1\x85\xAD\xD3\x65\x18\x84\x35\x68\x1A"
"\x5C\xA9\xDD\x0E\xB2\xF6\x90\x32\x94\x03\xE5\x7B\xE9\x7D\xB1\x4A\xE0\x2E\x1E\x1F\x75\x7D\x8C\x10\x99"
"\xF5\x96\xAB\xBF\x3A\x35\xC1\x11\x67\xE6\xC2\x6D\xA1\x05\x1A\x6F\x27\xF0\xD3\xC3\x61\xC8\xF7\x5A\x65"
"\xBD\x4D\x65\x98\x69\xFA\xAC\x1F\x95\xF1\xED\x88\xC8\xA3\xEE\xB0\x10\x69\xD1\xFA\x3E\x54\xA2\x2B\x6B"
"\x23\xB2\xE4\x32\x63\x64\xF4\x98\x46\x87\x4E\xED\xD8\x95\xDB\x01\x1B\xF4\x6E\x22\x7C\x59\xBA\x35\xF4"
"\x3F\x37\x14\xDB\x5A\xBC\x5A\x2F\xF0\x1B\xB0\x7C\x9F\xD3\x01\x20\x5B\x63\x3A\xD3\x2A\xFF\xD6\x94\x17"
"\x77\x2F\x10\x23\x9C\x30\x23\x1D\x9E\x5F\x39\x66\xBA\x63\x2D\x74\xEE\x3E\xB8\xD2\x70\xC9\xED\xD7\x6A"
"\x5E\x71\x11\xF1\xCA\xF6\xB2\x73\xFB\x00\x2E\x10\x05\x87\x31\x2B\xF3\xBE\xE6\x32\xB3\x7D\x76\x59\x63"
"\xE4\xDB\xB5\xAD\x84\x6A\xAF\x34\x0B\x2E\xEE\x0E\xD9\xA6\xBA\x3E\xF6\xC5\xE2\x59\x2B\x46\x46\xE1\xAC"
"\x33\x2C\x75\xE2\x66\x43\xD0\xD1\x01\xE7\x95\x72\x97\xCA\x50\x02\x8A\xB5\xC0\xB5\x10\x6D\x7F\xD9\x30"
"\x18\x44\x61\x89\x0E\xB8\xB1\xC0\x50\xD8\xAC\xDC\xD0\xB1\x85\x4D\x5E\x78\x5C\x90\x8D\xAF\x6C\xD4\x7A"
"\xB2\x79\xDF\x30\x0F\xD9\x70\xB1\xF4\x9B\x97\xF6\x37\x00\x7D\x2F\xB7\x0B\x44\x2B\x90\x97\xA2\x40\xE8"
"\x1E\x04\xB8\xD1\xAE\x51\xC0\x3F\xEE\x7E\x42\x74\x25\x7C\xE4\x0D\x10\xC2\xB0\x56\xC9\xB7\x9F\xF8\x98"
"\xFD\xBE\x67\x40\x42\x11\x73\x33\xE4\x9F\xAD\x82\x23\x04\xC9\x2F\xAA\x37\x4A\x80\x9B\x87\x07\x85\xE6"
"\x7F\x36\xDC\x0E\xA9\x15\x73\xD8\xDD\x07\x9D\x9E\xA6\x9C\xEC\x6E\xF3\x80\xA9\xC3\x8E\x26\xC5\x71\x87"
"\x8D\x72\x6C\x24\x35\xB6\x7A\x40\xF1\x04\xD9\x26\x0B\xB9\xD7\xEE\x18\xEB\xAC\x96\x95\xA9\x14\x47\x85"
"\xF8\xD1\xAA\x28\x41\x1B\x88\xCA\xEA\x45\x6A\xFB\x6F\x03\x52\xAD\x70\xBF\xAE\x29\x31\x43\x6C\xD5\x46"
"\x2B\x56\xF9\x80\xA8\x6F\x50\x34\x24\xBB\xC8\xD5\xAD\xE4\xA1\x68\xA1\xE9\x4F\x10\xD2\xFD\xDE\x28\x7A"
"\xB3\x18\x7A\x79\x08\x67\xA8\x47\xB8\xFF\x3F\x9C\x64\x87\x16\x62\x20\x70\xC3\xFD\xE7\x2F\x9C\x65\xC2"
"\xF0\xD7\x0D\x37\x55\xDC\x68\xF9\x5B\x46\xD8\x60\xFE\x75\x36\x47\x6A\x62\x6E\x84\x90\x2B\x39\x77\x3E"
"\x81\xD5\x8B\xD6\x61\x2F\x1D\x04\x43\x05\x7F\xC1\x82\xF1\x07\xED\x28\x85\x6B\x5A\xBC\x3C\xBC\x4F\xA3"
"\x09\x6E\xB5\xA2\x8C\xAE\x4C\x7C\x71\xE6\x05\xFE\x32\xDC\xC4\x70\x24\xB1\x99\xB4\xC4\x3A\x92\x7A\xFB"
"\x56\x78\x70\x14\x4D\x33\x1F\x5E\x68\xDD\x0F\x9B\x41\x80\xEE\x0C\xA9\x81\xD6\x17\x1D\xAA\xC7\xC2\xED"
"\xE0\x56\xB1\x47\x48\x7D\xE5\xCB\x35\x30\xE8\x6F\x69\xB6\x91\x23\x15\xC4\xC9\xA5\xBE\x59\x24\x2C\xAE"
"\xC2\xBD\x92\xDC\xD8\xF8\xEC\x9B\x6C\xFA\x81\xD0\x78\xA5\x06\xC8\xE6\xC8\xE1\xD2\x67\x98\xDB\x58\xC8"
"\x3B\x73\x5D\x2B\x6D\x1A\xCF\xEF\xE2\x0D\x93\x24\x93\x96\xC0\x0F\xDB\x1F\xD3\x67\xC3\x08\xA9\x19\x3A"
"\xCC\xCC\xED\x74\x78\x75\x86\x25\x40\xAA\xED\x42\xBB\x22\x7D\xF9\xF5\x1B\x23\x4B\x7A\x16\x34\x62\xD0"
"\x29\x80\x4D\xA4\x55\x04\xB0\x98\x8B\x6F\xAA\x30\x03\x99\x1B\x2E\xD6\xF2\x80\x38\xF5\xB6\x84\xAB\xA3"
"\x93\xFC\x09\x43\x50\xB7\x79\x00\xCF\xE7\x81\xE8\x42\xF0\xCC\xBA\xB2\x55\x38\xFA\x8C\x82\x3A\x51\x6D"
"\x7A\x48\x50\x07\x48\xAD\xE2\x43\x05\xA2\xDF\x6D\xEA\x1C\xD6\x07\xFA\x8A\xE0\xC0\xB5\x81\xF2\xE0\x3C"
"\x4A\x6D\x0B\x86\xE8\x30\x06\x8C\x9D\xAD\x0D\x02\x19\x09\x10\x71\xE0\x7A\xE7\x02\x44\x91\x7D\x1B\x9C"
"\xCA\xEE\x7D\x63\x99\xDA\xFB\xCA\xE8\x05\x39\x11\x38\x9F\x9C\x36\xEC\xB1\x09\x11\xA5\x94\x10\x2A\x73"
"\x03\xA4\xD0\x87\x8A\xD7\x1B\x4B\xED\xB6\x5B\x7B\x26\x6F\xDA\xD5\xFC\xB6\xB2\x1C\x07\x46\xF1\x61\xA3"
"\xE8\x79\x69\x06\x97\x85\x1D\xD8\xC0\x74\xC2\x76\xF5\x0F\x1D\x14\x94\x1F\x52\x3A\xE2\x36\xCA\x0E\xE9"
"\x7D\xAB\x9E\x23\x70\x83\xA5\xE6\x70\x6C\xDD\x43\x7D\xD5\x1A\xD8\xD4\x48\x5A\x02\x5F\x5D\xAA\xDA\x5E"
"\xF8\xD5\x14\x15\x56\xB6\x35\xF9\x5D\x4C\xAA\x39\xFD\xCB\x30\x2F\xD3\xC3\xDC\x84\xC8\xA0\x9A\x00\x89"
"\xCE\x3B\x14\xA8\x31\xBC\xA9\x9A\x5E\xDD\x38\x37\x3E\x63\xAB\x2A\x3B\xE3\x4D\xC3\x17\xDF\xED\x75\xC3"
"\x2F\xA6\x7A\x2F\x5C\xCE\xBA\xD5\x96\xD6\x95\x36\xDD\xC2\x11\xEC\x88\xDB\x7A\x47\xE7\x5D\xB2\x84\x86"
"\xFD\xF9\x98\xDD\x82\x12\xB5\x97\xB2\xE1\x8B\x86\x5B\x73\x33\x66\x7D\x07\x23\x0B\x9F\x0B\x1D\x50\xE4"
"\x1F\x04\xAB\xC2\x96\x5A\x96\xB7\x62\xA2\x42\x7F\xF4\x8A\xAA\x18\x45\x87\x25\xCD\x80\xE2\x3C\x28\x5B"
"\x84\xFC\x7E\xFF\x9E\x4F\xFF\xD7\x52\x78\x8D\x56\x10\xA0\xAF\xD1\x84\x8D\xD3\x76\x73\x95\x91\xFC\xA9"
"\x9F\x63\xED\xA0\xCA\x76\x2D\x1B\xD4\xAE\x10\x99\xA5\x27\x5C\x85\x85\x20\xB6\x87\x1D\x54\x05\x6A\xC9"
"\xE3\xCB\xC8\x44\xB8\x9A\x35\xD5\x02\x8E\x50\xCA\xB7\x97\x2E\xF3\x3A\x3F\xEC\xB2\xD2\x72\xA8\xD4\x88"
"\x82\x3D\xED\xE1\x5E\x18\x1D\xB8\xC6\xFA\xB4\xFC\x4A\x64\xBB\xD3\xB1\x0D\x0A\xC8\x52\xCE\x1A\x6A\x9F"
"\x26\x77\x0B\x93\x7D\x02\xCD\x9E\x3F\x72\x1B\xF8\x4B\x67\xF2\x8D\xC8\x19\x2D\x17\x5D\xAE\x7E\x19\x7C"
"\x77\x32\xF8\xC1\x99\x70\xB4\xDA\xFE\x39\x23\x91\x11\x90\x86\x38\x98\xB0\x92\x92\xDA\x46\x67\x7F\x65"
"\xDD\x3E\xFB\x8C\x0D\x7B\x05\x3A\x56\x76\x5C\xBA\xB0\x5F\x38\xDD\xC3\xA2\x8B\x95\xB3\x89\x52\xC3\xF4"
"\x2C\xCA\x47\x32\x45\x85\x71\xC6\xD1\x91\x36\xB6\xB6\xA1\x52\x56\x5F\x13\x9A\xAA\x06\xB9\x01\xAA\x32"
"\xE7\xDD\x27\x75\xAA\x46\xD3\x05\xD8\xB5\x8A\x22\xF4\x6F\x98\x9F\xD8\x8C\x7E\xE1\xB1\x8B\x76\xAB\x84"
"\x76\x54\xFB\xFF\x58\x15\x69\xB1\xBA\xE1\x94\x2A\x67\x18\xD5\xA7\x92\xE0\xD8\xE8\x8F\xF1\xB5\x33\xF2"
"\xEA\x02\x49\xAA\xE4\x77\x69\x7B\xE4\x51\x21\x84\xDF\xA5\x02\x6D\x29\x45\x16\x6B\xA8\x7F\x34\x94\x28"
"\x21\x3C\x80\x9B\x07\xD5\xD3\xCF\x3B\x55\xFD\x98\xB9\x46\xBD\x6C\xDC\xD6\x77\x73\x15\xA9\x5F\x38\xB7"
"\xAA\x73\xBF\x58\x58\x06\xA8\x50\x9C\xD9\xE1\x76\x69\xDB\x21\x17\x32\xAF\xC8\xAC\x77\x84\x34\x2D\xE9"
"\x84\x51\x64\xA8\x34\x5F\xE0\xF5\x02\xED\xBD\x55\x51\xB0\xEA\xA7\x22\x1D\x36\xF7\x51\xA5\xD6\xED\x14"
"\x0A\xBD\xC3\x2F\xF8\xD8\x9A\xE7\x5D\xD6\x15\xC2\xCA\x3F\x36\x92\x6B\x82\x1A\x86\x8C\x03\xAB\x80\x49"
"\x67\x00\x74\xED\x3B\x36\xEA\xC2\x61\x2E\x65\x08\x00\xC2\x5A\x83\xA6\x3D\xE6\xD7\x69\x0C\xED\xCA\xD8"
"\x9C\x93\x1F\x59\xF8\xC8\x7F\x34\xC9\xC9\x1D\xDA\x43\xAF\xAB\x87\x57\x6D\x91\xBF\x67\x51\x75\xA5\xE5"
"\xC0\xC0\x46\x6E\x2C\x8C\xD9\xC0\x16\xB2\x10\xB3\x15\x16\x08\x42\xB0\x12\x0E\x80\xD0\x73\x34\xE6\x20"
"\xC6\xFE\x97\x6F\x98\xE4\x62\x91\xD5\x42\xC0\x9D\x63\x1D\x1E\x08\x3A\x54\xA5\x96\x5A\xF8\xE7\xC8\xCF"
"\x5B\xEB\x40\xC0\x84\xC5\xEF\xE9\xB8\x31\xD6\x6D\x0F\x5B\x1A\x23\x71\x3F\xEE\x06\x84\xBD\xE0\xD6\x2C"
"\xA6\x3B\x66\x80\x62\xE4\x50\x79\x33\xC8\xB5\xEF\x9E\x01\xA0\xA2\x11\xD2\x0C\x56\x85\x4D\x72\x09\x19"
"\xFE\x9D\xD5\x18\xAD\x6A\xAE\x6D\x18\xA9\x30\x9E\x55\x44\xE7\x36\x70\x6C\xDC\xB5\x70\xFD\xD1\x51\x5A"
"\x93\x35\xC7\xCB\x07\xDC\x2C\xFA\xC6\x65\xFF\x18\xC3\x81\xDE\x7C\xC3\x36\x91\xFD\xFD\x1A\xBB\xE6\xE7"
"\xCC\xB1\x98\x5D\xAD\xB8\xF1\x7C\xFB\xE2\xF2\x93\x42\x29\x14\x54\xFF\x73\xDB\xB9\x6C\x21\xFB\x1E\x3E"
"\x1E\x26\x67\x77\xF7\x0F\x5C\xFD\x8D\x30\x47\x02\xDC\xFA\x0F\x2C\x54\xBF\xB1\xF4\xC6\x38\x16\xBB\x30"
"\x89\x0F\xE7\x45\xAF\xFC\x1B\x3B\x80\x98\xF7\x2B\x06\xD3\xB8\x8C\xB6\x52\x56\xD6\x7C\xF4\x35\x3F\x32"
"\x48\x45\x87\x7F\xAB\x5D\x10\x9D\xA0\x1B\x1F\xEC\xD2\x63\x50\x19\xA6\x2A\x85\xE5\xAB\x58\x32\x18\x42"
"\x03\x15\xF0\x49\x04\xD7\xB5\x59\xC1\x94\x68\xF6\x76\x24\xC2\xA5\xC6\x16\x36\xAB\xA6\x5D\x05\x66\x33"
"\x6F\x73\xA9\x8D\xDA\x18\xC8\x8D\x26\x73\x3C\x0E\xA3\x5E\x55\x43\xCC\xCA\x4D\x16\xFD\x14\x92\xEF\xE3"
"\x7E\x89\x42\x0B\x5A\x1C\x80\xAB\x3C\x6B\xB9\xF7\x86\xB9\xD9\xE6\x4D\x7B\xE7\xAD\x69\xB7\x32\x31\xBC"
"\x3D\xAC\xC4\xF4\xF1\x0E\x92\x40\xB4\xC6\x17\x08\x49\x58\xFB\x87\x9A\xBE\x59\x16\xB2\xD1\x10\x26\x56"
"\xFD\x71\xCB\xF5\xDA\x3A\x7E\x8F\x1C\x8A\x7B\xA5\x8A\xAF\xDE\xDE\x2D\x6D\x41\xBC\xC9\xE9\x1E\x05\x6E"
"\x74\x0D\x8C\x65\x46\xA2\xED\x30\x6E\x34\xDB\xCC\x67\x8C\x7F\x95\xC7\x17\xA9\xA5\x76\x86\x55\xAE\x0F"
"\x2B\xAA\x6C\x40\x9A\x5F\x45\x69\x00\xDE\x5A\x0D\x8F\x56\x60\x74\xAE\x08\xAF\xC2\xC8\xBA\xF5\xD4\x5B"
"\x31\x53\x11\x22\xA8\x42\x60\xE5\xC0\xD6\x81\xA3\xBD\xDA\x7E\xFF\xEF\x45\xBA\xE3\xDC\x6B\x8C\x7C\x4A"
"\x08\x42\x58\x3C\x27\xE2\x62\xAC\x7F\x9C\x45\xA8\xFA\x38\x92\xEF\x1E\x3C\x63\xAB\x8F\x05\xD6\x8B\x48"
"\x88\x60\x15\xA2\xF9\xA7\x3F\xDE\x22\x86\x93\x6F\xA5\x10\x59\x89\x87\x70\x38\x69\xBE\x42\x95\x05\x8D"
"\x11\x56\x5A\x99\x9E\xA9\xB4\x2A\x51\xB3\x1E\xA3\xAA\xA9\xF1\xCC\xA3\xF1\xF7\xF6\xFA\x46\x27\xFD\xF8"
"\xF6\xB6\xD3\xCF\xE0\x7C\xBF\xEF\x27\xA7\x76\x42\xDA\x54\xA8\x75\xD5\xF1\x35\x20\xA3\x74\xB6\xEA\xB2"
"\x05\x1F\xDD\x48\x35\xE5\x95\xA6\x26\x2B\x23\x3D\xA6\x7F\xB4\x14\xD9\xD0\xAB\x02\xC2\x0B\x52\x40\xC9"
"\x62\xF6\xF1\xC4\xE0\x0E\x3E\x04\xAA\x96\x49\xC8\x0F\xBD\xDB\x09\x31\x56\x07\xC4\xF2\x61\x03\x34\xC6"
"\x5C\xF2\xAC\x23\x0C\xC6\xCB\x63\xDF\x86\xB6\x6F\x03\xCF\x82\x48\xAE\xB1\x56\x0E\x09\xFC\x07\x82\xBC"
"\xF4\x8C\x7E\x77\xCE\x06\xD1\x27\x09\x8A\xCD\x8D\x6E\x3D\xBC\xD3\xF9\xD4\x5F\xD0\xA5\x85\x7C\x2B\xEC"
"\xE1\x5E\x45\x54\x7C\x1D\xC9\x08\x3B\x78\xDD\x21\x57\x55\x0C\x4B\x72\xE8\xE6\x97\x00\x94\x3F\x22\x6C"
"\x86\xB2\x2E\x25\xEB\x37\x05\x46\xF3\x49\x58\xDE\xD3\x86\xE9\x2C\x30\xC7\x5D\x49\x2F\x0E\x46\xB0\x0E"
"\x4B\xBE\xAC\xE0\x67\x04\xD9\x24\x7A\xAA\xF2\x4E\xD0\x4D\xDB\x8C\x44\x3B\x4E\x84\xAE\x9B\x2C\x9D\x59"
"\x76\xE5\x38\x89\x2C\x10\x91\x3C\xCC\x60\x2C\x8F\x5E\x5A\xFD\xA2\x0E\x2B\x7F\x44\x2B\x26\x47\x45\x0C"
"\x89\x57\x64\x34\xDC\x6C\xFB\x47\xE4\xE8\x6B\x3B\xDC\x99\xEA\xAA\xCA\x4A\x82\x4D\x44\x4A\x81\x23\x7D"
"\xD6\x43\xF9\xDD\xA8\x3C\xEF\x66\x7B\x8E\xC4\xED\x56\x1E\x4F\x43\x78\xD8\xCC\x47\xA9\xC1\xC3\x58\xEE"
"\x8C\xCC\x76\xBF\xA3\xCA\xD9\x07\x02\x3E\x6B\xF1\x2D\x3D\x7A\x59\x86\xCE\x1B\xBB\x1F\xCF\xAF\x0B\xB5"
"\x4F\xB1\x7D\xCA\x2C\x23\x8C\xE6\x66\xFE\x2D\xEA\x70\xA5\x26\x0A\xB2\xE5\xB7\x7E\x2E\xED\xCE\x94\xD6"
"\xB6\x81\x9F\x37\x65\x34\x57\xFB\xB4\x4A\x18\x3A\xD0\x4F\xA1\x1C\x75\x5D\xD7\xBE\x71\x41\x53\x24\xDE"
"\x7D\x2B\x58\xD2\xCF\xAF\xC3\x94\xB0\x31\xD4\x62\x1C\x10\x93\x5F\x85\xB7\x40\x0B\xD6\x73\xFF\x42\xA7"
"\xBB\xEF\xCA\x4C\x7E\x11\x21\x68\x55\x5D\x75\x53\xFF\x55\xD5\x71\x6D\x3B\x27\xBC\xB2\x0A\xF2\xB5\x35"
"\xCD\xB7\x33\xAE\x12\x0E\xB4\x3A\x1C\x99\x61\x18\xB3\x67\x86\xC7\x60\x9B\x25\xEC\x2D\xCB\x34\x8A\xEF"
"\x76\xEF\x3B\x0B\x99\xCD\x6B\x53\x05\xE5\x7A\xD6\x01\x37\xC7\xF6\xF9\xE3\xD2\xE8\x89\x88\x16\x79\xB4"
"\xDA\xE2\x8A\xD5\x6D\xEC\x91\xEB\xDB\xD5\x5E\x05\x18\x36\xA5\x57\x1C\x6F\x11\xAE\x2A\x2F\x05\x26\x01"
"\x3E\x35\xB4\x79\x0D\x8D\x96\x86\x3A\xBB\x7E\x4C\xF3\x1C\x84\x98\x94\x86\x63\xE5\x71\x1F\x6A\x2D\x5A"
"\x68\xC5\xD5\xC6\xC6\x9A\x7B\x47\x0E\x44\xC9\x64\x42\xD6\x28\xA1\xBD\xCD\x01\x20\xEA\xD4\xF2\x99\xB8"
"\x22\xB5\xFC\x84\xA7\xE3\xCA\x9A\x86\xAC\xDB\xA0\x24\x66\x90\x28\xC9\x4F\x88\x99\x4B\x8B\xA8\x90\x63"
"\xC0\x43\xC3\xAB\xC3\x4E\xF6\x26\x2F\x4B\xAE\x25\x95\x2D\xF4\x90\x18\x9C\x9D\xE6\x8E\x37\xDE\x57\x41"
"\x88\xC8\x6A\x83\xC1\xE3\x20\x66\x14\x69\xD7\x7F\xB0\xA2\x0E\xF0\xB5\x57\x4E\x73\x41\x6E\x9C\x09\x7D"
"\x65\x27\x4F\x75\x2E\x3C\x01\xF4\xF6\x1E\x16\xEF\xD4\xC0\xD0\xEC\x30\xA0\xA9\x45\xAF\x95\xAF\x13\x11"
"\x19\x07\x3A\x3F\xBC\x67\x30\x1A\x0E\x6C\xCA\xA6\xF2\x81\xA9\xBA\x08\xF5\x13\x5A\x4E\x23\x1A\xD0\x28"
"\x0E\x0F\xF1\x35\xD9\x41\xE1\x4D\x18\xC6\xD8\x9C\x5B\xA1\xF6\x86\xD2\xE5\x81\xB9\xA5\xDA\x37\xA8\xEA"
"\x30\x4B\x07\x35\x06\x95\x32\xEC\x19\xF8\x62\x57\x91\x99\x19\x76\xAC\xF4\x21\x8A\x86\x13\xCF\x8A\x56"
"\x7D\x12\x13\x2B\x5E\x8D\x9E\x5D\x11\x15\x01\x2C\xB6\x14\x92\xF5\x87\x4C\x31\xF3\xF4\x63\x45\x74\x1B"
"\xB6\xE7\xFE\xA2\x3B\x60\x21\x8C\xA4\x4D\xCC\xA4\x15\x28\xBE\x33\xD2\x5E\xAD\x37\x01\x68\xB8\x5D\x4B"
"\x03\xB7\xDC\x51\xBF\x7A\x7D\x43\x88\xA9\x6A\xC2\x2B\x7B\x03\xFC\x91\xF7\x05\x4A\x5D\x0B\x0A\xB0\xA7"
"\x47\x8F\xF5\x0C\x95\x1B\x33\x60\x3A\xD4\x38\x82\x72\x5D\xE7\x32\xF5\x95\xF5\x42\x44\xBA\x2D\x22\x38"
"\xB5\xD4\x2A\x33\x48\xA9\x95\xA5\x80\x65\xC6\x02\x8E\x46\x14\xCA\xFA\x9F\xF4\x8A\x14\x32\xC0\xE1\x4B"
"\x80\xC6\x21\x60\x12\x1B\x85\xFE\xB9\xAD\x0E\xCF\xDB\xFC\x90\x3E\x57\x87\x73\xEC\x7B\x85\x35\x1F\x64"
"\x25\x36\xB7\x18\x63\xF3\x38\x1C\x09\x16\x8A\x54\xBE\xE4\xC6\xAA\x99\x57\xF2\xDA\x5A\x95\x91\xFD\x33"
"\xFE\xE7\x52\x94\xF0\x49\x58\xE6\xC0\x09\xAE\xD7\x39\x85\xC5\x7A\xF6\x96\xEE\x19\xC1\xC8\x8E\x11\xC9"
"\x2A\x84\xD0\x1B\x41\x35\xD7\xE1\x00\x2F\xC9\xAC\xC7\xFF\x31\x74\x7C\x45\x0D\x66\xC9\xFA\x02\x74\xF6"
"\xFD\x05\x02\xFC\x99\xD8\xB9\xAD\xCD\x64\x59\x04\x88\xE3\x51\xDA\xC0\xB0\x11\x50\xD4\xCE\x56\x7E\xD8"
"\x3C\x08\x3E\x5A\x15\x4A\x2A\x27\x8E\x31\xB8\x07\xFD\x6A\x7D\xAD\x31\x38\xE6\xC2\x95\x43\x23\xD5\x13"
"\xD1\x67\x4D\x1E\xF6\xCA\x39\x7C\x93\x5D\xA9\x7A\x64\x32\xF9\x6F\x61\xBB\x3E\x2C\xCE\x48\x8E\x17\x97"
"\x1A\x56\x87\x72\xAB\x3C\x81\x0E\x24\x18\x3A\xFC\x03\xF3\x88\x7E\xA2\x69\x19\x61\x15\x51\x81\x88\x06"
"\x83\x53\x2D\x73\xC0\x96\x9F\x1D\x19\xC6\xFE\xBC\x12\x5A\x05\x09\xBD\x33\xFD\x55\x57\x78\xC7\x3A\x58"
"\xD7\x8E\x62\x46\xA3\xD5\xF3\x2C\x3F\x3F\xAA\x61\xB5\x64\xC7\x00\x0E\x48\x39\xE2\xEF\x97\xF7\xF9\x64"
"\x64\xED\x0F\xAB\x11\x78\xBF\x92\xAB\x1F\xBC\x95\xA9\x26\x45\xE9\x84\x02\x1A\x61\x8B\xF3\xC2\x17\x04"
"\x07\x4E\xFB\x42\x80\x30\x63\x20\x3B\x6C\x01\xA1\x0C\xAF\x79\xC4\xFF\x85\x17\x4E\xBB\x69\xE3\xDA\xC8"
"\x56\x95\x98\xF8\xFC\x86\xC7\xCD\x8D\x54\xCE\xE4\x14\xC5\xC1\x0D\xD7\x7F\x43\x6F\xD3\x6E\x8C\x16\xD7"
"\xDD\xE4\xDD\x9E\x72\x90\x66\x8E\x13\x87\xE1\x87\xAD\xCE\xA9\x33\x03\x00\x20\x99\x89\x42\xA1\xB9\x39"
"\xD3\xF4\xFF\xC4\xD0\x58\x22\x8A\xFE\x60\xCF\xED\x0F\xC2\x68\x4B\x55\xE8\x81\x4D\x01\xF5\x1F\x3E\x51"
"\xB1\x07\xDD\x37\x26\x81\xC0\xC3\x90\xA6\x23\x34\xEF\xDE\xDF\x3F\xE6\x17\xE2\x83\xAC\x15\x65\x14\x6E"
"\xC6\x2B\x5F\xFB\xED\xBE\xB0\x16\x32\x8E\x8A\xD8\x1A\xAF\x0C\x7D\x89\xC6\x53\x6D\x6F\x78\x8E\xDA\x02"
"\xFD\xCE\xAD\x7C\x0F\xC9\x7B\x28\xFA\xA1\x56\xFB\x68\x64\x5B\x5D\xB9\xD4\xA7\x14\x8D\x07\xBA\x04\x73"
"\x83\x01\xDE\x86\x09\x1B\xCF\x56\x76\x71\x61\x0C\x6C\x71\x4B\xD1\x0D\xBF\x6A\x3B\x47\x4D\xEA\xAB\x8E"
"\x30\x84\xA8\x29\x05\x32\x7D\xD2\x81\x69\xA5\xB7\x2D\xF5\xE5\x6C\x0E\x0E\xC3\xD0\xD4\x11\x84\x48\x08"
"\xB6\x33\xEB\x55\x43\x94\x88\x74\x10\xEA\x5C\x59\xC8\x68\xD3\xFF\xC8\xA4\xE1\x56\x16\x0B\xB9\x56\xAD"
"\x24\x01\x25\xA3\x44\x27\x01\x6E\x58\x4E\x05\xE6\xE6\x71\xB1\x56\xBD\x91\xC3\x28\x14\xF0\x86\x80\xAF"
"\xE5\x07\x16\x38\xF9\xBD\x55\xC6\x32\x6E\x13\x04\x55\x13\x3A\xBC\xA5\x85\x69\x4A\x82\xAB\x5B\xE5\x70"
"\xAD\x2D\x62\x1D\x19\x82\xBE\x35\xD6\x49\x95\xB1\x6A\x0D\xC3\x56\x34\x85\xB5\xB1\x9F\xAB\x4B\x7E\xC5"
"\x39\x91\xFC\x82\xDD\x0D\x1A\xFE\x41\x54\x36\x45\xD8\x30\x9F\x5E\xA8\x14\x94\x57\x4D\xB7\xD5\xA5\xEB"
"\x91\xC2\x6A\xA2\xA0\x2D\x38\x40\x66\xDC\xFC\xAC\x19\x1E\x0D\x98\x55\xF9\x41\x05\xCB\xEC\x08\xE5\xC5"
"\xB7\xBD\xBC\x94\x6D\xFC\x4A\x56\x5E\x20\x56\x28\xC0\x4B\xC4\x3A\x20\x05\xBD\xBC\xF9\x06\x0E\x6D\x34"
"\x31\xFE\xFD\x7E\x5B\xC4\x33\x81\x55\x49\x7E\xC7\x3E\x08\x22\x44\xBA\x5D\xB0\xF9\xA0\xF2\xF0\x67\xF3"
"\xE2\xA9\xF0\x12\x6B\x0B\xD7\xDA\x3A\x84\x0D\x90\xF8\x63\xCD\x8A\xEB\xEA\x01\xFB\x81\x46\x36\x44\x5A"
"\x69\xDD\x19\x9D\xED\x80\xAD\xE1\xCC\xA0\x1D\xB8\xA0\xB2\x76\x6C\x8F\x0D\x70\x09\xBC\x59\xA8\x9D\x44"
"\xBF\x79\xA5\x65\x9B\x82\xE0\x9A\x35\xE4\xC2\x89\xAA\x19\x15\x6E\x39\xAD\x2F\x4C\x6C\x4C\x61\x4C\xA9"
"\x55\x76\xB4\xD0\xD9\xB7\x25\x59\x30\x69\xBB\xAF\x03\xB9\x5A\x58\x7A\x50\xFC\xDD\xF3\x4B\x7D\x38\x25"
"\xF0\x0B\xC8\xFF\x66\xA1\xC1\x3C\xCE\xAA\xBF\x78\xE3\x73\x03\xF3\x67\xE3\xB0\xAA\xF9\xA6\x9F\xF9\x86"
"\x56\xE2\x1D\x7F\x10\xE7\x92\xE7\x68\x29\x4D\x7E\x02\x73\xCF\xB5\xA6\x98\xB7\x5B\xAF\x8D\x50\x94\x90"
"\x85\xAD\xD2\x35\x56\x0D\x96\x92\xE0\xD6\xD8\xAA\x89\x8D\xD6\x37\x97\x18\x32\x6C\xAB\xB0\xD7\x9C\x07"
"\xB7\xD6\x31\xBA\xAC\x42\x99\xC0\xDA\x63\xB0\x63\xA9\x16\xCC\x5C\xD7\x36\x80\x50\x58\xBA\x1F\x55\xBE"
"\xC7\xA2\xD6\x77\xD8\x93\xB4\x3E\x24\xA4\xC8\x92\xCE\x77\x31\x1A\x53\x93\x4E\xBC\x01\xAF\x85\x1E\x22"
"\x29\x3A\xBE\xD5\x96\x7D\xFB\x30\xA9\xD3\x0F\xB4\x70\xB5\xFC\x5A\x87\x50\xD0\x1F\xB1\x90\x10\xDA\xC9"
"\x29\x08\x80\x90\x6E\xDE\xBE\xAE\xD8\x86\x6D\x3B\xBC\x61\x41\x3F\xCD\x87\x72\x23\x41\x27\x26\xC3\xC6"
"\x69\x41\x2F\xCD\x5A\x19\x1F\x24\x6D\x81\x26\x0B\xA7\xBF\xC9\x7C\xFE\xF1\xE7\x17\x5C\xED\x83\x8C\xA0"
"\xB2\x36\x79\x12\x44\xE0\x2A\xC8\x20\xD4\x41\xC1\x11\xB1\xF5\x0B\xC0\x09\x2F\xBF\x67\x80\xC2\x58\x22"
"\x57\x6A\x73\x96\x46\x08\x58\xB1\xAC\x2A\x4F\xFE\xAD\x78\x60\x2E\x24\xA5\xA9\x14\x49\xF7\x30\x2C\x0C"
"\xF7\x81\x05\xFD\xA1\x22\x2A\x9B\x1E\xB8\xED\x91\x59\xB0\x6B\x3B\x50\x62\xF1\xCD\x8D\x0E\x48\x1B\x71"
"\x8C\xAC\xD1\x87\x8D\xA1\xF9\x4D\x71\x18\xBA\x6B\x05\xD3\xB2\xA9\x25\xBF\xA6\x6E\x6A\xD5\xFB\x29\x45"
"\xC8\x8E\xB3\xA3\x89\x6A\x35\xA3\x6D\x96\x56\x62\xBC\xB2\x15\xBD\xF4\xD7\x7D\x67\x9A\xB9\x09\x95\xC4"
"\x86\xA3\x26\x59\xDF\xBF\x0A\x36\x8F\x33\xEC\xDB\x1C\xC4\x1A\x89\x43\x7B\xE4\x1D\xCE\x65\x4F\x8C\x30"
"\xDA\x50\x84\xDB\xA8\xD4\x2D\xCE\xF7\x15\xEB\x11\x4B\x22\xDB\xDE\x97\x9B\x87\xFD\xEC\xC6\x8A\x95\x24"
"\x8B\x90\x88\x18\x45\xA3\x5E\x04\xAD\xAF\xB4\xF9\x47\x7B\xBD\x54\x2C\x64\xDE\xC1\x51\x2B\xEE\x38\xA2"
"\xD9\xAA\x59\xE8\xF7\xC4\x98\xBF\x79\x55\x74\x7D\x48\x39\x9E\xC2\x77\xE8\x6A\x62\xEF\xC4\xDC\xB8\x62"
"\x44\x9B\x07\xD6\x16\x9C\x42\x94\xE5\xAD\x63\x61\xD8\x8E\x17\x10\x56\x76\x54\x3E\x4A\xF4\x6E\xA3\x2E"
"\x1F\xE7\xC0\xB7\x9E\x68\xC1\xA8\x87\xAA\x37\x56\x67\x92\xDD\x62\x22\xCA\x54\x76\xB5\xA9\x30\x2E\xC7"
"\x2B\xBD\xD0\x11\x33\xDC\x8E\x12\xF3\xDC\x0C\x27\x6F\xC2\x02\xDB\x20\xFF\x12\xD6\xF2\xF2\xF2\x5B\x03"
"\xAC\xF9\xF0\xFA\x7F\x53\x61\xDA\x66\x2F\x1A\x72\x5A\x09\x99\x40\xD8\xF0\xF3\x52\x85\x2D\x2E\xC7\x40"
"\x62\xF2\xB0\x81\x08\xB1\x3B\xE2\xA6\xF1\x95\x8E\xAC\x80\x32\x8B\x2D\x06\x69\x48\x82\x55\xC1\xB7\x29"
"\x58\x29\x97\x8D\xB5\x55\x5A\x33\x5C\x79\xBC\xAC\x1D\x66\x0A\x5C\xBE\x8B\x2C\xCA\xFA\x02\xFC\x4E\x6A"
"\x63\xE7\xA2\xF7\x37\x0D\x54\x3F\xB9\xF1\xDD\xCC\xF2\x4F\x8D\x90\xAE\xB6\x1F\xC7\x7A\x48\x6D\x6E\x33"
"\x3A\xEA\x11\x17\xEC\x1D\x90\x42\xBE\x36\xFE\x54\x14\xB8\xDB\xB0\xE0\x5A\x6B\x0D\xF3\xD0\x2F\x51\xD3"
"\x13\xE5\x09\x42\x29\xCA\x30\x54\xC5\x4D\x17\xCE\x93\xE3\x55\x59\x9E\x37\x36\xE1\x58\x0B\x6B\xBC\x05"
"\x49\xBD\xBC\x24\x0B\x0D\x97\x05\x72\xFC\xFF\xC7\x15\xF8\xA2\x4E\x4F\x26\x36\xFE\x2F\x08\x18\x4E\xB1"
"\x36\x3F\x2E\x9F\x0D\x74\xF3\x4C\x70\x21\xDA\x21\xF3\x3B\x70\x9D\x5C\x7A\x09\xB4\xD0\x34\xB8\x15\x11"
"\x44\x83\x70\xA5\xE0\x04\x27\xB2\x54\xA0\x4D\x03\x17\x78\xB2\x55\x3B\x64\xD9\x86\xD1\xE0\x95\x1A\x4D"
"\x75\x2D\x67\x4E\xE0\x42\x5A\x04\x0A\xCA\xDA\x60\xF6\xC5\x49\x48\xFB\x9A\xCA\x38\xF5\xB9\x41\xC8\xD3"
"\x1D\x15\xAF\x6D\x29\x79\xD8\x1F\x2E\xD6\xAF\xA1\x48\x33\x53\x12\xA2\x99\xE2\xE9\x31\x0D\xF5\xA7\xCE"
"\xAE\x27\x1E\x63\x3F\xC3\xE3\x2C\x0F\x80\x12\x22\x27\xF0\xD7\x48\x2B\xF5\x5C\xCD\x0E\x8D\x00\xC6\xBD"
"\x37\xDD\xC1\x1F\x70\x15\xB1\xD6\x14\x9A\x83\xE1\x07\x5A\x75\x60\x2E\xE3\xCC\xF6\xC9\xF4\x61\xFE\x48"
"\x27\xCD\x72\x37\x98\x82\xD9\xBC\x22\x1E\x53\x10\xFF\x7B\x6E\x1F\xE0\xF0\xBF\xB0\xF1\x4E\x6E\xC5\x54"
"\xA1\x62\xB9\x09\x1C\x43\x04\xB3\xDA\xE0\x04\x21\x30\x32\x83\xD7\x9A\xF4\x1B\x56\x8A\x09\x4D\x95\x2C"
"\x5F\x2E\xC2\x29\xAE\xAD\x87\x42\x4A\x79\x9D\xA6\x2B\xB5\x35\x8D\x1D\x8D\x54\xF9\x5E\x30\xF4\xA4\xCE"
"\xD4\xBB\x70\x52\xA0\x30\xF5\x69\xB0\xB7\x6B\x91\x7A\x14\x5A\xB4\x49\x92\x28\xBA\xFE\x6B\x47\x43\xD0"
"\xD9\xDD\xD8\x91\x54\x69\xDA\xC6\xCB\x10\x99\x50\x3A\xA3\xD2\x7A\x7E\xAE\x78\x9D\xE0\xBC\xEC\x90\xDB"
"\x54\x65\xA0\x57\x92\x1D\x1D\x68\x70\xD8\xAC\xAA\xB3\x9A\x90\x05\x13\x4A\xF9\xF3\x96\xDB\x1C\x40\xA2"
"\x8A\xA5\x90\x1A\x74\x12\xAA\x10\x69\xF0\x3D\x70\x72\x53\xBD\xDE\x78\xA0\x96\x8F\xAF\xF4\xAD\x09\xCB"
"\x30\xE6\xD4\xFA\xC0\x0C\x28\xF0\x5E\x5B\xF9\xAE\x20\x9D\xEE\xDA\x26\x7E\x7D\xEA\x2D\x6F\x9D\x76\x43"
"\x35\x3B\x9E\xF8\xD4\x32\xD7\x01\x7F\xF0\xC4\x5E\xB9\x36\x5B\xC0\x00\xD1\x92\x3F\x27\xF5\x50\x42\x53"
"\x54\x46\x73\x59\x09\xEC\x60\x76\x40\xDE\xCA\x67\xAC\x59\xC6\x1D\x1A\x52\x8B\xDF\x19\xA8\x2C\xDB\x8C"
"\x5D\x71\x55\xEC\x08\x1D\x3D\x43\x1D\x44\xB6\xDC\x89\xC3\x18\x46\x8E\xA0\x7D\xCE\x56\x1A\xA6\xDA\xB8"
"\xE9\xAA\xB2\x10\x4D\x6A\xD4\xC3\x92\x59\xD3\x59\x70\xF5\x22\x50\x3F\x3B\xCB\xBE\x19\xB7\x0C\x71\xD6"
"\xEF\xE2\xA0\x58\x70\x7E\x1D\xE3\x9F\x88\x2A\xDD\xC9\x76\x2A\xC8\x3E\x46\xC5\x48\xBE\x63\xE1\x2C\x0C"
"\x8E\x20\x7A\x59\x3E\x18\xC6\x22\x12\x97\x97\x04\x58\x41\xD5\x8E\x91\x5A\x80\x7E\x63\xAE\xA2\x14\xE5"
"\x4E\x07\x3C\xB9\x27\xB4\x68\xA9\x46\x2F\xCC\x47\x18\x69\x8C\x12\x99\xCA\x28\xCC\xEC\xFB\x46\x0C\xAA"
"\xED\x60\x4E\x4D\x56\xD8\x22\x3E\xD1\x9C\x9B\x67\xB1\x4A\xA1\xB4\x6F\x7C\x35\xA8\x1C\x49\x57\x1D\xC0"
"\x3C\x9E\x08\x47\xA2\xA5\x34\x4A\x74\x52\x40\x29\x1C\x8C\x48\x90\x49\xBB\x48\xF6\xA8\x41\xE5\xB9\x2B"
"\xE3\x49\xD2\x25\x88\x41\x3C\x27\xA1\x7D\x9C\x69\x75\x1C\x86\xB1\x6F\x6E\xC0\x19\x8D\x2A\x6D\x74\x7A"
"\x69\x19\xE0\xFB\x06\xA3\x77\xB0\x8E\x3F\xB1\xFA\x85\x4C\xAC\xD5\xA1\x4D\xD4\xD2\xC6\x20\xD4\xB8\x1A"
"\x90\x70\xD3\xC7\x35\xA5\x36\x45\x20\xAD\x69\xC8\x00\x88\xF0\x4E\x71\x74\xA5\x5C\xAE\xF5\x71\x18\xFA"
"\x6A\x15\x5F\x20\xBC\xA6\x36\x0E\x45\x54\xEF\x32\x41\x7C\x55\x1C\xB3\xA0\xBC\x11\xF4\x45\xC7\xBF\x2B"
"\x3B\x76\xFB\xAD\xAA\x40\x6B\x61\xA0\x7E\xCC\xDB\x59\xFF\x7D\x58\x19\x9B\x5C\xEA\x7C\x3E\xB4\x7C\x92"
"\xCF\x80\x2D\x9C\xEA\xA8\x37\x4F\xD5\x4F\xAB\x2C\x30\xE4\x41\x6E\x65\xA6\xA6\x5F\xE6\xB3\x55\x59\x58"
"\xB0\x1B\x50\x50\x63\x73\xC9\x89\xF9\x31\xEB\xA8\x72\xA1\xA1\x6F\x3F\xCD\x2C\x07\xC4\xC0\x35\x46\x70"
"\xD2\xF3\x9F\xCE\x95\xA7\xF4\x26\x04\x51\x08\xDF\x52\x2B\x91\xD6\x36\x19\x34\xB0\x39\x8D\x54\xC6\xB1"
"\x14\x70\xEF\x4A\xF3\xA9\x96\xD5\xF1\x08\x87\xAA\xB5\xCD\x94\xE9\x64\x13\x8B\x5E\x99\x9D\x54\x3F\xCE"
"\x8A\x13\x10\xC8\x49\x53\x5D\xC9\xFB\x94\x62\xA7\x2C\xC4\x10\x53\x71\xA0\xA1\x1E\x05\x09\xF2\x19\x72"
"\xE5\x90\x71\x52\x23\xDA\xCE\x0B\xC7\x22\x29\x25\xC1\xBE\x5C\x27\x69\xE4\xA3\x31\xDB\x83\x9C\xA2\x24"
"\x9A\xF3\x26\xC4\xE1\xB9\x47\xD5\xC6\x20\x11\xF6\xCE\x39\x69\xB7\x22\x6A\xFC\x40\xDF\x8B\xDD\xA1\x9B"
"\x5D\x55\x07\xCE\x02\xB3\x28\xBC\xF3\x41\x4A\x01\xDE\xC8\x4B\x37\xBE\x86\xF0\x92\xAB\x98\xEA\xE4\xFC"
"\x7C\x18\x27\x65\xE6\x2F\xAE\xE5\x8E\x16\xA4\xD9\xFA\xD6\xDA\xC8\xD7\xEB\xEC\xA0\x1A\xAA\xB8\x07\x3F"
"\x52\x48\xD7\x1C\xAC\x17\x66\xFD\x53\xA7\xFE\xD5\x36\x44\xAA\xA0\x3C\x38\xFD\x77\x06\x06\x9F\xFA\xC4"
"\xA8\xBA\x95\x28\x14\xA1\x43\x67\xEB\x0B\xDA\xCA\x17\x66\x1A\x6B\xAB\xE1\x5F\x0D\x72\x53\x38\x99\x51"
"\xE1\xCD\x2A\xDB\xBA\xE9\x23\x39\x41\x3C\x08\xFA\x85\xD9\xE2\x17\x06\x69\xD4\x5D\x33\x92\x0E\xB9\x05"
"\x9D\xDC\x30\xD9\x67\x79\xF3\xC0\x76\x6A\x78\xF1\xC2\xD7\xF5\x0E\x06\x87\x61\x29\x32\xEC\x1D\xD1\xF3"
"\xE4\x97\x97\x59\x63\x31\x91\xAF\xFC\x11\x05\x8E\x58\x18\x2B\xE3\xC7\xAA\x6A\xCB\xB1\xAC\xE4\xD2\x89"
"\x2D\xF7\xDA\xA6\xCC\xF4\x95\xEC\xBF\x96\x94\x2A\x3C\x1C\xE4\x79\xD9\xB1\xCA\xC4\x61\xB2\x9D\x11\x8D"
"\x54\xD0\xED\xD1\x40\x3C\xDD\x27\x16\x45\xDB\x34\x7A\xED\x4B\xD4\x4D\xE9\x47\xD6\x24\x69\x6D\x29\x6E"
"\x9D\x07\x96\x10\x2A\xA9\xE5\x8D\x85\x62\x1D\x6B\xDA\xEB\x78\x17\x5D\x64\x62\xE8\x99\xB1\xE3\xC9\x2E"
"\xA3\x41\xFE\xD7\xB2\x26\x16\xB9\x04\x08\xA6\x49\xE3\x90\x53\x15\xEA\x3D\x34\xE8\xA6\x68\xDC\x17\x4D"
"\x63\x15\x75\x34\x28\x9A\xCE\x37\x87\x63\x13\xFF\x07\xF3\x90\x1D\xF7\xFA\xF5\x8F\xA6\x1A\xD9\x02\x25"
"\x75\x7A\xE5\x4A\x05\xB5\xB5\x5A\xA9\x18\xFC\x9C\x91\xD1\x38\xAD\xA0\x5E\x72\x9A\xC6\x1B\x38\xB2\x05"
"\x56\x96\x3D\x51\xFB\x86\x95\xC0\xC0\x5C\x06\x6B\x0B\x6A\x9D\xEE\xEA\x44\xC6\x41\xA4\x45\x55\xE5\xF4"
"\x0B\xDE\x26\x51\xD1\xB6\x1A\xD9\x36\xAF\x61\x65\xEB\x91\x7D\x7B\x5C\xC7\x64\x5B\x29\x57\xBC\xD5\x6B"
"\x08\x9D\x68\xAB\x1A\x04\xE5\xE6\x92\xD2\x0C\x1B\x54\x34\xF9\x48\xF1\xA4\xD5\x48\x6A\x65\x6C\xC5\x7D"
"\x0F\x19\xFB\x65\x12\xC8\x57\x1D\xA6\xA4\x87\x1C\x49\x08\xF6\x4E\x11\x97\xF5\x51\x5E\xA5\xB7\xF4\xE1"
"\x87\x5A\x23\xD2\x38\x74\xA8\x39\xAE\x6E\xA2\x66\x41\x82\x3C\xDA\x8A\x95\x29\x94\x61\x3E\x0A\x15\x94"
"\x41\x7A\x54\x2F\x0A\x43\x0D\xAA\xBF\xAB\x15\x27\xEF\x31\x60\xD0\x44\x57\x32\xBC\xAA\x7C\x3A\x3F\x45"
"\x18\xC9\x61\x0F\x74\x2E\x69\x0E\x63\x4E\x7B\xF2\x42\xE9\x85\xAF\xC9\xFF\xD1\x5A\xE9\xD1\xA2\xA6\xB0"
"\x49\xB2\x21\xF4\xB5\xB2\x03\xAA\x39\xC4\xDA\xB6\xC2\xD6\xD7\x3E\x43\xA6\x55\x20\x23\x75\x45\x87\x61"
"\x5C\xC7\x14\x90\x26\x10\xF2\x1B\x94\x24\x74\x89\xB9\xE3\x83\xD3\x74\xC1\xAA\x1D\x67\xBF\x58\x25\x1E"
"\x82\x41\xB0\xC8\xAA\xDD\xE4\x70\xEE\xEC\xB0\x09\xD5\xE9\xC8\xF2\xE8\xB0\x46\x5A\x1C\x5C\x03\x3A\x1A"
"\x02\xC2\x82\x40\x6C\xC3\xB9\x59\x7D\x15\x9F\xA9\x37\xB6\x69\x6A\xA4\x89\x42\x2E\x15\x0E\x03\x0C\x6D"
"\xB7\x74\xD5\x92\x75\x78\x13\x0F\x19\xEA\x50\x51\x70\x66\x28\x99\xAF\xB6\x34\xEE\xD8\xBA\x33\x03\x8C"
"\x03\x49\xC8\x51\x8B\xC7\x84\x5C\xC3\x6C\x8F\xD4\x8E\x6F\x55\x62\x63\x8E\xD4\x21\xAF\x79\xC7\x13\x52"
"\x7B\x05\x61\x68\x84\xD3\x5A\xCA\x91\x1E\xCD\x2B\x91\x7D\x82\xA7\x17\xB6\x88\xEC\x06\xDC\x76\xCD\x3D"
"\x37\x1D\x59\x55\xC7\xF7\x6B\xE5\xFD\x7F\xBE\xF4\x19\x32\x97\xE6\x8A\x13\xA3\x89\xAC\xBA\x3A\xA2\xF1"
"\xF3\xDB\x0E\x0A\xAA\xF4\x91\x1D\x23\x23\x96\xE6\xCB\xCD\x5C\x1E\x2A\x6E\x96\xA1\x1A\x57\xBE\xC3\x35"
"\x6A\xD7\x67\x7D\x25\x9C\xFE\x34\xEC\x07\xC8\x1D\xCD\x97\xD6\x81\xF7\xB4\x3E\x94\xA5\xD4\x9A\xEC\x50"
"\xB9\x7D\x9F\x45\x4A\x15\x48\x4B\xE9\x2A\x3D\x9F\xA1\x91\x20\x5A\xBB\x44\xAE\x5D\x5C\x5C\x3C\xDB\x29"
"\x65\xC5\x32\x43\x9C\x3B\x9E\x4B\x7D\xBE\x38\x2F\xBA\x11\x6D\xFF\x22\x95\x00\x16\xCC\xEA\xB0\x79\x5F"
"\x64\xA7\xFD\xE4\x3F\x23\xD2\x3C\xEB\x69\x28\x06\x4A\x19\x07\x12\x03\x3E\x89\xCD\x05\x69\xA2\x4F\xCD"
"\x04\x46\x03\x00\x37\x99\x1D\xD0\xDA\x33\xAD\xB3\x33\x01\x37\x4D\x74\xCC\xD2\x94\x59\xB8\x84\xEF\x6B"
"\x61\xB0\x86\x90\x84\xA6\x22\x0F\x62\x6A\x6C\xAF\xA1\x29\xAC\xC9\x07\xB3\x49\x1C\x99\xB3\x20\xA3\x3E"
"\x94\xA2\xEA\xB0\xE4\x42\xFC\x13\x07\xC4\x7E\xDA\x8F\x6D\x8D\x65\xEE\xB4\x27\x64\xB7\xAE\xB9\x16\x0E"
"\xE0\xAD\x7A\x34\xAC\x45\xBA\xC3\xD4\x56\x41\x0F\xDE\xB9\x29\x0A\x03\x30\x1D\x7A\x57\x82\x70\xB6\x5C"
"\x07\xC3\xF7\x3B\x8F\x49\xC0\x30\x2C\x44\x29\x98\x9A\xDF\x85\xE6\x02\xEC\x4A\x35\xC3\x17\x52\x35\x8F"
"\x03\x87\x80\x2F\x2D\x70\xBA\xC6\xA0\x89\x55\xDC\xF5\x4B\xF2\x71\xB8\xCB\xB2\xA3\x23\x33\xBE\x55\x6C"
"\x73\xCB\x4C\x80\xBE\x61\x8E\x34\xA8\x07\x0E\x2E\xB3\xAF\x85\xCF\x0D\x8A\x32\x59\x89\x82\x51\xE0\x5C"
"\x57\x66\x04\x93\xC2\xC8\xB6\x2B\x21\x2E\x44\xE4\x29\xDA\xCE\xBA\xE8\x06\x37\xB9\xA1\xA2\x50\xFF\x37"
"\x0F\x9B\x91\x04\x35\xE8\xF3\x5D\x92\xD8\x96\x5E\xC8\xD5\xDA\x42\x16\x0E\x3B\xA1\x92\x33\xD2\xB1\xBD"
"\x60\xC9\x3F\xE5\xCA\x52\x52\x6D\xC3\x70\x6A\x4D\xBD\xD1\xC3\x6B\x25\x67\x28\x27\xE2\xA7\x31\xF6\x1E"
"\x8B\xFF\x23\x1F\xAA\xDA\x33\xA0\x7E\xDB\x84\x49\x55\x13\x15\x4F\xB6\x0C\x8D\x46\xDB\x74\x73\x4A\xAE"
"\x85\xCA\x18\x55\x60\x8A\xB1\x3C\xEA\x8C\x31\x07\xA1\xC1\x6C\xA6\x48\x24\x58\x28\x90\xD8\x42\xF8\xA6"
"\x0A\x27\x33\xF1\x9C\x2E\x36\xCE\x59\x73\x24\x7D\xA9\xDC\xC8\x77\x7C\x19\x97\xA1\x21\xAD\x14\xE2\x0F"
"\x0D\x23\x45\xC4\x73\x6B\x7C\x6A\xD7\xB5\xEF\xCE\x4C\x0B\x60\xCF\xDC\x1E\x47\xFD\xD8\x40\xA9\xB0\x44"
"\x57\xBE\x2F\x79\xA8\x49\x39\x72\x7F\x73\x53\x25\x6F\xF9\xBC\x23\xDB\xA7\x10\x07\x51\x1A\x0F\x99\xCB"
"\x7E\x2F\x4E\xBE\x17\x6E\xFE\x5B\x63\xA2\x2B\xC2\xAA\xAB\x80\x11\xB1\xC2\x3E\x12\x0E\xDB\x43\xC0\xD1"
"\x63\x51\xDF\xDA\xD8\x36\xCE\x30\x00\xD6\x43\x72\xB2\x53\x3C\x54\x6D\x3A\xE1\x01\x99\x54\xC7\x82\x9F"
"\xB7\x95\xF2\x30\x50\xB9\xA7\xDE\x62\xAD\x3B\xF6\x2D\xB7\x6F\x99\xF1\x3F\x87\xFE\x60\x14\xC0\x74\x0D"
"\x98\xC9\xB1\xFC\x21\x3B\x70\x11\x73\xDB\x45\xC0\x87\x65\x66\x8B\x42\xBB\x2F\xD5\x3E\x37\x6C\xE1\x74"
"\xEE\x0D\xAE\xD3\x6B\x95\x08\x17\x81\xC2\x2A\x0C\x99\x0A\x05\xEE\xAB\x2C\xE3\x30\x3A\x3D\xB2\x90\x45"
"\xFF\xC0\xC5\x6A\x0F\x3D\xF6\x2B\x59\x9B\x49\x84\xC6\xA9\x6B\x3B\xD4\x33\xC1\x76\xB9\xD4\xC3\x18\x0B"
"\x4E\x90\x89\xB0\x5D\xD7\x3A\xCC\xDA\x3E\xAE\xE8\x1A\xC4\x80\xE4\xF4\x3A\x85\x0D\x35\x15\x3E\x21\x40"
"\xBD\x03\x83\x0A\xCE\xEE\xC5\x39\x64\x7A\x7E\x11\x33\x63\x4C\x8E\xA0\x97\xC1\x18\x23\x85\x8F\xAD\x55"
"\x6F\xD5\x47\x68\x43\x70\x27\x51\xEE\xAB\x49\xBA\xCD\x28\xCE\x41\xCC\x01\x5B\x76\x26\x07\x47\x89\x03"
"\xCC\x4F\x44\xBA\x02\xC8\x38\x8A\x6C\x96\x20\x3D\xDE\xB1\xAD\xA2\xB1\xAE\xB9\x36\x2A\xD8\x61\xD8\xF6"
"\x33\x74\x37\x98\xAA\xC8\x32\x64\xB9\xC0\x08\x87\x30\xDB\xC1\x9D\x01\xDF\xFF\xAD\x0B\x27\xD3\x92\x8C"
"\x86\x1A\xF9\x4A\x8A\x8E\xB5\x89\x27\xE8\x5C\xEC\xE3\x5A\x87\x79\x91\x1A\x09\xCD\x89\x31\x8B\x15\xC6"
"\x94\x1F\xD6\xFC\xF1\x03\x2F\x38\x1C\xFA\x6A\x1B\x90\x13\x6B\x81\xC4\xB0\x38\x2F\x9C\xE8\xD7\x3E\xA0"
"\xC9\xE9\x39\xF6\x14\x43\x8A\x18\xED\x1E\x4A\x1D\x0B\x2A\x43\x22\x66\x39\x26\xE0\x36\xD8\xCD\xE1\xBA"
"\xE2\x5C\x29\x15\xCF\x8B\x0E\x8D\x91\x58\x1C\xEC\x2A\xD9\x69\xBA\xDE\x40\xE0\xC7\x74\xF0\x97\x93\x0D"
"\x48\x76\x31\x17\x58\x0F\x3B\xBE\x03\xF7\x22\x71\x3F\x0C\x11\x18\x9D\x22\x17\x3E\x5E\xDB\xCE\x3D\x6F"
"\x9C\xA7\xBA\x9F\x73\xF1\x8C\xE8\xAE\x75\x1B\x17\x69\x61\x37\xAA\xFB\xE5\x52\x1F\xA0\xA7\x2F\xB8\xDC"
"\x0B\x72\xE6\x33\xCF\x87\x17\x7A\x6B\xB0\xED\x41\xAC\x49\xB7\xCD\x56\x3D\x53\x79\xE1\xDC\xC0\xD1\xDE"
"\x81\xAF\x58\x99\xBA\x22\x7E\x7A\x48\x79\x15\x9A\xA9\xC5\x2A\x84\x82\xF2\xC3\x0E\x9C\xA1\x49\x63\xA8"
"\x75\x41\xE7\xE7\x58\xF2\x8C\xE3\x8B\xFB\xD1\x19\xE6\x8B\x5F\x3B\xBF\x3F\x7D\x76\x5F\x95\x4A\xAC\x4D"
"\x62\x45\x92\xB9\xD2\x77\x6F\xEF\x23\xB8\x4D\x9C\xF7\xD0\xC7\xB5\x53\x2C\xEA\xD4\x11\x96\x89\xD6\x59"
"\x19\x5E\x59\xEA\xD6\xC5\xBD\x78\x26\x1C\x7E\x4E\x6C\x55\x79\x9A\x21\x5D\x49\xAD\xAA\x1D\x0F\x22\x5B"
"\x03\x82\xC3\x38\x34\xAC\x4A\xED\x75\xC0\x61\x10\xA2\x1F\xA1\xA1\xC5\x5E\x56\x05\xE6\xFD\x0D\x19\x85"
"\x41\x45\xF0\xD7\x30\xD5\xF2\x5F\xCB\xF5\x8B\xA1\xF1\x71\xD8\x26\x57\x2A\x47\x1C\x29\x65\x3D\xA7\x95"
"\xA4\x9A\xE0\x71\x9C\x30\x75\x1A\x58\xAC\xAD\x6A\xCE\x50\xC4\xE6\x43\x4A\x71\xA8\x97\xCE\x7D\x65\x5D"
"\xCD\xC5\x71\x94\x5F\x6D\x39\x89\x7A\xE9\x31\x39\x05\x62\x19\x07\xB2\x23\x45\x90\x6B\x2C\xC7\xA5\xFC"
"\xCC\xB8\xE6\x94\xA8\xEB\x9A\xAE\xB9\xB3\x1D\x8A\x4C\xDB\x20\x77\x3D\x08\x81\x5B\x64\x6C\x40\xD7\xA2"
"\x9E\x8A\x01\xE8\xEA\x6B\xCF\x28\x12\x97\x38\xB5\x1C\x86\xD9\x0D\x16\x5B\x52\x4C\xB1\x89\xDE\x58\xAB"
"\x23\x44\xDE\x58\xC2\x84\xA9\xF2\x81\x51\x88\x32\x12\xF1\x19\x70\xDB\xBC\xE2\x4B\xD0\x79\x7B\x5C\x2C"
"\x98\xC0\xFA\x9F\x1B\x13\x12\xCD\x57\x4C\x9D\x20\xD1\xD3\xB0\x16\x7C\x6D\xA0\xD5\x0D\x29\xD6\x21\xA1"
"\xE6\x7E\x45\xEB\x97\x60\xC3\x53\x8C\xDD\x26\x50\xFC\x88\x2B\x75\xFD\xBD\x95\xCF\x81\x78\x47\x08\x97"
"\x44\x84\xE0\x6E\xFC\x2E\xF8\x26\xA8\x0E\x91\x38\x17\x1E\x1B\x54\x41\x49\x71\xAE\x1D\x4B\x17\x78\x59"
"\x1D\x62\x7C\x72\xC1\xDF\x89\x13\xFC\x85\x17\x86\x33\x26\x6F\x1A\x57\x4B\xE9\xAB\x09\x3F\xED\xC7\xFC"
"\xFA\xF0\xDF\x7F\xF5\x9A\xD0\xAF\x78\x18\x4E\xFE\x39\x09\x1D\xFA\x89\x78\x01\x93\xD4\x89\x31\x12\x5A"
"\x6D\x90\x29\x81\xF5\x0E\x74\x9E\xB1\x29\x25\x9F\x7A\xE2\xEB\xDC\xFA\x71\x44\x7E\x3B\xBE\x81\x14\x91"
"\xBB\x08\xF4\x11\xE3\xAD\x62\x7E\x43\xE4\x37\x38\x37\xE7\xB2\x21\x85\x0E\x2B\xF6\x37\xFE\x3B\xC4\xDE"
"\x2B\x1D\x5F\xDC\x54\x8C\xDB\x8A\x79\xF5\x48\xEF\x68\xBC\xCF\x13\x72\xE8\xF0\xAE\x12\x29\xAE\xEE\xE0"
"\x02\x1F\xE7\xF8\x4D\x7C\x72\x8E\x87\xA3\x97\xEF\xC5\x76\x63\x17\xFA\x13\x8C\x1E\xA8\xFC\x24\x17\x68"
"\xAC\xF7\x03\xBF\x21\x94\xE3\xFB\xF7\x1F\xB6\x00\x25\xE8\x7B\xEA\xE4\x30\x56\xB0\x92\x04\xD0\x54\x66"
"\x57\x84\x0C\x60\x69\x2A\x6C\x51\x6C\xDE\x49\x9B\xDB\x0F\x21\x73\x4A\x6E\xEC\x42\x8F\x5F\x81\x12\x7F"
"\xF7\xDA\x8B\xEB\xF4\x6D\xF6\xBE\x95\x21\x1A\x0B\x23\xC1\xB8\xFE\x5E\xFB\x2A\xB6\x8E\xBA\xDA\x41\xAF"
"\xDA\x1E\x61\xEB\x38\x8B\xA2\x43\x98\x0E\xAC\x36\xA6\x77\x6F\xBC\x88\xD1\xED\xAB\x14\x22\x43\x37\xC5"
"\x8F\x00\x5A\x86\x25\x3B\x37\xE2\x73\x3F\xC3\x96\x01\x14\x66\x60\x0A\x77\xF8\xBE\x9D\x46\x49\x05\xD7"
"\x8B\xA5\x09\x43\xA8\xA4\x8B\x85\x6D\xDC\x3C\x39\xBF\xF8\xFF\x00\xA7\x6E\x73\xD1\x4D\x21\x2A\x6E\x00"
"\x00\x00\x00\x49\x45\x4E\x44\xAE\x42\x60\x82"
}
};

static const binfile_t banner_col = {"banner_col.png", 357, {
"\x89\x50\x4E\x47\x0D\x0A\x1A\x0A\x00\x00\x00\x0D\x49\x48\x44\x52\x00\x00\x01\x10\x00\x00\x00\x18\x02"
"\x03\x00\x00\x00\x4F\x40\x4A\x5F\x00\x00\x00\x01\x73\x52\x47\x42\x00\xAE\xCE\x1C\xE9\x00\x00\x00\x04"
"\x67\x41\x4D\x41\x00\x00\xB1\x8F\x0B\xFC\x61\x05\x00\x00\x00\x06\x50\x4C\x54\x45\xFF\x00\xFF\xF8\xFC"
"\xF8\x2F\x1E\xE2\x05\x00\x00\x00\x09\x70\x48\x59\x73\x00\x00\x0E\xC4\x00\x00\x0E\xC4\x01\x95\x2B\x0E"
"\x1B\x00\x00\x00\xE8\x49\x44\x41\x54\x38\xCB\xED\xD3\x41\x0E\x84\x20\x0C\x05\xD0\xBA\xE0\x08\xBD\x0F"
"\x2E\xDC\x43\xD2\xDE\xFF\x2A\xF3\x3F\x20\x3A\x09\xA2\x0B\x97\x36\x46\x11\xE5\x59\xA0\xCA\x17\xC3\x50"
"\xF7\x34\xE8\xF6\x28\xC1\x1E\x23\xFE\x02\xB2\x10\x41\x36\xD1\x4A\x73\x75\xB7\x40\x16\x88\x26\x36\x33"
"\x9F\xA6\x8B\x4F\xB5\x08\xDE\x5E\x39\x10\x0C\x32\x08\x70\xD8\xCC\xA9\xBD\x31\xC9\x8B\x39\x73\xB4\x55"
"\x64\x43\x0B\x17\x6F\x08\x5A\x39\xFB\xDE\x77\x8D\x20\xCB\x05\x00\x11\x78\xBC\x75\x1E\xC1\x16\x17\xE3"
"\x17\xB2\xE3\x49\xE9\x9B\x23\xE9\x40\xA2\x08\x2E\x8A\xB4\xC2\x8E\xE0\x44\x44\x9F\x21\x9C\xCE\x3F\xC2"
"\x55\xBA\x45\xDC\xAF\x10\xF1\xCD\x84\x0B\x7B\x20\xEA\xC3\x98\x64\x82\x22\x4C\x52\xB6\xF8\xC9\x74\x6C"
"\xBC\x26\x15\xE1\x92\x3C\x41\xB8\x8B\x83\xDD\x01\x12\x1B\xD2\x76\x67\x82\x70\x0E\xBD\x12\x4E\x75\x02"
"\x5D\xE4\x54\x27\x53\x44\xF6\x8A\xD5\x32\xBA\x57\x6C\x47\xD6\x5A\xB1\x73\x44\xDB\xBF\xA3\x65\x74\xFF"
"\x77\xCA\xE4\x2A\xA2\xF7\xC8\x17\xAF\x87\xC8\x0F\x29\xDC\x77\xEA\x78\x55\x55\xFD\x00\x00\x00\x00\x49"
"\x45\x4E\x44\xAE\x42\x60\x82"
}
};

static const binfile_t banner_doom = {"banner_doom.png", 296, {
"\x89\x50\x4E\x47\x0D\x0A\x1A\x0A\x00\x00\x00\x0D\x49\x48\x44\x52\x00\x00\x01\x10\x00\x00\x00\x18\x04"
"\x03\x00\x00\x00\xC0\x00\xBF\xFF\x00\x00\x00\x01\x73\x52\x47\x42\x00\xAE\xCE\x1C\xE9\x00\x00\x00\x04"
"\x67\x41\x4D\x41\x00\x00\xB1\x8F\x0B\xFC\x61\x05\x00\x00\x00\x09\x50\x4C\x54\x45\xFF\x00\xFF\xFF\xFF"
"\xFF\xF8\xFC\xF8\x18\x07\x33\xFD\x00\x00\x00\x09\x70\x48\x59\x73\x00\x00\x0E\xC4\x00\x00\x0E\xC4\x01"
"\x95\x2B\x0E\x1B\x00\x00\x00\xA8\x49\x44\x41\x54\x48\xC7\xED\x95\x4B\x12\xC3\x20\x0C\x43\xED\x9E\xC0"
"\x3A\x42\xB9\xFF\x21\x8B\xB1\x4B\x52\x27\x8B\x6C\xA2\x66\x81\x98\x20\x26\x1B\x3F\x7E\x42\x96\x96\x2E"
"\x4A\x01\x58\x0E\xF6\x3E\xFA\xFC\x45\x03\x81\x0F\x8A\xFF\x07\xA4\x97\x2B\xAE\x50\x9B\x8B\x44\x51\x4C"
"\xFC\xF0\x05\x88\x41\xA8\x20\xEA\x85\xAB\x77\x90\xDC\x2C\x32\x88\x14\x77\x10\xE5\x83\x8C\xC3\xB0\x73"
"\x07\xD1\x27\x80\xC0\x74\x34\x02\x41\x6B\xED\x2D\x73\x2B\xCE\x40\xD0\x9B\xBC\xDA\xCD\x4A\x1C\x8D\xCC"
"\x08\x80\x5E\x17\xD3\xFD\xCA\x50\x63\x64\x03\xD0\x1F\x57\xD0\x41\x46\xE1\x1A\x25\xF6\xC5\xA2\x81\x44"
"\xA4\x1F\x82\xD5\xF1\xA8\x97\x26\x01\xCA\x53\x13\x89\xC2\x06\x39\x79\x7C\xF9\x20\x4B\x4B\x4F\x97\xC8"
"\x07\x96\x62\x1D\x1E\xC9\x7C\x66\xF1\x00\x00\x00\x00\x49\x45\x4E\x44\xAE\x42\x60\x82"
}
};

static const binfile_t banner_favorite = {"banner_favorite.png", 343, {
"\x89\x50\x4E\x47\x0D\x0A\x1A\x0A\x00\x00\x00\x0D\x49\x48\x44\x52\x00\x00\x01\x10\x00\x00\x00\x18\x04"
"\x03\x00\x00\x00\xC0\x00\xBF\xFF\x00\x00\x00\x01\x73\x52\x47\x42\x00\xAE\xCE\x1C\xE9\x00\x00\x00\x04"
"\x67\x41\x4D\x41\x00\x00\xB1\x8F\x0B\xFC\x61\x05\x00\x00\x00\x09\x50\x4C\x54\x45\xFF\x00\xFF\xFF\xFF"
"\xFF\xFC\xFD\xFC\x01\x78\x6E\x79\x00\x00\x00\x09\x70\x48\x59\x73\x00\x00\x0E\xBF\x00\x00\x0E\xBF\x01"
"\x38\x05\x53\x24\x00\x00\x00\xD7\x49\x44\x41\x54\x48\xC7\xED\x94\x5B\x0E\xC4\x20\x08\x45\x61\x56\x00"
"\x5B\xE8\xFE\x17\x39\xCA\x05\x1F\x69\xCC\xF4\xA3\x98\xF9\xF0\xF6\xA1\x15\x53\x4F\x78\xD1\xD1\xD1\x33"
"\xB1\x16\xC9\xD2\x48\xDB\xF4\x13\x64\x17\x8B\x81\xAC\x8D\xFB\x9C\xB2\xF4\xC6\x43\xFB\x6B\xF2\x83\xCC"
"\x2D\x75\x5E\x1E\x36\x17\xA9\xD8\xA5\x7D\x41\x53\xA1\xF0\x73\x04\xC8\xCE\x8C\x60\x75\x10\x0E\x1A\xCD"
"\x0C\x93\x6A\x47\xF0\x77\x65\x11\xF2\x65\xDC\xCD\x98\x0D\x52\xC4\xC3\xB9\x36\x98\x57\xBC\x6E\x60\x4C"
"\xD2\x55\xD4\xAA\xB7\x8E\xC4\x12\x65\x52\x09\x3C\x4E\xD8\xA2\xC8\x22\xFA\x5C\xAF\x0B\x34\xEE\x6D\x9C"
"\x35\x83\xD0\x0C\xC2\xB9\x29\xC2\x1E\x16\x64\x82\x44\x22\xCC\x20\xBE\x37\xB5\x6A\x02\xA4\xD7\x6D\x27"
"\xB8\xA5\xE8\x16\x10\x1E\x1A\x08\xA1\x60\xC6\xCC\x15\x67\x4D\xD3\xD0\x46\xC4\xBF\x30\x6F\xB5\x63\x69"
"\xAA\xF9\x6D\x24\x1A\xAB\x34\x10\x6A\x4C\xE1\x24\x2C\xE8\xB6\x6E\x7F\x74\xF4\x97\x22\xFA\x02\x64\xEE"
"\x1E\x9A\xF1\xE9\x6E\x42\x00\x00\x00\x00\x49\x45\x4E\x44\xAE\x42\x60\x82"
}
};

static const binfile_t banner_gb = {"banner_gb.png", 397, {
"\x89\x50\x4E\x47\x0D\x0A\x1A\x0A\x00\x00\x00\x0D\x49\x48\x44\x52\x00\x00\x01\x10\x00\x00\x00\x18\x04"
"\x03\x00\x00\x00\xC0\x00\xBF\xFF\x00\x00\x00\x01\x73\x52\x47\x42\x00\xAE\xCE\x1C\xE9\x00\x00\x00\x04"
"\x67\x41\x4D\x41\x00\x00\xB1\x8F\x0B\xFC\x61\x05\x00\x00\x00\x06\x50\x4C\x54\x45\xFF\x00\xFF\xF8\xFC"
"\xF8\x2F\x1E\xE2\x05\x00\x00\x00\x09\x70\x48\x59\x73\x00\x00\x0E\xC4\x00\x00\x0E\xC4\x01\x95\x2B\x0E"
"\x1B\x00\x00\x01\x10\x49\x44\x41\x54\x48\xC7\xED\x95\x51\x0E\xC3\x20\x08\x86\xE1\x06\x70\xFF\xCB\x4E"
"\xE1\x07\x6C\xD3\x64\x66\xC1\xA4\x0F\x23\x69\x05\x25\xF2\xA9\x88\xF4\x97\xF7\x8B\x4E\x19\x2D\xDB\x7F"
"\x98\x62\x86\x60\x04\x43\xDE\xED\x1A\x7C\xD0\xD5\xCA\xB1\x03\x32\x7B\x5C\x39\x02\xA2\x1A\xE1\x32\x66"
"\x06\xB9\x81\x68\x7A\x1B\x33\xC0\x9B\x84\x3D\xD2\xF8\x71\xAD\x19\x38\x15\x89\xDD\x12\x06\x9F\xCC\xB6"
"\x7D\x43\x68\x0F\x84\x1C\xC4\xAD\xD4\xBB\x64\x99\x0D\x59\x90\x47\xB0\x82\xAC\x1B\x61\x20\x95\xBD\x6D"
"\x20\x39\xDB\x9C\xFD\x0B\x08\xA1\xC3\xB4\xD6\x0D\x59\xCE\x99\x57\x10\x0E\x10\x8C\x47\x42\x5F\x40\x9A"
"\xEF\xEE\xA2\xB1\x7D\x62\x47\xC0\x96\x8D\x57\x10\x89\xFD\x83\x6F\x1B\x43\x2D\xF1\x37\x10\xD6\x0E\xA9"
"\x1D\x61\x8F\x11\x9B\xEF\x2A\x67\xD9\x22\xA4\x34\x3B\x1D\xCC\xE6\x93\x79\x02\x49\x9B\x96\xDB\xEB\xB5"
"\x26\x41\xE4\x00\x88\xE7\xE4\x38\x8C\x2D\x90\x7C\x04\xBA\x41\x2E\x21\x18\xAD\xFA\xEF\x56\xCF\xF2\xFA"
"\xC2\xA7\x1D\x44\x36\x41\x32\x33\xF4\x04\x48\xBE\x79\x58\x73\x94\xD0\x1A\x90\x72\x92\x7A\xFC\x7A\xEB"
"\xFB\x14\x3C\xF0\x71\xF8\x78\x6E\xE8\x11\x24\xDC\xE9\x04\x08\xCA\xE7\x0E\x08\x9D\x05\xF9\xCB\xCB\x84"
"\xE8\x03\x29\xF8\x2D\xB7\xBE\xCF\xB8\x4B\x00\x00\x00\x00\x49\x45\x4E\x44\xAE\x42\x60\x82"
}
};

static const binfile_t banner_gbc = {"banner_gbc.png", 519, {
"\x89\x50\x4E\x47\x0D\x0A\x1A\x0A\x00\x00\x00\x0D\x49\x48\x44\x52\x00\x00\x01\x10\x00\x00\x00\x18\x04"
"\x03\x00\x00\x00\xC0\x00\xBF\xFF\x00\x00\x00\x01\x73\x52\x47\x42\x00\xAE\xCE\x1C\xE9\x00\x00\x00\x04"
"\x67\x41\x4D\x41\x00\x00\xB1\x8F\x0B\xFC\x61\x05\x00\x00\x00\x06\x50\x4C\x54\x45\xFF\x00\xFF\xF8\xFC"
"\xF8\x2F\x1E\xE2\x05\x00\x00\x00\x09\x70\x48\x59\x73\x00\x00\x0E\xC4\x00\x00\x0E\xC4\x01\x95\x2B\x0E"
"\x1B\x00\x00\x01\x8A\x49\x44\x41\x54\x48\xC7\xED\x95\x51\x8E\xC3\x30\x08\x44\x99\x1B\xC0\xFD\x2F\xBB"
"\x89\x19\xC6\xB4\x8A\xDA\x50\xED\xC7\xAE\x54\x4B\x71\x70\xEC\xC4\xCF\x30\x10\xFB\xB6\xBF\xDF\xE2\x6C"
"\xC7\x1D\xAB\x3F\x86\xBE\x06\xCE\x19\x4E\xE5\xE3\xB4\xB8\x86\x8F\xB2\xFF\x25\x8E\x3B\x20\xE7\x93\x34"
"\x1E\x40\x0A\xD1\xD0\x80\x10\x63\xBC\x88\xDA\x4E\x7B\x6A\x93\x27\x90\xD0\xEA\xC5\x0C\x4D\x39\xBF\xD4"
"\x39\xA6\x24\xC8\x9D\x8E\x0E\xFB\xCC\xC4\x81\x3E\x8D\x1C\x39\xC8\xE7\xE7\x5D\x0E\x59\x2F\xD7\x98\x26"
"\x4F\x30\x72\x88\xDD\x03\xB1\x04\xC9\x51\xB3\xCF\x40\xAD\x77\xC1\x98\x2E\xCE\x29\xC8\xDE\xCB\xE8\x4D"
"\x85\xA0\x83\x74\x47\x2C\x10\xF9\x7E\xAD\x73\xC6\x4B\x1E\x4A\xAF\xCC\x40\x14\x49\x1E\xE9\x15\x48\x7D"
"\x7C\x59\x72\x65\x49\x08\x5B\xCD\x3E\x06\xD9\x92\x42\x07\x41\x81\x54\x86\x46\x65\x4B\x03\x51\x72\x51"
"\x42\x4E\xB7\x65\xE8\x62\x0A\xD2\x2C\xA4\xEA\x56\x08\x24\xB9\x06\xE2\xD8\xF9\x41\x6F\x55\x38\xCE\x8E"
"\x20\x69\x0E\xB2\xA6\x1F\xF1\x63\x90\xD6\x2F\x10\x82\x79\xB4\xF4\x7F\xD3\xB6\x47\x28\xF9\x72\x7E\x9A"
"\x50\xD9\x32\x4A\x1A\x25\x47\x6B\x73\x2F\x40\x6C\xD4\x2E\x40\x34\xB6\x96\xBD\x59\x6B\xD0\x2B\xC5\x25"
"\x88\xA5\x60\x3D\xA6\xF5\xAC\x34\xC9\xCC\x7F\x0B\xA2\x9F\xC0\x13\x08\xC5\x8A\x63\x09\xF3\x7C\xE8\x92"
"\x87\x2D\xC0\x3B\x13\xF8\xA9\x9E\x29\x7D\xB9\xC6\xFB\x4C\xD4\x61\x54\x52\x86\x2E\xA9\x9A\x7D\x03\x44"
"\xCA\x88\x07\x10\x0A\x2A\x58\x5B\xBC\x54\x8D\x79\x89\x0F\x65\x47\x94\xD8\x9B\xE2\xF7\x89\xAB\xB2\xEC"
"\x1F\x5E\x4D\x31\x5B\x65\x76\x15\x0D\x5C\x92\xAF\xDB\x06\x41\xD8\x25\x48\x2D\xB7\x06\x82\x62\x30\x95"
"\x63\x57\x85\xB3\x31\xC9\x2D\x10\xBB\x02\xA9\xDF\x77\x9A\xFA\x6A\xF0\xFA\xB6\xFF\xDB\xCC\x7E\x00\xC4"
"\x05\x3F\x02\xE0\xBA\x86\x15\x00\x00\x00\x00\x49\x45\x4E\x44\xAE\x42\x60\x82"
}
};

static const binfile_t banner_gg = {"banner_gg.png", 452, {
"\x89\x50\x4E\x47\x0D\x0A\x1A\x0A\x00\x00\x00\x0D\x49\x48\x44\x52\x00\x00\x01\x10\x00\x00\x00\x18\x04"
"\x03\x00\x00\x00\xC0\x00\xBF\xFF\x00\x00\x00\x01\x73\x52\x47\x42\x00\xAE\xCE\x1C\xE9\x00\x00\x00\x04"
"\x67\x41\x4D\x41\x00\x00\xB1\x8F\x0B\xFC\x61\x05\x00\x00\x00\x06\x50\x4C\x54\x45\xFF\x00\xFF\xF8\xFC"
"\xF8\x2F\x1E\xE2\x05\x00\x00\x00\x09\x70\x48\x59\x73\x00\x00\x0E\xC4\x00\x00\x0E\xC4\x01\x95\x2B\x0E"
"\x1B\x00\x00\x01\x47\x49\x44\x41\x54\x48\xC7\xED\x95\x6B\x6E\x03\x21\x0C\x84\x3D\x37\x18\xEE\x7F\xD9"
"\x16\xFC\xC0\x26\x9B\x46\xCD\xBA\x7F\xAA\x58\x89\x08\xF0\x2D\xCC\x82\x3D\x91\x4F\x3C\x8D\x31\x06\xAD"
"\x5D\xBF\x30\x3C\x74\x52\x67\x03\x43\xA6\x64\x3F\x76\x3B\x90\xBE\x22\x5C\x9F\x98\x81\x8D\x25\x84\x89"
"\x42\x7A\xEC\x76\xB0\xEC\x4F\x5B\xD9\xB6\xA1\x94\xAD\x18\x62\x90\x89\x16\x21\xD0\xB3\xD5\xA3\xE6\xF7"
"\x8A\xC4\x6C\xD7\x90\x4D\x66\x6C\x4D\xEB\xFC\x26\xD8\x21\xA4\x2C\x32\x65\xE8\x6B\xCE\x77\x5E\xBD\x03"
"\x43\xC2\xA1\x8C\x24\xEC\xFD\x40\x39\x56\x42\x4F\xDD\x84\x20\xEE\x29\xDD\x41\x16\x42\x1D\xEF\x11\x82"
"\xDA\x51\x0D\xD8\xA7\x53\xB1\x2C\xC4\x89\xB2\xC6\x2D\x21\xD0\x3C\x78\x25\x64\x62\xD7\x42\xD8\x24\x84"
"\xB6\xCD\x78\x14\x62\xC9\x1A\x18\xDD\x59\x34\x47\x95\x68\x38\x90\xB5\x03\x76\x0E\x9C\x42\x74\x2C\x61"
"\xB5\xC8\xD9\xE1\x22\xFA\xAE\x7A\x1B\x71\xCD\x59\x08\x92\x47\x38\x76\xDA\x87\xDB\xDA\x78\x3F\x4C\xCE"
"\xF2\x0D\xB7\x8F\x51\xAA\x37\xDD\x43\x60\x7E\x59\x6A\x1F\x46\xB0\xC7\x57\x59\xB2\xEE\x10\xC2\x2B\x2C"
"\xFA\x8D\x36\x52\x77\xE0\xAF\x84\x6C\x3F\xEB\x32\xD6\x48\x88\x9F\x85\x28\xB6\xB3\xB4\x5B\x88\xFD\x83"
"\xEC\x7A\xBC\xCE\x11\xC7\x34\x47\x98\x8A\xBD\x45\x08\xBC\xD9\xA5\x71\x56\xAF\xF0\xC0\xBC\x78\x9A\x8D"
"\xF5\xA5\x10\xC8\x83\x10\xFE\x81\x10\x2F\xE6\xDD\x52\x1D\x7F\x56\x67\x14\xFA\x81\xF9\x0C\x17\x89\xF0"
"\x82\x4F\xFC\xA7\x10\xF9\x02\x0F\x4F\x1E\x64\x34\x6D\x13\x09\x00\x00\x00\x00\x49\x45\x4E\x44\xAE\x42"
"\x60\x82"
}
};

static const binfile_t banner_gw = {"banner_gw.png", 429, {
"\x89\x50\x4E\x47\x0D\x0A\x1A\x0A\x00\x00\x00\x0D\x49\x48\x44\x52\x00\x00\x01\x10\x00\x00\x00\x18\x02"
"\x03\x00\x00\x00\x4F\x40\x4A\x5F\x00\x00\x00\x01\x73\x52\x47\x42\x00\xAE\xCE\x1C\xE9\x00\x00\x00\x04"
"\x67\x41\x4D\x41\x00\x00\xB1\x8F\x0B\xFC\x61\x05\x00\x00\x00\x09\x50\x4C\x54\x45\xFF\x01\xFF\xFF\xFF"
"\xFF\xFC\xF6\xFC\x2E\x26\xB7\x2C\x00\x00\x00\x09\x70\x48\x59\x73\x00\x00\x0E\xC4\x00\x00\x0E\xC4\x01"
"\x95\x2B\x0E\x1B\x00\x00\x01\x2D\x49\x44\x41\x54\x38\xCB\xE5\xD3\x3B\x72\xC4\x30\x08\x06\x60\x28\xE8"
"\x53\x84\xFB\xE0\xC2\x3D\x9A\x81\x4B\xFA\x94\xF9\x41\xEB\x8C\x9B\x44\xDA\x7A\x55\x68\xF6\x21\xBE\x01"
"\x81\xE8\x03\x97\xEE\x1C\x4A\xC3\xE6\x44\x42\xEC\x89\x2F\x1C\x1D\xC9\x4E\x2A\x67\x86\x64\xB0\x89\xFD"
"\x6F\xE0\x10\x55\x44\xC7\x15\x22\xA5\x2A\x89\x53\x2A\x10\xCD\x5C\x23\x38\x44\x15\x41\x89\xBD\x91\xF3"
"\x46\x22\x81\x24\xE9\xB1\x44\x70\xC8\x2A\x82\xF1\xC1\xAB\x12\xE1\x46\xD4\x91\x98\x29\x8A\x93\xB1\x42"
"\x50\x48\x55\xFF\x44\x66\x26\xE9\x32\x0A\x41\x8E\xBC\x81\x54\x3A\x8E\xAB\xC0\xDE\x08\xEE\x60\x22\x07"
"\x90\x0A\x5F\x22\xF3\xEF\x00\x72\x72\x34\xC2\x89\xDF\x94\x87\xA3\x39\x2F\x24\x73\x03\x61\xAF\x7E\x62"
"\x9F\xDD\x11\x94\x23\xC3\x13\xC2\x0E\x72\x5D\x62\x8C\x59\x00\x12\x22\xD6\x08\xFA\x5A\xC8\xE1\xF1\x44"
"\xAE\x3F\x57\x67\x52\x88\x15\xA2\x2F\x84\x0B\xA9\x7A\x42\xB6\xEF\x84\x6B\xA0\xD0\x4F\x51\xEA\x3B\xF9"
"\xA6\xA8\xE9\xE1\x1C\xF9\x4E\x77\x50\x85\x8B\x4B\xDC\x48\x65\x12\x9C\xC7\x3B\x08\x37\x62\x0F\xA4\x06"
"\xA7\x9A\x84\x72\x90\xD6\xD6\xC4\xE2\x0E\xC9\x7B\xCE\x1D\x39\xA0\x92\x11\x8D\x68\x23\xB9\xF9\x76\x66"
"\x38\x0E\xDE\x0F\x10\x99\x18\x07\x5C\x20\xBB\xAF\xB8\xC2\xE3\x17\x41\x73\xBE\xFA\x49\x47\x23\x9C\xB6"
"\x46\x28\x57\x07\x3E\x69\x11\xFD\x00\x02\x5C\x70\xBB\x77\x13\x7A\x02\x00\x00\x00\x00\x49\x45\x4E\x44"
"\xAE\x42\x60\x82"
}
};

static const binfile_t banner_lnx = {"banner_lnx.png", 367, {
"\x89\x50\x4E\x47\x0D\x0A\x1A\x0A\x00\x00\x00\x0D\x49\x48\x44\x52\x00\x00\x01\x10\x00\x00\x00\x18\x04"
"\x03\x00\x00\x00\xC0\x00\xBF\xFF\x00\x00\x00\x01\x73\x52\x47\x42\x00\xAE\xCE\x1C\xE9\x00\x00\x00\x04"
"\x67\x41\x4D\x41\x00\x00\xB1\x8F\x0B\xFC\x61\x05\x00\x00\x00\x06\x50\x4C\x54\x45\xFF\x00\xFF\xF8\xFC"
"\xF8\x2F\x1E\xE2\x05\x00\x00\x00\x09\x70\x48\x59\x73\x00\x00\x0E\xC4\x00\x00\x0E\xC4\x01\x95\x2B\x0E"
"\x1B\x00\x00\x00\xF2\x49\x44\x41\x54\x48\xC7\xED\x95\x5D\x0E\x84\x20\x0C\x84\xDB\x1B\xC0\xFD\x2F\xBB"
"\xC8\x4F\x3B\xAD\xBA\x89\x9B\xD1\xEC\x83\x7D\x30\x80\x05\xBE\xD0\x19\x90\x37\xFE\x3C\xB4\xB6\x28\xAD"
"\x51\x57\x03\x7F\x88\x8C\xEF\x8C\x2D\xA1\x8F\xAF\x4C\x4D\x93\x18\x20\x1A\x49\xD6\xB8\x22\x89\x8F\xC0"
"\x1C\x0E\x07\xAC\x35\xD6\xF7\x3D\x7B\x67\x9C\x40\x41\x10\x27\x61\x72\xE0\x62\x48\xB2\x9A\xED\x17\xEC"
"\x36\x1B\x48\xC2\xE2\x40\x10\x28\x0E\x28\x07\x65\x12\x33\x37\x12\x1A\x47\x38\x5E\x23\x09\xF5\x02\x99"
"\xA4\x4C\xDE\x71\x48\xD6\x9B\x3B\x05\x4A\xE4\xD5\x09\x62\x2E\x4A\x45\xD1\xEC\x95\xA8\xC1\x1A\x4C\xEC"
"\xC3\x2D\x4B\x84\x4A\x92\x94\xAF\xC9\x0B\x13\xC4\x2E\x15\x53\x50\x19\x8E\x62\x20\x9C\x59\xF0\xC8\xC5"
"\x56\x22\x17\x6B\xAB\x0C\x9A\xED\xF7\x38\x3E\x91\xC4\xE1\xBD\x9E\x76\xA7\x58\x73\x24\x30\x03\x49\x5B"
"\xDF\x4F\x72\x06\x12\x9E\x00\x2D\x7C\x12\xC5\x72\x95\x2F\x20\xF0\x2A\xEA\xEE\xF1\x7B\x14\xC4\x6E\x93"
"\x99\x42\x26\xB9\x00\xA2\x29\x83\x4B\x72\x01\x64\x77\xDD\x3D\xE0\x9D\x37\xDE\x10\x91\x0F\x80\xB7\x29"
"\xE7\xAD\xA8\xF4\x26\x00\x00\x00\x00\x49\x45\x4E\x44\xAE\x42\x60\x82"
}
};

static const binfile_t banner_md = {"banner_md.png", 347, {
"\x89\x50\x4E\x47\x0D\x0A\x1A\x0A\x00\x00\x00\x0D\x49\x48\x44\x52\x00\x00\x01\x10\x00\x00\x00\x18\x02"
"\x03\x00\x00\x00\x4F\x40\x4A\x5F\x00\x00\x00\x01\x73\x52\x47\x42\x00\xAE\xCE\x1C\xE9\x00\x00\x00\x04"
"\x67\x41\x4D\x41\x00\x00\xB1\x8F\x0B\xFC\x61\x05\x00\x00\x00\x09\x50\x4C\x54\x45\xFF\x00\xFF\xFF\xFF"
"\xFF\xFF\xFE\xFF\xB1\x1A\xD2\x59\x00\x00\x00\x09\x70\x48\x59\x73\x00\x00\x0E\xC4\x00\x00\x0E\xC4\x01"
"\x95\x2B\x0E\x1B\x00\x00\x00\xDB\x49\x44\x41\x54\x38\xCB\xED\x94\x4D\x12\xC3\x20\x08\x85\x61\xC1\x11"
"\xB8\x8F\xB9\x81\x0B\xB9\x64\x4E\x59\x78\x92\xBF\x4E\x3B\xD1\x4E\x97\x79\x0B\x87\x38\xF2\xE9\x43\x0C"
"\x3D\xFA\x28\x36\x57\x89\xB1\x89\x15\x52\xC3\x4C\xF3\xC0\xA7\xAD\x92\xE0\xEB\x46\x02\x08\x96\x2A\x72"
"\x7B\x1A\xD8\x4B\xC2\xEA\x1D\xC4\xB0\x13\x48\xBE\x3E\x20\x07\x95\x13\x56\x46\xDC\x54\x1C\x27\x36\xAD"
"\x6A\x3D\xC6\x34\x87\xC5\x21\x37\xB1\x8D\xE6\x18\x42\xCC\xB0\xC0\x61\x91\xEE\xF5\x2F\x08\x47\x62\xDA"
"\xB1\x8C\xE1\x32\x0A\xAB\x36\xE0\x47\x50\x43\xCD\x5B\xE5\x84\xB4\x19\xC8\xBA\x3A\x24\x13\x6B\xDE\x8C"
"\xF6\x92\x5E\x21\xEB\x77\xE1\x24\x4B\x26\x52\xF6\x08\xE2\x69\x3B\x9E\xBC\x15\x36\xDA\x46\xB7\xB6\x10"
"\x34\x9B\x6B\x1A\xA2\xBF\x41\xF6\x1B\x69\x1B\x64\xEF\xE1\x80\xC8\x90\x9D\x9E\xFE\x0E\xE1\x7E\xD1\x63"
"\x6F\x07\x90\xAA\xF9\x76\x76\x48\xD1\x99\xB7\x23\x47\x9B\xD1\x09\x42\xF9\x83\x18\x7B\x3B\x8F\x2E\x22"
"\x7A\x01\x22\xDB\x99\x69\x04\xD6\x56\x7B\x00\x00\x00\x00\x49\x45\x4E\x44\xAE\x42\x60\x82"
}
};

static const binfile_t banner_nes = {"banner_nes.png", 332, {
"\x89\x50\x4E\x47\x0D\x0A\x1A\x0A\x00\x00\x00\x0D\x49\x48\x44\x52\x00\x00\x01\x10\x00\x00\x00\x18\x04"
"\x03\x00\x00\x00\xC0\x00\xBF\xFF\x00\x00\x00\x01\x73\x52\x47\x42\x00\xAE\xCE\x1C\xE9\x00\x00\x00\x04"
"\x67\x41\x4D\x41\x00\x00\xB1\x8F\x0B\xFC\x61\x05\x00\x00\x00\x06\x50\x4C\x54\x45\xFF\x00\xFF\xF8\xFC"
"\xF8\x2F\x1E\xE2\x05\x00\x00\x00\x09\x70\x48\x59\x73\x00\x00\x0E\xC4\x00\x00\x0E\xC4\x01\x95\x2B\x0E"
"\x1B\x00\x00\x00\xCF\x49\x44\x41\x54\x48\xC7\xED\x94\x59\x0E\xC3\x20\x0C\x44\xED\x1B\x30\xF7\xBF\x6C"
"\xBD\x01\xA1\xA2\x52\x55\xB9\xC0\x07\x4E\x14\x5B\x30\x0A\x8F\x89\x09\xDD\xB8\xF1\x55\xA0\xC8\x2D\x8F"
"\xD9\xC4\xD2\x00\x1A\x08\x63\x98\xD8\x01\x42\x06\x03\xBD\x83\x4B\x8A\xC2\x58\x09\x03\x43\x50\x02\xB0"
"\x5C\x54\x4B\xE3\x19\x3D\xFA\x33\x48\x09\x14\x36\x10\xD4\x72\x03\x08\x3F\x41\x62\xE4\x00\x90\x8D\x8E"
"\x50\x07\x21\x6F\x56\x2F\xD6\x35\xAB\x76\x65\xCE\x9B\xB4\xB7\x7E\x0F\x3A\x2B\xEC\xAC\x22\x52\x89\x0F"
"\x22\x6D\xC3\x51\xE3\xA1\x08\xB9\xCD\x85\xDC\x0E\x5A\x0E\x88\x18\x2B\x6F\x96\xCC\xFA\x5F\xF3\x2C\x49"
"\x16\xB3\x87\xE6\xAA\xE8\x72\xAD\x7D\xC8\x24\x29\x20\xBE\x45\x05\xD0\x2D\xCE\x40\x9A\x82\xA8\x3B\xE7"
"\x3A\x20\x0F\x64\x74\x44\xCE\x49\x5B\x60\xE6\x08\x85\xB0\x02\xE7\x39\xC2\x7D\xBF\x1F\x1C\xE1\x37\x47"
"\x82\x54\x13\x27\x3A\x72\xE3\xC6\xF1\x41\xF4\x02\x21\x3A\x1B\x2A\xFF\x2D\xA5\xD2\x00\x00\x00\x00\x49"
"\x45\x4E\x44\xAE\x42\x60\x82"
}
};

static const binfile_t banner_ngp = {"banner_ngp.png", 465, {
"\x89\x50\x4E\x47\x0D\x0A\x1A\x0A\x00\x00\x00\x0D\x49\x48\x44\x52\x00\x00\x01\x10\x00\x00\x00\x18\x04"
"\x03\x00\x00\x00\xC0\x00\xBF\xFF\x00\x00\x00\x01\x73\x52\x47\x42\x00\xAE\xCE\x1C\xE9\x00\x00\x00\x04"
"\x67\x41\x4D\x41\x00\x00\xB1\x8F\x0B\xFC\x61\x05\x00\x00\x00\x21\x50\x4C\x54\x45\xFF\x00\xFF\xFF\xFF"
"\xFF\xFB\xFB\xFB\xF7\xF7\xF7\xCF\xCF\xCF\xF8\xFC\xF8\xF4\xF8\xF4\xBF\xBF\xBF\xF3\xF3\xF3\xE3\xE3\xE3"
"\xEB\xEB\xEB\xAD\x8C\x96\xDD\x00\x00\x00\x09\x70\x48\x59\x73\x00\x00\x0E\xBF\x00\x00\x0E\xBF\x01\x38"
"\x05\x53\x24\x00\x00\x01\x39\x49\x44\x41\x54\x48\xC7\xED\x96\xC1\x6D\xC3\x30\x0C\x45\x3F\x9B\x05\xC8"
"\x5B\xAE\xD9\xA4\x4B\x38\x7B\x74\x84\x6E\xD0\x11\x3A\x6A\xC4\xFF\x69\x5B\x45\x7B\x28\x50\x39\xD6\xA1"
"\x0C\x22\x84\xA1\xAD\xFF\x4C\x52\x84\xF1\x7B\x73\x84\x63\x0A\xB3\xC0\xE9\x76\x8B\x98\x22\x21\x91\x86"
"\x19\x38\xDA\x72\x3B\x9F\xA3\xF5\x86\x85\xDB\x04\x20\xAD\x3D\xA6\x01\xE1\x7A\xBA\xC5\xD3\x40\x52\xC4"
"\x2C\x4F\x86\x05\x0F\x69\xAE\x56\xCB\x0E\x42\xA7\x82\x79\x07\x2F\x31\x9E\xA8\x51\x20\x29\xC4\x47\x0E"
"\xFE\xE6\xD0\xA0\x56\xE0\xD2\xFE\x72\x56\xC7\xF6\xE0\x6B\x06\x1B\x8E\xEE\x06\x86\x83\xD4\x37\x91\xDC"
"\x4A\x43\x18\x21\x59\x03\x83\x61\x74\x47\x82\x2C\xCB\x72\x27\x04\x41\xDE\x40\x04\x5F\xF7\xBF\xA2\x7A"
"\x95\xA9\x10\xD5\x07\xB0\xD2\xEE\x20\xCB\x5F\xAD\x32\x92\x52\x29\xCF\x62\x5F\x6B\x7F\xD7\xD3\xAB\x45"
"\x50\x8E\xAF\x41\x73\x1C\x50\x9A\xFC\x64\xE7\x49\xB8\xF6\xDF\xFC\x3A\x31\x5F\x41\xA2\x2E\x19\x0D\xE2"
"\xB6\x67\x80\xC7\x21\xBA\x8C\xFC\x00\xC2\x93\x72\x40\x46\x9A\xFA\x56\x1A\x65\x84\xEB\x0A\x10\xDF\x41"
"\x0E\x2A\x4D\xB7\xB3\xCA\x2F\x90\x77\xA8\x57\x04\xD8\x07\x35\x6D\x0F\x03\x79\x91\x28\xE7\x97\x75\x10"
"\x54\xB7\x3E\xC8\x99\x36\x1E\x24\x25\x38\x59\x43\xED\xB7\x0D\x59\xF9\xD5\x24\x7D\xD0\x35\xFC\x06\x37"
"\x6B\x67\xF1\x49\xB2\x6D\x68\xD7\x6B\x99\x77\xCE\x0C\xAF\x8C\xFF\xF6\x2C\x03\x1E\xE2\xEA\x29\x72\xF3"
"\x48\x1E\x12\x00\x00\x00\x00\x49\x45\x4E\x44\xAE\x42\x60\x82"
}
};

static const binfile_t banner_pce = {"banner_pce.png", 339, {
"\x89\x50\x4E\x47\x0D\x0A\x1A\x0A\x00\x00\x00\x0D\x49\x48\x44\x52\x00\x00\x01\x10\x00\x00\x00\x18\x04"
"\x03\x00\x00\x00\xC0\x00\xBF\xFF\x00\x00\x00\x01\x73\x52\x47\x42\x00\xAE\xCE\x1C\xE9\x00\x00\x00\x04"
"\x67\x41\x4D\x41\x00\x00\xB1\x8F\x0B\xFC\x61\x05\x00\x00\x00\x06\x50\x4C\x54\x45\xFF\x00\xFF\xF8\xFC"
"\xF8\x2F\x1E\xE2\x05\x00\x00\x00\x09\x70\x48\x59\x73\x00\x00\x0E\xC4\x00\x00\x0E\xC4\x01\x95\x2B\x0E"
"\x1B\x00\x00\x00\xD6\x49\x44\x41\x54\x48\xC7\xED\x56\x5B\x0E\xC3\x30\x08\xB3\x6F\x00\xF7\xBF\xEC\x30"
"\x0F\x4D\x93\xB6\xCF\x86\x4A\x9D\x85\x28\x55\x3E\xE2\x1A\x87\x14\x7F\xFC\x00\xDD\x3D\x1E\xCA\x2A\xDD"
"\xB0\x04\xE6\xE6\x99\xA9\xF7\x35\x22\xA5\x42\x66\x11\x21\xB6\x20\x16\xC6\x0C\xEB\x36\xAD\x80\x8E\x24"
"\xA2\xDA\xF6\xE4\x48\x22\x11\x65\x51\x5B\xF3\x07\xCA\x22\x4D\x84\x50\x35\xD6\xAD\x05\x1E\xEB\x55\xB9"
"\x34\x77\xA3\xC2\x3A\x55\x9F\xA4\xD1\x19\x99\xD8\xDF\x1D\x61\x43\x04\xD2\x05\x7D\x86\xFC\x90\x71\x58"
"\x4D\x49\x5D\xF2\xF8\x34\x07\x06\x25\x1D\xA5\xAC\x2E\x46\x99\xA3\x9A\x92\x75\x4B\x42\x35\xC4\xAA\x60"
"\xAC\x10\x7E\x29\x86\xCD\x90\x92\x2B\x3C\xE9\x68\xE7\xC8\xC5\x68\x61\xC4\xD5\x80\x67\x4F\x93\x91\x64"
"\xE1\xF2\xF9\x46\x44\x7A\x9D\x27\xE2\x33\x53\xFA\xF2\x09\x39\xEA\x46\x5C\xC4\xEA\xB0\x7F\x43\x93\x05"
"\x37\x40\x8E\x54\xDC\x00\x06\xAC\xFD\x0C\x7C\xC0\xFD\x1E\x3C\x1E\x0A\xE0\x05\x8E\xB4\x13\x4B\xA6\x5B"
"\x35\xA2\x00\x00\x00\x00\x49\x45\x4E\x44\xAE\x42\x60\x82"
}
};

static const binfile_t banner_recent = {"banner_recent.png", 441, {
"\x89\x50\x4E\x47\x0D\x0A\x1A\x0A\x00\x00\x00\x0D\x49\x48\x44\x52\x00\x00\x01\x10\x00\x00\x00\x18\x04"
"\x03\x00\x00\x00\xC0\x00\xBF\xFF\x00\x00\x00\x01\x73\x52\x47\x42\x00\xAE\xCE\x1C\xE9\x00\x00\x00\x04"
"\x67\x41\x4D\x41\x00\x00\xB1\x8F\x0B\xFC\x61\x05\x00\x00\x00\x09\x50\x4C\x54\x45\xFF\x00\xFF\xFF\xFF"
"\xFF\xFD\xFD\xFD\x77\xBD\x34\xD8\x00\x00\x00\x09\x70\x48\x59\x73\x00\x00\x0E\xBF\x00\x00\x0E\xBF\x01"
"\x38\x05\x53\x24\x00\x00\x01\x39\x49\x44\x41\x54\x48\xC7\xED\x94\x6D\x12\x84\x20\x08\x86\xE1\x06\x72"
"\x85\xEE\x7F\xC8\x55\xBE\xC4\x4A\xB7\x74\xDA\xD9\x1F\xBD\xD3\xB8\xAD\x04\x3E\x02\x0A\xAF\xFE\x5C\x48"
"\x59\x5F\xBE\xA1\x14\xDE\xB3\x52\x3B\xD5\x86\x5B\x02\x49\x23\x8A\x23\x08\x3D\x06\x42\x23\xFB\x09\x48"
"\x7A\x00\xA4\x44\x1C\x79\x67\x7B\x34\xF3\x3B\xA5\xAE\xC7\x30\xB9\x97\x40\x90\xD3\x12\xC6\x3C\x49\xE5"
"\xE1\x55\xBD\x2D\x02\x88\x97\x88\x59\x79\x9E\xD2\x1A\x48\x8E\x52\x2A\x94\x0E\x63\x0E\xEC\x20\x92\x84"
"\x0A\x22\x5D\x2E\x86\xE8\x31\x0D\xE2\x35\xB7\x14\x78\x70\x9E\x55\x43\x04\xC1\xC0\xD6\x8C\xE5\x59\x06"
"\x81\x10\xD0\xEA\xA2\x35\x40\x23\x02\xEF\x6D\xD4\x3F\x6A\x88\xDE\x93\xD2\x6B\x44\xE2\xDB\xA6\x9B\xA4"
"\x83\x2C\xA6\x4B\x84\x43\x83\xF2\x95\x55\x89\x24\x59\x13\x0C\x5B\x96\xAD\x75\x0F\x44\xA6\xA8\x03\xB2"
"\xDD\x94\x65\x04\x76\x9D\x68\xBB\x6A\x40\xD0\x8E\x83\xFF\x68\x0B\xB1\x21\xB6\x0F\x4C\x4A\xBD\x6B\xA8"
"\xBA\x77\x6B\xC3\x1E\x08\x9C\x80\xD0\x2A\x88\xA7\xBF\x29\x85\x1F\x1A\xBD\x27\x1C\x44\x3E\xC4\x7A\x81"
"\x88\x07\xA7\x69\x52\xEC\xA9\x15\x87\x38\xA2\x77\x82\x9E\x58\xE7\x36\x10\xBD\x3B\x38\x80\xFB\x2D\x83"
"\xC8\x0D\xA0\x1B\x27\xCD\x83\xEC\xF8\x1C\x44\xAF\x51\x35\x90\x78\x2F\x5C\xAC\x17\xD5\x6D\xC2\xF9\xEE"
"\x9C\x53\xB7\x09\xE9\xB7\x20\xDD\xDA\xD3\xE3\xB5\xD8\xAF\x77\xD7\xF0\x6A\x5A\x00\x1F\xFB\x48\x28\xD1"
"\xF5\xFD\xB3\x15\x00\x00\x00\x00\x49\x45\x4E\x44\xAE\x42\x60\x82"
}
};

static const binfile_t banner_sms = {"banner_sms.png", 495, {
"\x89\x50\x4E\x47\x0D\x0A\x1A\x0A\x00\x00\x00\x0D\x49\x48\x44\x52\x00\x00\x01\x10\x00\x00\x00\x18\x04"
"\x03\x00\x00\x00\xC0\x00\xBF\xFF\x00\x00\x00\x01\x73\x52\x47\x42\x00\xAE\xCE\x1C\xE9\x00\x00\x00\x04"
"\x67\x41\x4D\x41\x00\x00\xB1\x8F\x0B\xFC\x61\x05\x00\x00\x00\x06\x50\x4C\x54\x45\xFF\x00\xFF\xF8\xFC"
"\xF8\x2F\x1E\xE2\x05\x00\x00\x00\x09\x70\x48\x59\x73\x00\x00\x0E\xC4\x00\x00\x0E\xC4\x01\x95\x2B\x0E"
"\x1B\x00\x00\x01\x72\x49\x44\x41\x54\x48\xC7\xED\x96\x51\x8E\xC3\x20\x0C\x44\x3D\x37\xB0\xEF\x7F\xD9"
"\xC5\x33\x36\x41\x51\x55\xAD\x16\x1A\xED\x47\xFD\xD1\x06\xD2\xE2\x97\x19\x6C\x62\xDF\xF8\xE7\x11\x19"
"\x86\xFC\xF4\x1A\xD8\x18\x3E\xCE\x01\xE5\xE6\xA7\xA3\x41\x12\xEA\xE1\x50\xC6\x52\xA0\xD3\x23\x34\x91"
"\x50\x78\xC1\x84\x0F\x70\x4A\x0C\x50\x0C\xD7\x80\x40\x4C\x85\x58\x5D\x8A\xF5\x4F\x8D\x7C\x8C\x28\x20"
"\x10\xEE\x11\x0D\x32\x91\x43\x20\x4E\x55\x6E\x20\xE3\x1E\x3E\x00\xC2\x8C\x43\x8C\x39\x20\xDD\x0A\x52"
"\x5F\x25\x55\x30\x7B\x5E\x8D\xF9\x64\x8A\xBC\xB2\x5D\xB7\x28\x82\x51\x91\x5C\xDA\x55\x42\xB5\x49\xC6"
"\x3D\x90\xA0\xBC\x83\x13\x11\x13\x89\x7E\xE6\x04\xC2\x37\x0B\x4D\x8B\xDD\x40\x32\x15\x41\x32\x4B\x83"
"\xF0\x82\x33\xA5\x4A\xD4\x3C\x85\x8C\x5D\x97\x52\x51\x5C\x96\xA4\xE8\x9D\x9F\x20\x7A\xD2\xBA\x11\xE5"
"\x61\x2A\xA5\xDD\x73\x04\x64\x76\xB2\x52\x42\x8A\xE4\x83\x13\xC4\xAD\xA5\xA1\x3D\x51\xE2\xD1\x01\x94"
"\x23\xDE\x96\x99\x74\xFC\x53\x5C\x38\x7E\x07\x29\xC9\x1B\x44\xC0\x2E\xBB\xBA\xE3\x48\x93\xFE\xDD\xBE"
"\x35\x66\x97\x13\x73\x2B\x94\xDC\xB9\x76\x0B\x6F\xB8\x40\x50\x88\x66\x07\x41\xE2\x52\x44\x7D\x44\x85"
"\x11\x2C\x1B\xAE\x2D\xAC\x06\xF1\xA8\x3E\x32\xEE\x7B\x81\xE0\x14\x88\xAD\x9D\xD5\x25\x4B\xD8\x04\x31"
"\x15\xAE\x73\x1B\xB8\x9A\x2D\xBB\x9E\xDA\x4D\x9C\xA9\x9A\x8C\x3E\x5A\xD4\x94\xA6\x4F\xF3\xAC\x91\x44"
"\xCC\x1F\x50\x99\xB1\xB7\xB2\xD1\xE5\x96\xE5\x74\xEC\x35\x92\x58\xCE\xFF\xDE\xF6\x75\xE6\xBC\x7F\x42"
"\x1C\x3E\xF7\xAA\x80\xD6\xF7\x91\xDF\x80\xC0\x9F\x7F\x63\x79\x19\x78\xFE\x85\xE5\x1B\x4F\x87\xD9\x0F"
"\x61\xA4\x28\x20\x7F\x8C\x90\xBB\x00\x00\x00\x00\x49\x45\x4E\x44\xAE\x42\x60\x82"
}
};

static const binfile_t banner_snes = {"banner_snes.png", 479, {
"\x89\x50\x4E\x47\x0D\x0A\x1A\x0A\x00\x00\x00\x0D\x49\x48\x44\x52\x00\x00\x01\x10\x00\x00\x00\x18\x04"
"\x03\x00\x00\x00\xC0\x00\xBF\xFF\x00\x00\x00\x01\x73\x52\x47\x42\x00\xAE\xCE\x1C\xE9\x00\x00\x00\x04"
"\x67\x41\x4D\x41\x00\x00\xB1\x8F\x0B\xFC\x61\x05\x00\x00\x00\x0C\x50\x4C\x54\x45\xFF\x00\xFF\xFF\xFF"
"\xFF\xF8\xFC\xF8\xF4\xF8\xF4\xFC\x2A\x4F\xA6\x00\x00\x00\x09\x70\x48\x59\x73\x00\x00\x0E\xC4\x00\x00"
"\x0E\xC4\x01\x95\x2B\x0E\x1B\x00\x00\x01\x5C\x49\x44\x41\x54\x48\xC7\xCD\x96\x61\x92\xC3\x20\x08\x85"
"\xE1\x06\x70\x85\xEC\xFD\xEF\xB8\x02\x0F\xD4\xB4\x93\xFD\xB1\xB8\x5B\xA6\xA3\x2D\xB1\x79\x5F\x88\x3E"
"\xA5\x4F\x0B\x1D\x41\x2A\xE3\xC3\xF6\x6D\x34\xE2\x29\xBB\x44\x96\x95\xE8\x35\x2E\x20\x89\xA1\xE3\x7F"
"\xCD\x20\xA6\xAA\xA5\x15\x0A\x6C\x78\xAE\xEA\xBD\xAA\x41\xD6\x8F\xA0\xE9\x04\x19\x82\x68\x42\x97\xA2"
"\x3E\x77\x90\x18\x53\x49\xD4\xEA\x3C\x08\xB9\x26\x03\x84\x7D\x00\x40\x72\x68\x2F\x88\xDF\x9F\x37\x1A"
"\x3C\xFB\x23\x08\x65\x59\x5A\x41\x5C\x47\xB2\x36\x77\x10\x9A\x20\xB2\x26\xB3\x70\xED\x20\x59\x9B\x7C"
"\x76\xB2\xF9\xE8\xAA\x3E\x1D\xB2\x5A\x48\x9E\x00\xC1\xB4\xFB\x09\x44\x5E\x40\x62\x58\x57\xF8\xFA\x48"
"\x10\x49\x10\x7B\xF7\xCA\x00\x61\x2C\x10\x07\xE1\x93\x20\xE5\x67\xC2\x8B\x3F\x0C\x4D\x05\x48\x50\xB8"
"\xC7\x20\x99\x34\x7D\xC1\xFA\x0C\x22\xEF\x40\xA4\x13\xE4\xBA\xAE\xAF\x05\x84\xCA\xE1\x39\x1D\xFE\x09"
"\x04\x65\xB1\xBB\xFC\x32\x0A\x08\x22\xE1\x09\x9B\xB1\x0E\x4D\x17\xB4\xBE\x8C\x35\x92\x94\x13\xB8\x31"
"\x54\xA6\x95\xDD\x40\x14\x20\xBA\x82\xE8\x1F\x38\x3C\xED\x0E\xBF\x82\xF0\x1D\xE4\xA0\xC3\x4F\x90\x30"
"\x56\x01\x88\xAC\x20\x91\x3C\xEC\xF0\x44\x9B\xC3\x43\x73\x82\xC8\x92\x3C\xEA\xF0\x44\x9B\xB1\xDA\x32"
"\x81\xE0\xDC\x0F\x91\xEC\x07\x91\xC5\xE1\x5F\x41\x72\xCB\x9F\x0E\x5F\x9B\x41\xB3\xB1\x72\x1D\xB5\x00"
"\x92\xFE\x70\x07\x49\x1B\x49\xEB\x8B\x53\xDA\x07\x80\xC8\x01\x10\x34\x92\x20\x58\x0D\xDB\xD1\xB9\x40"
"\x68\x05\x69\xF5\xB3\x7F\x0E\xA2\x6F\xD3\xF2\x39\xF4\xE0\x43\xB8\xA2\x00\x00\x00\x00\x49\x45\x4E\x44"
"\xAE\x42\x60\x82"
}
};

static const binfile_t banner_txt = {"banner_txt.png", 905, {
"\x89\x50\x4E\x47\x0D\x0A\x1A\x0A\x00\x00\x00\x0D\x49\x48\x44\x52\x00\x00\x01\x10\x00\x00\x00\x18\x08"
"\x03\x00\x00\x00\x05\xF0\x52\xFE\x00\x00\x02\xF4\x50\x4C\x54\x45\xFF\x00\xFF\xF8\xFC\xF8\x00\x00\x00"
"\x00\x00\x00\x00\x00\x00\x00\x00\x00\x00\x00\x00\x00\x00\x00\x00\x00\x00\x00\x00\x00\x00\x00\x00\x00"
"\x00\x00\x00\x00\x00\x00\x00\x00\x00\x00\x00\x00\x00\x00\x00\x00\x00\x00\x00\x00\x00\x00\x00\x00\x00"
"\x00\x00\x00\x00\x00\x00\x00\x00\x00\x00\x00\x00\x00\x00\x00\x00\x00\x00\x00\x00\x00\x00\x00\x00\x00"
"\x00\x00\x00\x00\x00\x00\x00\x00\x00\x00\x00\x00\x00\x00\x00\x00\x00\x00\x00\x00\x00\x00\x00\x00\x00"
"\x00\x00\x00\x00\x00\x00\x00\x00\x00\x00\x00\x00\x00\x00\x00\x00\x00\x00\x00\x00\x00\x00\x00\x00\x00"
"\x00\x00\x00\x00\x00\x00\x00\x00\x00\x00\x00\x00\x00\x00\x00\x00\x00\x00\x00\x00\x00\x00\x00\x00\x00"
"\x00\x00\x00\x00\x00\x00\x00\x00\x00\x00\x00\x00\x00\x00\x00\x00\x00\x00\x00\x00\x00\x00\x00\x00\x00"
"\x00\x00\x00\x00\x00\x00\x00\x00\x00\x00\x00\x00\x00\x00\x00\x00\x00\x00\x00\x00\x00\x00\x00\x00\x00"
"\x00\x00\x00\x00\x00\x00\x00\x00\x00\x00\x00\x00\x00\x00\x00\x00\x00\x00\x00\x00\x00\x00\x00\x00\x00"
"\x00\x00\x00\x00\x00\x00\x00\x00\x00\x00\x00\x00\x00\x00\x00\x00\x00\x00\x00\x00\x00\x00\x00\x00\x00"
"\x00\x00\x00\x00\x00\x00\x00\x00\x00\x00\x00\x00\x00\x00\x00\x00\x00\x00\x00\x00\x00\x00\x00\x00\x00"
"\x00\x00\x00\x00\x00\x00\x00\x00\x00\x00\x00\x00\x00\x00\x00\x00\x00\x00\x00\x00\x00\x00\x00\x00\x00"
"\x00\x00\x00\x00\x00\x00\x00\x00\x00\x00\x00\x00\x00\x00\x00\x00\x00\x00\x00\x00\x00\x00\x00\x00\x00"
"\x00\x00\x00\x00\x00\x00\x00\x00\x00\x00\x00\x00\x00\x00\x00\x00\x00\x00\x00\x00\x00\x00\x00\x00\x00"
"\x00\x00\x00\x00\x00\x00\x00\x00\x00\x00\x00\x00\x00\x00\x00\x00\x00\x00\x00\x00\x00\x00\x00\x00\x00"
"\x00\x00\x00\x00\x00\x00\x00\x00\x00\x00\x00\x00\x00\x00\x00\x00\x00\x00\x00\x00\x00\x00\x00\x00\x00"
"\x00\x00\x00\x00\x00\x00\x00\x00\x00\x00\x00\x00\x00\x00\x00\x00\x00\x00\x00\x00\x00\x00\x00\x00\x00"
"\x00\x00\x00\x00\x00\x00\x00\x00\x00\x00\x00\x00\x00\x00\x00\x00\x00\x00\x00\x00\x00\x00\x00\x00\x00"
"\x00\x00\x00\x00\x00\x00\x00\x00\x00\x00\x00\x00\x00\x00\x00\x00\x00\x00\x00\x00\x00\x00\x00\x00\x00"
"\x00\x00\x00\x00\x00\x00\x00\x00\x00\x00\x00\x00\x00\x00\x00\x00\x00\x00\x00\x00\x00\x00\x00\x00\x00"
"\x00\x00\x00\x00\x00\x00\x00\x00\x00\x00\x00\x00\x00\x00\x00\x00\x00\x00\x00\x00\x00\x00\x00\x00\x00"
"\x00\x00\x00\x00\x00\x00\x00\x00\x00\x00\x00\x00\x00\x00\x00\x00\x00\x00\x00\x00\x00\x00\x00\x00\x00"
"\x00\x00\x00\x00\x00\x00\x00\x00\x00\x00\x00\x00\x00\x00\x00\x00\x00\x00\x00\x00\x00\x00\x00\x00\x00"
"\x00\x00\x00\x00\x00\x00\x00\x00\x00\x00\x00\x00\x00\x00\x00\x00\x00\x00\x00\x00\x00\x00\x00\x00\x00"
"\x00\x00\x00\x00\x00\x00\x00\x00\x00\x00\x00\x00\x00\x00\x00\x00\x00\x00\x00\x00\x00\x00\x00\x00\x00"
"\x00\x00\x00\x00\x00\x00\x00\x00\x00\x00\x00\x00\x00\x00\x00\x00\x00\x00\x00\x00\x00\x00\x00\x00\x00"
"\x00\x00\x00\x00\x00\x00\x00\x00\x00\x00\x00\x00\x00\x00\x00\x00\x00\x00\x00\x00\x00\x00\x00\x00\x00"
"\x00\x00\x00\x00\x00\x00\x00\x00\x00\x00\x00\x00\x00\x00\x00\x00\x00\x00\x00\x00\x00\x00\x00\x00\x00"
"\x00\x00\x00\x00\x00\x00\x00\x00\x00\x00\x00\x00\x00\x00\x00\x00\x00\x00\x00\x00\x00\x00\x00\x00\x00"
"\x00\x00\x00\x00\x00\x00\x00\x00\x00\x00\x00\x00\x00\x00\x00\x00\x00\x00\x00\x00\x00\x00\xC6\x37\x2D"
"\xB9\x00\x00\x00\x50\x49\x44\x41\x54\x78\xDA\xED\xD5\x4B\x0A\xC0\x20\x0C\x40\xC1\xF4\xFE\x97\x2E\x6E"
"\x6C\xFD\x65\x59\x4A\x98\xD9\xA8\x59\x3E\x08\x46\x00\x00\x5F\xBA\xBA\xFD\xFC\xFD\x9A\xEF\xCF\x44\x90"
"\xCA\x41\xF2\x79\x3B\xF3\x7B\xA9\x1C\x82\x1C\x57\x66\x5E\x9F\x71\x7E\x0A\xB2\xAE\x9A\x20\xF5\x82\x58"
"\x19\x41\x7C\xBB\x82\x00\x00\xFF\x76\x03\xEE\x52\x01\x21\xF5\x7E\x44\x04\x00\x00\x00\x00\x49\x45\x4E"
"\x44\xAE\x42\x60\x82"
}
};

static const binfile_t logo_col = {"logo_col.png", 1225, {
"\x89\x50\x4E\x47\x0D\x0A\x1A\x0A\x00\x00\x00\x0D\x49\x48\x44\x52\x00\x00\x00\x2E\x00\x00\x00\x32\x08"
"\x03\x00\x00\x00\x14\x73\x19\xE5\x00\x00\x00\x01\x73\x52\x47\x42\x00\xAE\xCE\x1C\xE9\x00\x00\x00\x04"
"\x67\x41\x4D\x41\x00\x00\xB1\x8F\x0B\xFC\x61\x05\x00\x00\x00\xC3\x50\x4C\x54\x45\xC7\xCA\xCD\xC5\xC7"
"\xBF\xD0\xD0\xD1\xC4\xC2\xBF\xE9\xE9\xEA\xF5\xF8\xF4\xF8\xF8\xF8\xF1\xF0\xEF\xF8\xFC\xF8\xA5\xA3\xA7"
"\x6C\x65\x65\x60\x60\x62\x76\x4E\x48\x87\x81\x7A\xBA\xB6\xB1\xC3\xBE\xB8\xCF\xCF\xD0\xAF\xB0\xB0\x28"
"\x26\x26\x0B\x0A\x0A\x24\x17\x14\x3E\x1B\x0C\x66\x44\x1E\x4D\x4B\x4A\xE9\xE6\xE0\x3F\x42\x19\x27\x30"
"\x0C\x49\x53\x26\x20\x20\x1F\x3E\x41\x43\x0A\x2A\x3B\x27\x2A\x30\x8F\x98\x9E\xAA\x7A\x80\xBA\x68\x44"
"\x9B\x4F\x2C\x30\x2B\x27\x68\x93\x52\x44\x6D\x7E\x33\x86\xA8\x97\x99\x86\x4F\x33\x1D\x61\x5D\x1B\x17"
"\x17\x15\x1E\x1C\x21\xAE\xA8\x8D\xE0\xE4\xE8\xC1\xD5\xE8\x30\x31\x33\x17\x1B\x1C\x70\x6C\x20\xDA\xDD"
"\xDB\xE0\xE2\xE0\x56\x57\x59\x20\x22\x28\x10\x14\x18\x75\x76\x77\xE0\xE0\xE8\x71\xAB\xEF\x92\xCA\xF8"
"\x5A\xA7\xF4\x26\x75\xD3\x37\x90\xF6\x1C\x7C\xF2\xB0\xB4\xB8\xB5\xA8\x6B\x94\x00\x00\x00\x09\x70\x48"
"\x59\x73\x00\x00\x0E\xC4\x00\x00\x0E\xC4\x01\x95\x2B\x0E\x1B\x00\x00\x03\x8F\x49\x44\x41\x54\x48\x4B"
"\x8D\x96\x89\x7A\xA2\x4A\x10\x85\x81\xAB\x08\x02\x1A\x1B\xB0\x65\x13\x8C\x26\xC1\x40\x62\x33\x8A\x66"
"\xC4\x60\xDE\xFF\xA9\x6E\x55\xB3\xB8\xCF\xCC\x39\x1F\xD8\xE2\xF1\xEF\xEA\x02\x41\x41\x10\x05\x41\x42"
"\xA3\xAA\xD1\x43\x0B\xFF\x41\xB6\xD3\x95\xBB\xB2\xDC\xED\x80\x7A\xB2\xC2\xDD\xAD\x5F\x15\x59\xAE\xF7"
"\x98\xE9\x49\x10\xEF\x28\xA8\xAE\xDA\xEF\x6B\xBA\x31\x18\x0E\x45\x51\x94\xE4\x9E\x00\x2F\x5C\x02\x57"
"\x8F\x87\x7A\x4F\x82\xD4\xC5\x81\x3C\x22\xA6\x65\xD9\x63\xDB\xB6\xAC\xF1\x98\x4E\x44\xC7\x75\x5C\xCF"
"\x73\x7D\x37\x98\x4E\xC3\xE9\x34\xE2\x71\xB9\x89\x2B\x91\x19\xCC\x66\xCF\x73\x5B\x9F\xCF\xAD\x45\x30"
"\x11\x7D\x08\x7B\xAE\xF7\xF2\xF2\x3A\x7D\x7B\x7B\x9D\xF6\xAB\x54\x4B\x8F\xCD\x85\xAE\xCF\xC7\xF6\xFC"
"\x79\x6E\xD9\xCB\x38\x76\xDD\x77\xCF\x4B\xEA\xF8\xDB\x54\xAB\x52\x2D\x5D\xA0\xA9\x95\xDA\x4B\x1B\xB4"
"\x84\x92\xBC\x77\xC7\x71\x3C\xC7\x75\xB1\x18\x50\x74\x45\x97\xA5\x58\xD3\x8C\x8F\x99\xAE\xCF\x3E\x4E"
"\x8A\xE3\x38\x52\xA3\x28\x52\x3F\x79\xFA\x44\x57\x64\x21\x98\x1A\xBD\xD8\x75\x8C\x0F\x03\x15\xC7\xB8"
"\x9F\xE1\x4E\xAD\xFA\x02\x3A\xC5\x95\xC9\xAB\xE9\xC4\x9E\xE9\x41\x4B\x9C\x25\x16\xC4\x05\xFD\xB2\x2C"
"\xB5\x8E\x9C\xD1\x15\x65\x15\x98\x9E\xC9\xB4\xC4\x81\x55\x8E\xC7\x96\x35\x7F\x7E\x86\xB6\xC6\xAA\x6E"
"\x56\x6D\x04\x9D\xC7\xBB\x51\x66\x26\x71\x9C\xFC\xFA\xF5\xFE\x6E\x2D\xA1\xFF\x73\x1D\xE2\x82\xAC\xB5"
"\xF1\x0B\xBA\xD2\x79\x71\xB5\xF5\x87\xE7\x41\x53\xC6\xFA\x78\x6C\x2F\xEC\xA5\xBE\x94\x64\x23\x68\x8A"
"\x39\xD1\x7B\x1B\x90\x30\x10\xD6\xD2\xE0\x52\x6B\x38\x2A\x6D\xAA\xC5\xB6\xF4\x49\xEE\x6F\xFD\x2D\xB9"
"\xE3\xEA\x68\x5E\x75\xB2\x89\x1B\x09\xF1\x53\xEE\x2C\xCD\xD2\x14\x33\xF8\xFD\xDA\x3E\xD9\x19\x32\xA4"
"\x5A\xBA\x91\x61\x2E\xD9\x92\x0C\x3F\xCF\x76\xB0\x87\x23\xAD\x43\x5F\xE3\x17\x6E\x13\xFF\xF2\x53\x16"
"\x90\x8C\x10\xA6\xE5\xB9\x16\x5A\x90\x49\x92\xAC\x35\x49\x35\xAC\xE6\x9C\x1E\xD2\x2F\xB6\x0B\x59\x9E"
"\xD3\x9C\x06\xD9\xA9\x92\xCA\xDA\x04\x63\x27\xBA\x9F\x04\x5F\x41\x02\x71\xCA\xE3\x84\x2C\xC2\xD6\xE4"
"\x0E\x1D\x19\x61\x55\x0C\xCB\xB2\x2D\x09\x4F\x22\x50\xFB\x15\x1D\x7B\xE1\x2F\x42\x9F\x81\x88\xFF\x0F"
"\x74\xB6\xCD\x42\x16\xD2\x20\x80\x35\xFF\x95\x9E\x32\x4A\x49\x4A\x78\xED\x0C\x7B\xF4\x37\x3A\x35\x28"
"\x74\x06\x6B\xCF\x29\xD2\xEB\x9E\xE0\x8A\x6E\xE9\xBE\x45\xE8\xF6\x9C\x4E\xF8\x32\x40\x3E\x8C\xEF\xF4"
"\x1D\xCE\x28\xD4\x8E\x7D\x67\xDB\x14\x57\x1E\xD2\x1C\xDE\xC1\x2C\xDB\x5B\x7A\x78\x7E\x45\x91\x70\x01"
"\x1B\x8B\x86\x83\x61\xC4\xE0\x13\x76\x43\x67\x75\x17\x42\x98\x01\xCC\x65\x8C\x46\x23\x83\x8F\x6E\xE8"
"\x24\xD9\xD5\xC6\xBA\xA1\xF3\x14\x7E\xD3\xA3\x91\x1A\x19\x14\x8E\xDC\xD0\x49\xD6\xE4\xD3\x6A\x92\xBC"
"\x0F\x77\x4D\x4D\xEB\xF7\xE9\x2E\xB9\xBD\x66\x48\xD2\x28\x5D\xE0\xEC\x26\x5D\xDA\x78\xFD\xDB\xCB\x07"
"\xF4\xD3\xD5\x8D\xD5\x13\x38\xBB\xB5\xEE\xF4\x3D\xE1\x2B\x7A\xA8\xE4\x8A\x6E\xD6\xA4\x07\x32\xAF\xE9"
"\xFD\xAF\x3F\xA8\xBF\xBB\xA2\xEF\x68\x80\x26\x8C\x05\x38\xB9\x9F\x65\x4D\xA7\x92\x74\xCB\x68\x72\x45"
"\x37\x29\x57\x10\xF0\x0D\xA6\xF7\x4D\x73\x57\x9B\x50\x6A\x5E\xD2\x47\x99\x59\x77\xBD\xB1\x79\x26\x78"
"\x1F\x5D\xD0\x95\x11\x9E\x92\x2B\xF5\x5B\x6B\x86\x84\xF7\xB1\x96\x0E\x77\xBD\xCF\xCE\x1F\x3C\xA9\x9E"
"\x8F\x4F\xF0\x0C\x7C\xA8\xEE\x95\x7B\x1D\x88\xAF\x37\xBF\xEF\x7B\xB5\xBF\x52\xB1\x81\xF8\x66\x33\x41"
"\xAF\xD7\xB0\xF1\x51\xE3\xC3\x77\x79\x38\x96\x87\x7D\x59\x1E\x4A\xFE\x7A\xC4\xA7\xF6\x86\xB3\xA4\x81"
"\x24\xC2\xFD\x7A\xB8\x16\x25\x51\xE2\x47\x3E\x0F\xDF\xFB\xE2\xBB\x00\x68\x51\xE0\x57\x8A\xE2\x5B\x6A"
"\xE9\xF0\x4F\xE2\x67\x30\x52\xD5\xE1\x40\xFC\x19\x34\xF4\x43\x71\x2C\x21\x0D\x75\x1C\xCA\xD5\xEA\x9C"
"\x8E\x54\x78\xF6\x8B\x17\xF4\xA2\x38\x1C\xF7\x05\xD4\x51\xEC\x8B\x15\x16\xC3\x97\xCA\x59\xB7\x2E\xBE"
"\xCB\x12\x8A\x2E\x8F\xB8\xC1\xB0\x3C\x20\x1D\xF2\xF7\xF5\x7B\x75\x29\x69\x85\xF1\x08\x7E\x91\xFF\xA4"
"\x1F\x55\x7D\xFA\x1F\xCF\x5D\xEB\xAF\x0B\x98\x6F\xC1\x00\x00\x00\x00\x49\x45\x4E\x44\xAE\x42\x60\x82"
}
};

static const binfile_t logo_doom = {"logo_doom.png", 2869, {
"\x89\x50\x4E\x47\x0D\x0A\x1A\x0A\x00\x00\x00\x0D\x49\x48\x44\x52\x00\x00\x00\x2E\x00\x00\x00\x32\x08"
"\x03\x00\x00\x00\x14\x73\x19\xE5\x00\x00\x00\x01\x73\x52\x47\x42\x00\xAE\xCE\x1C\xE9\x00\x00\x00\x04"
"\x67\x41\x4D\x41\x00\x00\xB1\x8F\x0B\xFC\x61\x05\x00\x00\x02\xF7\x50\x4C\x54\x45\xFF\x00\xFF\x59\x04"
"\x04\x68\x03\x04\x77\x03\x03\x87\x03\x04\x49\x04\x04\x80\x5E\xAB\x8B\x64\xA2\x85\x59\x99\x8B\x15\x34"
"\xA9\x0F\x0F\xA7\x04\x05\x7B\x60\x9F\x7B\x5F\xA2\x8A\x2D\x5D\xAC\x0E\x2F\xC5\x04\x06\x76\x50\x94\xAA"
"\x75\xA1\x78\x57\x99\x75\x15\x2B\x51\x0F\x5C\x6D\x5A\xA0\x78\x3B\x96\x57\x18\x15\x19\x09\x28\x18\x07"
"\x1C\x09\x03\x1D\x06\x03\x28\x30\x15\x14\x92\x14\x15\x35\x15\x25\x05\x03\x38\x6B\x1A\x14\x53\x22\x5D"
"\x31\x13\x25\x34\x0E\x50\x50\x0B\x2D\x7A\x16\x16\x47\x1B\x18\x77\x19\x0C\x37\x19\x1A\x66\x19\x08\x06"
"\x04\x46\x56\x26\x27\x88\x29\x0B\x53\x25\x0C\x1E\x13\x22\x77\x2A\x13\x46\x28\x17\x43\x1B\x23\x79\x2A"
"\x0A\x6A\x36\x18\x57\x18\x0B\x6A\x23\x09\x7C\x35\x0D\x6A\x44\x1C\xB5\x58\x19\x1A\x0A\x36\x96\x23\x0B"
"\x2E\x21\x0F\x58\x27\x17\x88\x36\x0C\x57\x38\x1B\x74\x36\x29\x19\x0F\x44\x88\x39\x16\x83\x46\x24\x96"
"\x39\x0D\x7B\x49\x1A\x68\x28\x13\x76\x49\x27\x05\x05\x55\x76\x3C\x17\x9C\x47\x0D\x68\x45\x26\x98\x65"
"\x3B\x97\x44\x15\xA6\x48\x0E\xAA\x57\x19\x08\x06\x67\x96\x57\x1B\x35\x28\x26\x27\x27\x18\xB8\x48\x0E"
"\xA6\x4B\x17\x86\x59\x25\x8A\x57\x1C\x36\x2A\x18\xA6\x58\x2B\xC6\x64\x1B\x47\x34\x1A\xBF\x66\x15\x7E"
"\x56\x1D\x47\x27\x26\x88\x4B\x17\xA8\x66\x24\xCE\x4D\x17\xAF\x72\x33\x96\x5D\x28\x65\x3B\x23\xD5\x84"
"\x29\x4D\x30\x38\xB5\x87\x2B\x58\x2B\x38\xE7\x64\x1D\xAA\x89\x35\x56\x3C\x23\x97\x6A\x27\xBB\x92\x2E"
"\xCD\x71\x29\xA6\x6C\x44\xB4\x8B\x35\xC7\x8E\x4C\xA7\x78\x27\x97\x63\x1C\xC5\x71\x51\xC2\x99\x34\x98"
"\x76\x35\xC8\xA8\x49\xA1\x6A\x1B\xB3\x97\x46\x79\x57\x34\xB1\x92\x68\x2D\x29\x24\x9C\x75\x28\x88\x5B"
"\x37\xDA\xC2\x4E\xAD\x72\x47\x57\x44\x28\xD6\xB7\x4A\x96\x83\x46\xB9\x96\x35\xAA\x89\x43\xBA\xA3\x49"
"\xE6\x79\x3E\x48\x38\x26\xB7\xAC\x70\xAB\x93\x50\xCC\xB2\x53\x88\x69\x36\xB8\xA4\x59\x9B\x88\x32\xAB"
"\x94\x35\xE5\xB2\x4A\x7B\x55\x27\x8C\x64\x27\x65\x4D\x38\x57\x46\x37\x8C\x79\x65\x8A\x74\x59\x95\x8F"
"\x74\xAB\x84\x2A\xCF\xB1\x3C\xCC\xB2\x6D\xC7\xA7\x38\x8A\x75\x2F\xE2\xBC\x53\x6A\x53\x37\x6D\x5D\x4A"
"\x92\x6F\x4C\xD9\xC7\x5A\xE4\xCE\x56\xAB\x9C\x8D\x73\x8D\x30\x34\x67\x28\x50\x8E\x3D\xA8\x36\x24\xB2"
"\xAF\xAE\x26\x3A\x18\x1B\x36\x13\x24\x47\x1A\x50\x96\x43\x98\x04\x04\xB6\x04\x05\xAA\x2D\x12\x37\x34"
"\x29\x5B\x54\x49\x77\x68\x5B\x86\x7B\x72\x68\x58\x48\x37\x49\x24\x1E\x44\x16\x2C\x59\x23\x7A\x6B\x33"
"\x57\x53\x39\x29\x55\x1D\x34\x48\x1E\x39\x74\x2C\x4D\x73\x32\x44\x16\x0B\x1C\x25\x13\x3D\x82\x2F\x53"
"\xA8\x48\x44\x88\x38\x65\x53\x2C\xEC\xDD\x61\x14\x29\x0D\x15\x2F\x0E\x1D\x1E\x16\x24\x17\x0C\x1B\x18"
"\x0C\x37\x35\x1B\x38\x6F\x2B\xF3\xB4\x8C\x93\x51\x34\x38\x05\x03\x48\x47\x23\x2D\x4E\x23\x0C\x18\x08"
"\xD8\x8E\x61\xE8\xA3\x79\xB6\x70\x48\xE6\x9B\x6E\x28\x08\x04\x1A\x0C\x07\x90\x2A\x16\x33\x58\x25\xD4"
"\x8B\x5D\xD1\x4E\x29\xD4\x0A\x0C\x55\x58\x29\x89\x2A\x28\xA9\xA7\x91\xDD\x9A\x72\xF2\xD5\xB4\x47\x44"
"\x1E\x4D\x4B\x44\x4B\x44\x38\x6D\x69\x50\x33\x31\x2B\x3E\x3B\x34\x4C\x04\x1D\xDC\xB0\x93\x53\x55\x46"
"\x51\x4B\x41\x6A\x65\x56\xDE\xE9\x24\x7B\x75\x6A\xF5\xF7\x14\x7D\x8A\x63\x67\x9E\x45\x93\x89\x4F\xDB"
"\xE3\xB0\xF7\xEB\x8B\xCD\xC1\xB1\xFD\xF7\xCF\xFD\xF4\xB2\xDD\xD1\xC8\xE4\xDC\xD3\xFE\xFE\xF0\xCC\x3B"
"\x18\xE9\x51\x18\x00\xA8\x67\x58\x00\x00\x00\x09\x70\x48\x59\x73\x00\x00\x0E\xC4\x00\x00\x0E\xC4\x01"
"\x95\x2B\x0E\x1B\x00\x00\x07\xC7\x49\x44\x41\x54\x48\x4B\xB5\x96\xFD\x5F\x53\xD7\x1D\xC7\xEF\x4D\x72"
"\xBB\x4A\xB0\xE2\xD6\x39\xD0\x2B\x5C\x46\xDB\x08\x97\x60\x02\x68\x42\x8C\x44\x22\x34\x81\xA0\x08\x99"
"\x90\x12\x11\x2B\xD8\x58\x42\x0A\x06\x21\x10\xC2\x43\x04\x59\x14\x6D\x7D\x88\x0A\xB5\x1A\x9F\xD2\x2D"
"\x09\x37\x23\x5A\x83\xA2\x82\xC5\x25\x20\xB8\xEB\x53\x49\x26\xD3\xF9\x80\xE2\xAA\x4C\x37\xB7\xD9\x6D"
"\xF6\x87\x7D\xE3\xF6\x0F\xEC\x87\x7E\x72\x5F\x37\xE7\xF5\x3A\xEF\x7C\xCE\x39\xDF\xF3\x79\x9D\x13\xE4"
"\x87\x15\x8A\x32\x40\xCC\xFF\xBE\x98\xA1\x87\xC9\x64\xC1\x27\xF4\x0A\x7D\x87\x3A\x18\x0C\x14\xC5\x5E"
"\xEB\xFF\xC5\xDF\xF8\xD1\x6B\xBD\x39\x23\x8C\xCD\x9E\xF1\x66\x78\xF8\xCC\xF0\x99\x6F\xCD\x8A\x88\x98"
"\x35\x1B\x9A\x33\xC3\xDF\x9A\xF5\xE3\xD9\x6F\x84\x87\xFF\xE4\x6D\xD6\x4F\x67\xCF\x99\x33\xE7\x67\x48"
"\x64\xD4\xDC\x79\xF3\xF0\x79\xF8\xFC\x19\xD1\xD1\xF3\x43\xAD\xA8\x79\x73\xDF\x66\x45\xC7\xE0\x04\x4E"
"\x10\x78\x54\xEC\xCF\x23\xE3\x70\x1C\x67\xBC\xF3\xEE\x5C\x1C\x9F\xFB\x1E\x12\x8B\xBF\xEE\x20\xF0\x58"
"\xCE\x02\x68\x81\x08\x22\x3E\x21\x96\x20\x48\x78\x70\x22\x26\x21\x36\x06\x3A\x13\xC9\x44\xE8\x8B\xE2"
"\x22\xB1\x04\xCE\x49\x8A\x5C\x48\x92\x3C\x3E\x17\x27\xA2\x22\x93\x38\x04\x9E\x9C\x90\x42\x12\x51\xF3"
"\xE3\xE2\x70\x22\x39\x81\xC7\x01\x87\xE4\xE4\x54\xB0\x01\x3C\x81\x20\x52\x16\x2D\xE6\x10\x24\x2F\x89"
"\x8B\xE3\x31\x02\xA1\x60\x1E\xC1\x49\x10\x10\x64\x3C\x57\x20\x20\x00\x4F\x09\xE1\x78\x5A\x32\x0C\x26"
"\x5A\x02\xEE\x04\x4F\x9C\xC4\x01\xF7\xA5\xE9\x04\x1E\xCF\x13\xA7\xCC\x05\x9C\x4B\x12\x31\x49\x12\x1E"
"\x41\x70\x16\x0B\x38\x30\x55\x62\x99\x08\xF0\x0C\x2E\x22\xC0\x71\x29\x7F\x29\x87\x24\x04\xCB\x33\x89"
"\x8C\xF8\x2C\x49\xC8\x7D\x71\xBA\x88\x8C\x7F\x5F\x26\x8D\x22\x92\x53\xD2\x39\x84\x48\x14\x5A\x08\x29"
"\x17\x65\x22\x30\xAC\x54\x92\xCD\x21\xE5\x99\xA9\x39\x72\x22\x26\x47\x91\x09\x96\x29\x99\xB8\x3C\x3E"
"\x35\x37\x93\x20\x39\x29\x2B\x92\x88\xB8\xB8\xD0\x00\xA4\x7C\x61\x26\x22\x25\xC9\x1C\x61\xF6\x52\x51"
"\xFC\xCA\xE5\x69\x71\x44\x4C\x9E\x62\x05\x4E\xF0\x33\x57\x12\xAB\x92\xA5\xF9\x2B\x89\x02\x41\xFA\x4A"
"\x81\x92\x93\x08\xD6\x20\xD1\x2F\x90\x15\x72\x72\x75\x61\x91\x44\x25\x49\xFB\xA0\x58\xAD\xE2\xAF\x29"
"\x59\x1D\x45\x24\xE6\xA4\x91\xF2\xB5\xA5\xEB\xD2\xD4\x92\x9C\xF4\xE2\x15\x92\x54\x29\x29\x07\x9E\x5C"
"\xF8\x21\xB2\x5A\x2E\x4F\x5B\x5F\x96\x2D\x91\x14\xE7\x15\x0B\xCB\x25\x1B\xCA\xF2\x08\x79\xE2\xCA\x62"
"\xB9\xFC\xA3\x7C\x4D\xB1\x24\x2B\x2F\x67\xCD\xEA\x2C\x41\xF1\x5A\x42\x2E\xDF\x48\x88\x3E\x46\x3E\x58"
"\xB5\x2A\xAD\x62\x5D\xB6\x56\x52\xBC\xAE\xB8\x34\x6B\xE9\x86\xCA\xBC\x0C\x79\x62\x5E\xB1\x68\x55\x62"
"\xBE\x6E\x4D\x69\x7E\x5E\xDE\x27\xA5\xA5\xA5\x1B\x96\x6B\x33\x32\xAA\x44\x21\x5C\x9E\x91\x56\xBD\xAE"
"\x54\x5B\xBE\x49\xBF\xA9\x06\x3A\x2A\xF2\x16\x92\x1B\xD7\x6D\x26\x32\x14\x79\xB5\x9F\x54\xEA\x35\x75"
"\x06\x7D\x7D\x59\xC3\xFA\x52\xA1\xB1\x91\x8C\x02\xDC\xA4\x5E\xDF\xD4\x5C\x28\x2C\x6A\x69\x6A\xA9\xAF"
"\x2F\xDA\x24\x6C\xD5\x16\x98\x1B\x0C\x05\x8A\xE6\xB2\x92\x4D\x35\x3A\x5D\xDD\x16\x8D\xBE\xB0\xAD\xBD"
"\xBE\x66\x6B\x47\x86\xE8\x97\x48\xB5\xD6\xD2\xD1\x51\x5D\x54\xA3\xDF\xB6\x7D\x5B\x63\xB5\xA6\xAE\xB1"
"\xB3\x44\xB8\x63\x67\x67\x59\x7D\xC5\xCE\x6D\xFA\x5A\x8D\xEE\xD3\x2D\xB5\x1A\x7D\xDB\x67\xF5\x45\x0D"
"\x06\x45\xC1\x2E\xA4\x41\x62\xFE\xAC\x70\xF7\x9E\xBA\xBD\xD6\x7D\xFB\xF7\x1D\xD8\xAE\xEB\xEA\xD6\xEB"
"\xDB\x1A\x3F\xAF\xD6\x77\x1D\xAC\x3D\xD8\xDD\xB5\xAB\x6D\xAB\x46\xD3\xD4\x56\xD1\x54\xF1\x45\x67\xB9"
"\xEC\x10\x62\x10\xCA\x2A\x77\x57\xD6\x1D\x3E\xBC\xD6\x6C\xDD\x6B\x3B\x62\x68\xEF\xEE\xEA\x3C\xDA\xDC"
"\x71\xAC\xB6\xBD\x5B\xD7\xDE\x5D\x7B\xD4\xB8\xBD\xB6\x61\x6B\x5B\x53\x85\x41\x68\x50\xEC\x01\x7C\x77"
"\x91\x5E\xD3\x55\x61\x15\x5B\xD6\x5A\x6C\xFB\x8F\xEF\x3C\x78\xF0\x68\x47\xAD\xAC\xBA\xFD\x98\xAE\x7B"
"\x8B\xCE\xD0\x99\xBF\xA7\xA9\xBB\xA3\xB6\x2D\xB5\xA1\xA3\xC4\x50\x54\x03\xB8\xA6\x52\xA7\xD7\xD5\x59"
"\x55\x56\xAB\xCD\x66\xDB\xB7\xFF\x84\xFD\xCB\x13\x5D\xD2\xFC\x7A\x7D\x4B\x4B\x43\x4B\x45\x66\xD8\xAF"
"\xF2\x35\xD5\x9D\x6D\x25\xDB\xB7\x57\x1A\x8A\x2A\x43\x78\x93\x4E\xD7\xD1\x6C\x55\x59\x54\x56\xE3\xBE"
"\x5F\x5B\x1D\x4E\x97\xBD\x47\xB8\x40\x5A\x54\xD3\xD1\x59\xC6\xA5\xD8\xEE\xDF\xE4\xD7\x54\x1E\x2E\xD9"
"\xB9\x43\xBF\x45\x07\xEE\x5B\xF4\x7A\xDD\xD6\x4E\xA3\xA5\xD7\xB6\xD7\x73\xF8\xE4\xA9\xAF\x4E\xBB\x5C"
"\xDE\xBE\x1E\x1E\x83\x97\x55\x24\x8D\x66\x51\x54\x04\x3B\x4C\xCA\xE3\x17\x9E\xD9\x5D\x62\xD0\xD5\x1F"
"\x42\x5A\x6A\x75\x2D\x1D\x5D\x25\x16\x8B\xC5\xA6\xB5\xD9\x3C\x67\xFB\xFB\x9D\xE7\x5C\xE7\x2F\x30\x99"
"\xEF\xBD\x0F\x47\x01\xE5\x8E\x70\x47\x50\xE8\x40\xF9\xA2\xF2\x12\xA8\xE8\x21\x64\x57\xFB\xD1\x8A\xA6"
"\x3D\x8E\xC1\xC1\xD0\x6C\x2C\x96\x0B\x17\xBF\x1E\x72\x9C\x3E\x7D\x29\x74\x7E\xC0\xE1\x41\x51\x6C\xB6"
"\x9B\x15\x3A\x32\xCC\x3B\x8E\x1D\xD4\x1F\x42\x7E\xDB\xD9\x54\x53\xE2\xF5\xF9\x7D\xC3\x23\x97\x55\xA3"
"\xAE\xFE\xB1\xA1\x1E\xFB\xE8\x91\x2B\xBF\x83\x63\x07\x70\x16\xC5\xA0\x98\x28\x8D\xA1\xA8\xB1\xA9\xEE"
"\x68\xDD\x55\x64\x6B\x61\xBD\xF0\x9A\xCF\xE7\x74\xF8\xAF\x5F\x77\x5E\x73\xF6\xDB\x2F\x8E\xF5\x98\x6F"
"\x5C\xB9\xB9\x00\x70\x16\x08\xA5\x51\x6C\x04\xC3\xE8\xC8\xEC\xC2\xB3\x4A\x25\xA2\xC8\x4A\x3D\xE7\xF3"
"\xF6\xD9\xBD\x2E\xA7\xB7\xBF\xCF\xDB\x6F\x3F\x6F\x1F\xBA\xF0\xCD\xF8\x95\x6F\xC0\x99\xCD\xA6\x98\x01"
"\x9A\x46\x03\x74\x20\x48\xAB\xCD\x36\xA5\x09\xF9\x3D\x8F\xEB\x74\x7A\x6F\x8D\x0D\x39\x7C\xAE\x7E\x58"
"\x67\x9F\xDD\xEE\xED\x31\xB6\x4E\xDC\xD8\x1C\xC6\x76\x53\x2C\x2C\x08\x3C\x1D\x0C\x8A\xD5\x2A\xD5\xE8"
"\xA8\x02\x71\x33\x2E\xF9\xFC\x8E\x5B\xF6\x5B\x3D\x7E\x67\x5F\xBF\xCB\xE9\xF7\x39\xED\x43\xA7\x25\xB2"
"\x89\x1B\x37\xFF\x70\x1B\x26\x41\x07\x02\x23\xC1\x11\x15\xC0\xAA\xF9\x03\x34\x82\xD2\x77\xFC\x7E\xC7"
"\x35\x97\xC3\x65\xF7\xB9\x60\x42\xDE\xBE\x31\xFB\xC5\x2F\xCB\xF9\xB9\x13\xE3\x57\xFE\x18\xC0\x68\x0C"
"\x70\xB1\x4A\xA9\x52\x8A\x69\x1A\xA3\x11\x3A\x30\x70\xDE\xE7\x77\x8E\x56\x8D\xDF\x75\x5C\xF7\x79\x1D"
"\x57\x6D\xEA\x73\xF6\xAF\xF9\x5A\x75\xEB\xC4\xF8\xBD\x01\x30\x1F\x51\x0E\x8A\x1D\xCA\x11\x3A\x54\x4D"
"\x14\x09\xD2\xD8\x55\x97\xD3\x9C\x9B\x3B\x71\x7F\xFF\xA0\xD3\xDC\xDA\xBA\xB9\x6A\xE9\x88\x18\x5D\x54"
"\xAE\xA8\xDA\x7C\xE3\x88\xC7\x34\xAC\x1C\x1E\x56\x5E\x0E\x80\x33\xB8\xA3\x08\x1A\x08\x04\xEC\x0F\xD4"
"\xCD\xB2\xAA\xF1\x7B\x4A\x75\x6E\xEB\xA6\xD6\x09\x99\xA5\x77\x19\x23\x41\x21\x33\xEE\x9D\xEC\x05\xB8"
"\x77\x24\x78\x19\x16\x8C\x31\x50\x06\xE0\xF0\x2B\xFE\x61\x85\x4A\x9B\xBB\xF9\xA6\x59\xD5\xDC\x6A\x54"
"\x18\xCD\x0F\x2D\x8F\x12\x99\xE8\x00\x7F\x4A\xA9\x54\x4E\x3D\x9E\x0A\x06\x82\x41\x34\x74\x2F\xFC\xE9"
"\x5D\x04\x2E\x06\xD0\x72\xAD\xAA\xF9\xC6\xCD\x6F\xB5\x6A\x63\xAE\xCC\xDA\xFB\xE8\x89\xE9\x2C\x13\xA3"
"\x47\x1D\xCA\x61\xA5\xC9\x12\x04\x8D\x84\xF6\x98\x91\x71\x02\x61\xB2\x61\x56\x28\x33\x5A\xA2\x6A\x85"
"\xBD\xB4\x98\x3D\x4F\x3D\x93\x83\xD3\xA6\x6B\x6A\xBA\x7C\x74\x38\x18\xC9\x8F\x76\x33\xA1\xF6\x18\xC5"
"\xA6\x58\xAC\x77\xFE\x8C\xB8\x23\x18\xB0\x06\x2A\x62\x89\x5A\x52\x35\x31\x6E\x9C\xFA\xEA\xA9\xE7\xD9"
"\x01\x65\xBF\x7D\xE8\x9C\x76\x98\x66\x45\xB8\xD9\x90\x49\x0C\xB2\xC6\x0E\xA3\xA8\x4B\x27\x10\x8A\x0D"
"\x8B\x05\xDC\x9D\xAA\x96\xE5\x56\xED\xED\x7D\x32\x3D\x39\x3D\xFD\x04\xC2\x30\x26\x1E\x70\xBB\x21\x92"
"\x90\x32\x06\x2B\x1A\x76\x98\xA2\xBE\x78\x8E\x50\xB7\x61\xB1\x18\x3B\x2C\x1B\xCA\xA3\x55\x3E\x7E\x38"
"\x39\x3D\x39\xF9\xEC\xD4\x5F\xFA\x6F\x9D\xE7\x87\xC6\x67\x87\x66\x01\x24\x3B\xCC\xED\x8E\xF8\xE8\x39"
"\x72\x9B\x62\x60\x34\x53\x7A\xA1\xCF\xA1\x52\x88\x4D\x05\x0F\x3D\x8F\x9F\x79\x3C\x07\xA6\x1F\x9D\x1F"
"\x5A\xC1\x86\x40\x32\x99\xE0\x1F\x8A\xA6\xDB\xCD\x0E\x9B\x7A\x8E\xC0\x4D\x8A\x61\x77\xEC\x2E\x7E\xB9"
"\xA2\x59\x65\x9A\x9A\x7A\x3A\x09\xFC\xF4\xC9\xBB\x63\x7F\x35\xC8\x96\xA5\xB3\x50\x06\x45\xBD\x0E\x3E"
"\xC4\x8D\xF5\x29\xE0\x18\x8A\x69\xED\x5E\xC5\xEE\x66\x85\x6C\x14\xF0\xE1\xA9\x27\xD3\xD3\x9E\xE9\x17"
"\xDB\xFE\xF6\xF7\x7B\x9F\xE7\xC6\x32\x50\x16\x1B\x86\x40\x19\x2C\x36\x3B\xCC\x78\x06\xC1\x30\x06\xEF"
"\xAC\xDF\x79\xE7\xC1\x83\x07\x0E\xC7\xE0\x94\x49\x39\x7C\xF2\xA4\xE7\xD4\xB3\x7F\xDC\x7F\xF9\xF2\xFE"
"\x77\x8D\xCD\x18\xD8\xC3\x10\x50\x48\x28\xD1\x46\x2B\x02\x45\x8F\xB4\x0C\x5E\xF7\x43\x8A\xFD\x3E\x71"
"\x81\xD2\xE4\x01\xF8\x9F\xFF\xFA\x37\xE8\xE5\x77\xDF\xBE\x58\x06\x17\x3C\x44\x6B\xD1\xAB\x57\x1F\x7E"
"\xFF\xFD\xAB\x8F\x01\x87\x84\x5E\xBE\x0E\x1A\x84\xF4\x04\x02\x26\xD3\xE3\x02\xEB\xC9\xE3\xC7\xEF\x82"
"\x1A\x5F\x9C\x91\x84\x12\x0F\x39\x59\xBC\x80\xBB\x84\xCB\xE5\xFE\xEF\x7F\xC7\x0F\x22\x04\xF9\x0F\xF4"
"\x96\x4C\x21\x0D\xB5\x69\xDC\x00\x00\x00\x00\x49\x45\x4E\x44\xAE\x42\x60\x82"
}
};

static const binfile_t logo_favorite = {"logo_favorite.png", 1123, {
"\x89\x50\x4E\x47\x0D\x0A\x1A\x0A\x00\x00\x00\x0D\x49\x48\x44\x52\x00\x00\x00\x2E\x00\x00\x00\x32\x08"
"\x03\x00\x00\x00\x14\x73\x19\xE5\x00\x00\x00\x01\x73\x52\x47\x42\x00\xAE\xCE\x1C\xE9\x00\x00\x00\x04"
"\x67\x41\x4D\x41\x00\x00\xB1\x8F\x0B\xFC\x61\x05\x00\x00\x00\xC0\x50\x4C\x54\x45\xFF\x00\xFF\x0A\x0A"
"\x09\x17\x16\x14\x46\x46\x46\x4A\x4A\x4A\x49\x49\x49\x37\x36\x35\x4B\x4B\x4B\x26\x26\x25\x5F\x5F\x5F"
"\xC6\xC6\xC5\xEA\xEA\xEA\xDC\xDC\xDC\xBE\xBE\xBE\xB8\xB8\xB8\x90\x90\x90\x50\x50\x50\x83\x83\x83\xEE"
"\xEE\xEE\xF1\xF1\xF1\xBB\xBB\xBB\xAC\xAC\xAC\x9F\x9F\x9D\xC0\xC0\xC0\xFC\xFC\xFC\xAE\xAE\xAE\xD0\xD0"
"\xD0\x2D\x2D\x2C\xE2\xE2\xE2\xF6\xF6\xF6\xF3\xF3\xF3\xB1\xB1\xB1\x75\x75\x75\x6A\x6A\x6A\xF9\xF9\xF9"
"\x42\x42\x42\x55\x55\x55\x8B\x24\x24\xB5\x0F\x0F\xBB\x0A\x0A\x9A\x1B\x1B\x5A\x41\x41\x6D\x36\x36\x81"
"\x29\x29\x4B\x49\x49\xD0\x03\x01\xCD\x00\x00\xC3\x04\x04\x51\x46\x46\xA8\x14\x14\x3C\x3C\x3C\xFE\xFE"
"\xFE\xCC\x00\x00\xF9\x3F\x1D\xFB\x42\x1F\xE4\x20\x0F\xAB\x44\x32\xFA\x41\x1E\x82\x47\x3C\xD8\x10\x07"
"\xD7\xD7\xD6\xFC\x42\x1F\xEE\x2F\x15\x48\x48\x48\x58\x50\x38\x66\x00\x00\x00\x09\x70\x48\x59\x73\x00"
"\x00\x0E\xC4\x00\x00\x0E\xC4\x01\x95\x2B\x0E\x1B\x00\x00\x03\x2C\x49\x44\x41\x54\x48\x4B\xB5\x56\x8B"
"\x76\xA2\x30\x14\x6C\x35\x31\xBE\x50\x04\x6C\xC1\x6A\x15\xB5\x55\xDB\x82\x62\x09\x2E\xEB\xA3\xFF\xFF"
"\x57\x3B\x37\x01\x45\x6B\xCF\xF6\xEC\x63\x0C\x09\x1E\x27\xC3\x64\xB8\x01\x6F\xFE\x10\xB7\x5F\x21\xFB"
"\xBD\x88\x52\x99\x71\x8E\xA6\x3A\x35\x9E\x4E\x59\xE5\x72\x46\x45\xB0\x9C\xA6\xC7\xC2\x29\x67\x4C\x94"
"\x32\x9E\x46\x95\xF3\x5A\xBD\x71\x0D\x4D\xA3\xD5\x6A\x9B\x9C\x9F\xE9\x33\xDE\xB1\x6C\x4B\xB7\xCB\xB1"
"\xEE\x38\x2D\x93\x97\x33\x26\xA1\xC2\xC5\x67\xDA\x71\x74\x1C\xA3\xCB\x59\x46\x25\x94\xF9\x9D\x65\x35"
"\xEA\xF5\xFA\x3D\x0E\xCB\xB5\x41\x53\xD0\x33\xEA\x8E\xE1\x94\x59\x35\xE3\x02\x82\xDD\xDB\x8D\xAE\xD7"
"\xF5\x3C\x1C\x5D\x1B\xFC\x22\x7A\x86\x61\x98\xEC\x21\xE3\x02\x82\x1B\x96\xE3\x75\x41\x05\x3C\xC3\x3D"
"\x57\xEF\x41\xFD\xAF\xE8\x30\xE3\xC0\x89\x06\xE8\x67\xF8\x0F\x66\x4E\x41\x5E\xA5\xC3\x8C\xA2\x23\x9A"
"\x0B\xBA\xFD\x2F\x96\xDA\xCF\x16\xEA\x79\x8D\xEF\x2C\xD5\x6A\xB4\x34\xFA\xEE\x77\x96\x6A\x0D\xDC\x1C"
"\x8F\xBF\xA3\xC3\xCC\xD7\xB8\x6E\xC6\xEE\x5F\x41\xE3\x4B\x33\xC3\x3C\x19\xD5\x3A\xA3\xD1\xC8\xC7\xD8"
"\x1F\x67\xF4\xF2\xA4\x92\xB1\x41\x47\x32\x8A\xA9\x4A\xB2\xEB\x75\xA6\xA6\x69\x62\x3F\x4E\x3B\x43\x17"
"\xB9\xB7\xA7\x4C\xED\xCD\x49\x4E\x37\xAC\x86\x16\xD6\xD2\x26\x7B\x7A\x9E\x3D\xCF\x17\xA2\xE6\xFB\xC2"
"\x9C\x4E\x05\x7B\x99\xCF\x5F\xDF\xF8\x44\xED\x59\xB5\xD4\x3A\x71\x15\xDA\xE6\x22\x08\x83\x20\x08\xC3"
"\xE5\x02\xB2\x8C\xAD\x22\x9C\x03\x4F\x6C\x9D\xAB\x5B\x63\xD7\x7D\xA7\x18\xDF\x5D\x5F\xC4\xA1\x4C\x92"
"\x44\x6E\xE2\x78\x0E\xF6\x0F\x99\x48\x19\xC4\x71\x18\xCF\xCB\xB4\x00\x9D\xCC\x60\x3C\x1E\x0C\xC6\xF8"
"\x98\x51\x98\x26\x29\x41\x06\xE1\xF3\xCF\x54\x4A\x7C\x4B\x02\xD0\xE3\x15\x6D\xF1\xF3\xDC\x3B\x6F\xF1"
"\x06\xDA\x1A\xDB\xE3\xA9\xD4\x76\x72\xF5\xDD\x50\x97\x4C\xB7\xB6\x08\x65\xA6\x0E\xD1\x34\x21\xE9\x14"
"\x17\x08\xA1\xBE\xE4\x19\xDD\xC6\x1A\x55\x32\x77\xB5\x97\x98\x08\xA9\x9A\x73\x6A\x72\x03\x7A\xA0\xE8"
"\x30\xD3\xD0\xDA\x9E\x47\x74\x7D\xF9\xFD\x5E\xF7\x7A\x4C\x36\x30\x13\xE4\x66\xC6\x74\x7B\xCE\xD4\xE1"
"\x43\x4A\x0C\x99\x9F\x82\x3A\x76\x93\x3D\xDE\x69\xD4\xE1\x9D\x7E\x25\xE3\x45\x7A\xB2\x2D\x7A\xA7\xDC"
"\x35\xFC\x95\x4A\x1D\xD0\x26\xF2\x91\x6E\xD5\xFC\x98\x8C\x2E\x6E\x74\xBE\x58\x1E\xAE\xA9\x53\xEE\x2F"
"\xF9\x52\x6D\x6B\xD7\xD3\xE8\x88\x68\x0B\x26\x69\x12\x9D\x96\xB1\xC7\x94\xC3\xE9\x36\x91\x7A\xBE\x54"
"\xEF\x6E\xBA\x0A\xD5\xD5\x8F\x66\x08\xE9\x16\x5E\x66\x22\x2F\x02\x5D\xC0\xAA\x1B\x89\xD9\x46\x9B\xC1"
"\xA1\x7A\x34\x49\x35\xB3\x60\x54\x92\x64\x66\x4C\xCF\x5F\x85\x61\x7B\x8A\x28\x25\x1C\x90\xED\x9C\x4E"
"\x25\x36\x13\xAA\xE2\x49\x7D\xD0\x1C\x7A\xAA\x0C\xD0\x8D\xC4\x72\x8B\x70\xC8\xB2\x9E\x93\xA4\x07\x18"
"\x0F\x17\x5C\x6D\x41\xCE\x5B\xB6\x95\xC5\x48\xE8\xF9\x3C\x3C\x50\x28\xD4\x14\x5D\xC5\x12\x65\xDB\x69"
"\xC2\x7D\x04\xF8\x38\x38\xA2\x2D\x5E\x63\x14\x15\xA9\x2B\x7A\x1A\x82\xBE\x64\x5C\x6F\xD7\x12\xFF\x68"
"\x9E\x72\x47\xDB\xD5\x44\x14\x1F\x48\x7B\x4F\x9D\x24\x27\xF1\x4A\xEF\x25\x80\x33\xD1\xCC\xAA\x5D\x63"
"\x38\x65\xCB\x78\x43\xE9\x80\x8E\x4A\x27\xE3\xF9\xCE\xC6\xFB\x9D\xF1\x8F\x1A\x1E\x15\x27\xF8\x82\x45"
"\x61\x70\x40\xF6\x87\x6D\x8C\xC4\x91\x61\xF1\x5D\x39\xB9\x7C\x55\xBF\x71\xF6\x1A\x13\x94\xF4\x92\x9D"
"\xB4\x15\x6E\xAB\xEB\x73\x4C\x26\x7C\x15\x29\x3E\x4A\x85\x15\x5F\x94\xD7\x51\x2A\xAD\x19\x7B\x8A\x22"
"\x3C\x6E\xF8\xA7\x3F\x11\xD7\x50\xAA\xAE\xCB\xF0\x55\x29\x7D\x87\x4C\x28\x55\x1F\xAA\xC5\x7F\x1B\x37"
"\x37\xBF\x00\x26\x03\xC9\x05\xCC\x56\x29\x87\x00\x00\x00\x00\x49\x45\x4E\x44\xAE\x42\x60\x82"
}
};

static const binfile_t logo_gb = {"logo_gb.png", 1151, {
"\x89\x50\x4E\x47\x0D\x0A\x1A\x0A\x00\x00\x00\x0D\x49\x48\x44\x52\x00\x00\x00\x2E\x00\x00\x00\x32\x08"
"\x03\x00\x00\x00\x14\x73\x19\xE5\x00\x00\x00\x01\x73\x52\x47\x42\x00\xAE\xCE\x1C\xE9\x00\x00\x00\x04"
"\x67\x41\x4D\x41\x00\x00\xB1\x8F\x0B\xFC\x61\x05\x00\x00\x00\xDB\x50\x4C\x54\x45\xC8\xCB\xCD\xC0\xC3"
"\xC3\xD1\xD0\xD1\xC7\xCA\xCD\xC4\xC2\xBF\xE8\xEA\xEC\xF8\xF8\xF0\xF8\xF7\xF8\xF1\xF1\xF0\xD0\xD0\xD1"
"\xF8\xFC\xF8\xF1\xF0\xEF\xCF\xCF\xD0\xF8\xF8\xF8\xEF\xF8\xF8\xC6\xD9\xF8\x84\xA0\xD8\xE0\xE3\xE8\xB9"
"\xCA\xE9\x93\xA4\xC8\xE0\xE0\xE1\x9C\xB3\xE4\xDD\xEE\xF8\x79\x8C\xB4\x39\x5F\xB4\x54\x7B\xCC\x4D\x6F"
"\xBB\x29\x4C\x9A\x6D\xA2\xED\x7D\xB8\xF7\x25\x51\xAF\xC7\xD3\xE0\xB1\xB6\xBD\x59\x70\xA3\x9B\xCB\xF8"
"\xDE\xDD\xD8\xE8\xE6\xE0\x57\x58\x5A\x29\x2A\x2B\x24\x29\x20\x90\x8A\x87\x7E\x7F\x7D\x4D\x4A\x4B\x40"
"\x65\x0F\x48\x67\x1F\x81\x7D\x78\x38\x3A\x3C\xA9\xA3\xA1\x9B\x94\x92\x63\x5B\x59\x82\x2A\x4F\x48\x73"
"\x12\x40\x3E\x38\x61\x61\x61\x53\x84\x15\x50\x7A\x17\x40\x3B\x40\x68\xA0\x22\x4B\x5D\x36\xA0\x9D\x9C"
"\xA8\xA0\x98\x76\x71\x70\x1A\x19\x19\x5F\x22\x43\x08\x08\x0A\x97\x14\x5A\xB2\xB2\xB0\xE9\xE9\xEA\xE0"
"\xE2\xE0\x57\xA8\xF8\x24\x74\xD3\x2B\x88\xF5\xA5\xA3\xA7\xC3\x8E\x43\x1D\x00\x00\x00\x09\x70\x48\x59"
"\x73\x00\x00\x0E\xC4\x00\x00\x0E\xC4\x01\x95\x2B\x0E\x1B\x00\x00\x03\x2D\x49\x44\x41\x54\x48\x4B\x8D"
"\x96\x8D\x9F\xA1\x40\x18\xC7\xD3\x9D\x65\xE7\xF6\x6A\x44\xCC\xE8\x45\xA2\x84\xA8\x58\xBA\x3D\x64\x75"
"\x87\xFB\xFF\xFF\xA2\x7B\x66\xBC\x13\xEB\xF7\xD0\x30\xF3\xED\xEB\x69\x3E\xFB\xA9\x15\x84\x9C\x20\x88"
"\x4F\xD6\xB7\xEF\xC0\xE6\x5F\x0A\xCF\x55\xF1\x15\xF0\x3C\x7A\x3A\x3F\xDE\x04\xF1\x65\xFF\xF9\x89\xFC"
"\x04\x5C\x42\x92\x8C\x31\x2E\x21\xA5\x9C\x47\x72\xB9\x82\xA4\x72\x45\x52\x31\x56\x25\xC4\x8E\x45\x98"
"\xC3\xAA\xC2\xD7\x11\xB3\x57\x6B\x84\xE2\x7A\x4D\x26\x9A\x82\x74\xAD\x86\x0C\x4D\x95\x4D\xCA\x70\x4A"
"\xE0\xBB\xC2\x56\x29\x81\x75\xCA\xED\x98\x34\x24\x94\x97\xCB\x94\x58\x12\xD5\x9A\x70\x9A\xAA\x6A\x7A"
"\x09\xE6\x08\x95\x9B\x94\x36\xAB\xC8\x22\xBA\x69\xD6\xAA\x60\x17\x8A\x04\xA3\x52\xA3\xAA\x68\x06\x33"
"\xD5\x09\x25\xA6\x8A\x4D\x0A\x8B\x15\x93\x50\x53\x27\x16\x42\x0D\xCD\x26\xF5\x3C\xEF\x3D\x5F\xA7\xD5"
"\x9A\x49\xA9\x09\x45\x9B\xB6\x69\x62\x42\x01\x2E\x20\x64\x69\x76\xB5\x49\xCD\xB2\x54\xAD\x35\x15\x4D"
"\x87\x6B\x05\xBC\x60\x6B\x14\x9B\x84\x2D\xB1\x1F\x24\x70\x32\x31\x09\x2E\x4B\x52\x4D\xD3\x75\xA2\x96"
"\x09\xA6\x75\x45\xD1\xD4\xC3\xCE\x34\x30\x2E\xAB\x96\x84\x14\x8C\x2B\x48\x91\xD9\x08\x33\xD0\x31\x1C"
"\x65\x54\x50\xD9\xB1\x01\x6F\x6E\xBF\xDD\xF7\xB3\x19\x68\xE9\x2C\x3B\xFB\xF3\x39\xDA\x8B\x95\x56\x85"
"\xA5\x75\x55\xBB\xB4\x8A\x1C\x3A\xDA\xDB\x8E\xCB\xD3\x71\x3B\x57\xD9\xCD\x3B\x25\xCE\x1F\xEC\x5E\xC7"
"\xEB\xF6\x20\xFD\xAB\xF8\x7D\x36\xDB\xF5\xDC\x01\xBB\x8A\xA3\x7D\x30\x0C\xC2\xC8\x19\x8D\x7C\x7F\x7C"
"\x4A\xBF\x3F\xF6\xFD\xC8\x71\x9C\x30\x78\x9F\xF0\x3F\xDC\x83\xBD\xFB\x1E\x84\x8E\x13\x45\xBE\x3F\x9D"
"\x4E\xF7\x34\xE0\xB1\xEF\x3B\xC0\x87\xC1\xAF\x88\x75\x73\x61\x07\x8D\x03\xF8\xC7\xC7\x34\xDE\x65\x3C"
"\x8E\x63\x9F\xCD\x32\x7B\x9B\x61\x17\xF6\xC8\x89\xFC\x78\xFA\x01\x7E\x9E\x71\xCC\x9A\x79\x6C\x8F\x63"
"\x00\x63\x56\x63\xB0\xF7\x01\xFF\xC2\xCE\x70\x20\xA1\x11\xCE\x7F\x61\xE7\x8D\x03\xC7\x2F\xF5\x4B\x3B"
"\xF0\x7D\xC6\xF2\x17\xC7\x1F\xD9\x7F\xDF\x04\x26\x27\xB3\x7B\xF6\xCC\xEA\x06\x19\xF6\xD9\x84\xE9\x33"
"\x32\x98\x05\x19\xF6\x79\xB8\xC8\x8C\x37\x9B\x67\xDA\xE7\x77\x2B\xD3\x3E\x9B\x87\x5E\x78\x62\xCE\x2A"
"\xCB\x0E\xDD\xF4\xDC\xE1\x0D\xEF\x4D\x16\xF7\x7A\x77\x3B\xC9\xE0\x92\x0F\xBC\xD1\x68\x19\xCD\xB2\xF6"
"\xBD\xE7\x7E\x26\x49\x32\xF4\x4E\xF4\x62\xE2\x4D\x56\xAB\xD1\xD2\xCB\xB0\x7B\xAE\x9B\x7C\xBA\x49\x32"
"\x38\xD2\x93\xD1\xA8\x17\x81\x1D\xF0\x0C\xFB\x30\x49\x80\x76\xBB\x07\x3A\xEC\xAD\x56\xCB\x51\xB4\xFC"
"\xB5\x98\x67\xF7\x0E\xBD\x2C\xBA\xE1\x9E\x9E\x87\x0E\xE0\xD1\xCC\xEB\x86\xD9\xFB\x0E\xFE\x93\x1B\xAA"
"\xBB\x5C\xF6\xF8\x95\xDC\xEE\x0C\x6C\x24\xF8\x07\x60\x9A\x9F\x2A\x84\x7D\xE2\x9F\x82\xE1\xA5\x3D\xED"
"\xB0\x1B\xC4\xFD\x74\xBC\x0B\x3B\x4A\x27\x8F\x12\x79\x02\xBB\x8F\x1D\xED\x70\xD7\x2B\xE5\x1F\x54\x7B"
"\xF7\x7C\x64\x4F\x8F\xBB\x79\xB9\xAA\xE2\x1F\xC0\x2B\x95\x52\x76\xC9\x58\xBF\x08\xB6\xFF\x72\xBC\xCD"
"\xEF\xB5\xEC\xD8\xE6\xB5\x1F\xD7\x9B\xED\x7A\xBB\x5D\xEB\xF0\xDE\x8F\xEC\xA9\x0D\x76\x31\x4D\x73\x39"
"\x4B\x0C\x84\x1C\x0C\x2D\x21\x15\x72\x2D\xB0\xAF\x37\x86\xBD\x31\x0C\xC3\xB6\x6D\x9D\xB2\x71\xF3\xBA"
"\xB3\x8B\x69\x90\x06\x39\x2B\xCD\xCD\xD2\xD4\x82\x82\xB3\xB9\x5D\xB7\xB7\x5B\xDD\xB6\xB1\x61\xAC\xD9"
"\xB8\xD9\xDB\x5B\x82\x98\x13\x44\x71\xFF\xDF\x87\x60\x89\x7B\xBB\xCA\x70\x03\xFA\x30\xE0\x54\x03\x9A"
"\x01\xFB\xA1\xE3\x9B\x32\x28\xEB\xFD\x2C\x6B\x66\x07\xFE\x4E\x1A\x0D\xE5\xA2\x1A\x0C\x0F\x03\xE8\xF5"
"\x99\x58\xC1\xBF\xB7\xFF\x43\x7E\x12\x90\x35\xDD\xEA\xA0\x00\x00\x00\x00\x49\x45\x4E\x44\xAE\x42\x60"
"\x82"
}
};

static const binfile_t logo_gbc = {"logo_gbc.png", 1282, {
"\x89\x50\x4E\x47\x0D\x0A\x1A\x0A\x00\x00\x00\x0D\x49\x48\x44\x52\x00\x00\x00\x2E\x00\x00\x00\x32\x08"
"\x03\x00\x00\x00\x14\x73\x19\xE5\x00\x00\x00\x01\x73\x52\x47\x42\x00\xAE\xCE\x1C\xE9\x00\x00\x00\x04"
"\x67\x41\x4D\x41\x00\x00\xB1\x8F\x0B\xFC\x61\x05\x00\x00\x00\xDB\x50\x4C\x54\x45\xC8\xC9\xCA\xCF\xD0"
"\xD0\xC7\xCA\xCD\xC4\xC2\xBF\xDC\xDB\xD8\xE8\xEA\xED\xF8\xF6\xF3\xF8\xFC\xF8\xF1\xF1\xEF\xEE\xF9\xF8"
"\xDB\xEC\xF8\xD0\xD0\xD1\xBC\xD0\xF0\x53\x77\xC6\xC0\xBC\xC2\x69\x8C\xD5\xE0\xE3\xE9\x63\x76\xA6\x9A"
"\xB9\xF3\xA0\xAB\xC9\x86\x84\xB1\xF1\xF0\xEF\xCF\xCF\xD0\x37\x5A\xAC\xC6\xD2\xDF\x4B\x58\x8F\xF8\xF8"
"\xF8\x78\xAE\xEF\xD7\x8C\x9E\x9F\x3A\x47\xE0\xE1\xE0\xA0\xCE\xC4\x8C\x97\x94\x83\x5B\x9E\x87\xAB\x59"
"\xEF\xF1\xAC\xE2\xCF\x78\xC7\xBB\x58\x38\x84\x71\xEA\xE4\xE0\xB8\xD4\x80\x63\x5F\x5E\x12\x29\x2D\x22"
"\x23\x23\x32\x30\x31\x0A\x0D\x0E\x0B\x5A\x61\x19\x19\x17\x14\x1C\x25\x26\x13\x00\x61\x48\x33\x7E\x4C"
"\x2D\x70\x83\x85\x01\x76\x82\x03\x6F\x7A\x9F\x73\x34\x92\x6A\x3F\x25\x35\x39\x50\x68\x6C\x04\x42\x48"
"\x02\x7F\x8B\x01\x8E\x98\x00\x91\xA0\xB0\xB1\xB0\xE9\xE9\xEA\x63\xAA\xF3\x95\xCC\xF8\xE0\xE2\xE0\x1C"
"\x79\xE9\x37\x91\xF7\xAA\xAA\xAA\xB4\xB5\xB5\xA5\xA3\xA7\xD8\x31\xCF\x5F\x00\x00\x00\x09\x70\x48\x59"
"\x73\x00\x00\x0E\xC4\x00\x00\x0E\xC4\x01\x95\x2B\x0E\x1B\x00\x00\x03\xB0\x49\x44\x41\x54\x48\x4B\x8D"
"\x96\x0B\x97\xA2\x46\x10\x85\x21\x41\x1A\xD8\x06\x44\xC9\x82\x61\x74\x19\xE7\x61\x00\x45\x44\x41\x5D"
"\x70\x5C\x8D\x8F\xFC\xFF\x5F\x94\xDB\x8D\xCF\xD1\xF1\xEC\x2D\xBA\x5B\xBA\x2E\x9F\x65\xC9\x41\x05\x48"
"\x14\x71\x60\xB0\xF9\xAC\xEA\xAC\xCA\x54\x12\xFE\xF8\x53\x10\xA4\x9A\x2C\xCB\x44\xA9\xD5\x54\x52\x53"
"\x64\x99\x0F\xA2\xD5\xB0\x62\x4F\x21\x98\x11\xD8\x93\x65\xE5\x1B\xEC\x35\x02\x51\x5D\xD7\x0D\xCD\x34"
"\x49\xDD\x6A\x90\xA6\xAD\x99\xBA\x8E\x55\xD7\x6D\xAD\x61\xE9\xA6\x69\xAA\xD8\x23\xE4\xAF\xEF\x82\x28"
"\xC3\x6D\x38\x0D\xCD\x6D\x34\x1D\x47\x6B\x3A\x26\x6D\x59\xD4\x69\xD4\x55\xD5\xC6\x6A\x22\x63\x83\xA5"
"\xBB\xB0\xFD\x0D\xBB\x4A\x88\x6A\x35\xD5\xBA\x46\x2D\xCF\xA1\x96\xA3\x9B\x8E\xD5\x70\xF4\xA6\xAA\xE2"
"\xB5\x63\x5A\x2A\x31\xB0\xD5\x60\x35\x90\x8A\xAE\x5A\x36\xAA\x31\x59\xD6\x69\xB4\x1C\x0F\x26\x8A\xFA"
"\x5B\x4D\xD0\x2D\x55\xB3\x3C\x76\xD1\x99\x4E\x5C\xDD\xD4\x9D\x16\xD5\x5A\x8E\xAE\x59\x30\x39\x8E\xD9"
"\x54\x69\xCB\x34\x6D\x6A\x9A\xBA\xA9\x59\x36\xB7\x1F\xE8\x44\xD6\x5C\xEA\xBA\x44\x75\x69\x9D\x48\x9A"
"\x4C\x5D\x4A\x5D\x82\x3D\xAA\x62\x76\x55\x55\xAC\x73\xF7\x91\x8E\x0B\xD8\x55\x6C\x7D\x6A\x1B\x4A\xA7"
"\x2E\x2A\x84\x28\xCA\x0F\xFF\x07\xB2\x87\x0C\xD3\x81\x7E\x92\xFA\xD4\x7E\xB2\x9F\x5B\x76\xF7\xE5\xE5"
"\xF5\xED\xED\xFD\xFD\x9D\x35\xE4\xA4\x33\xFD\xA0\x5E\x5B\x90\x6D\x9B\xB6\xBA\x2F\xAF\xAF\x2F\xB0\xFB"
"\xE8\xF6\x85\x3E\xD1\x65\xD8\x7B\xCF\x76\xB3\xD5\xFD\xE7\xAD\xB2\x5F\xC1\x6E\xE8\x28\xBD\xFD\xFC\x6C"
"\xD1\x6E\xF7\x0D\x7E\x1F\xC5\x1F\x12\x95\x4E\x74\xA5\x23\x75\x98\x24\xC1\x10\x25\xA9\x23\x60\x92\x24"
"\x41\x12\xC5\x6A\x17\x9F\x1C\x3A\xD1\x3B\x41\x18\x46\x5C\xFD\x7E\x84\xA8\x66\x44\xA5\x30\xA8\x3A\x79"
"\xA4\xFB\x83\x38\x8E\x86\x49\x34\x4A\xC7\x5C\xE9\x71\x1D\x25\xD8\x8D\xE3\xC1\x84\xB9\x4E\xF4\x49\x98"
"\xE5\x69\xDA\xEF\x8F\xD2\xE9\x6C\x3A\x1B\x8F\xDB\xED\xF1\x78\x3A\x9D\xCE\xD2\x51\x94\x44\xF3\x3C\x0B"
"\x7F\xF2\x1B\xF7\x48\x9F\x84\x79\xDE\x47\x66\x94\x32\x77\x1B\x6E\x1C\xB3\xE9\x14\xF4\x28\xEC\xE7\x79"
"\xF8\x93\x55\x73\x45\x9F\x87\x49\x32\x0A\xA6\xB3\x19\x0A\x49\x03\x0C\x6E\x3F\xD2\x7B\xCC\x76\x49\x9F"
"\x73\x3A\xAB\x20\x4D\x83\xA0\x9F\x32\x7B\xF0\x88\x1E\x25\xDC\x3E\xF3\x27\x41\x30\xF1\x67\xC1\x6F\xD0"
"\x59\xED\x3E\xD7\x78\x36\x7B\x5C\x3B\xA7\xC3\x0F\x34\xDE\x00\xEE\x8B\xCE\x7C\x41\xE7\xDD\x66\x3A\xF6"
"\xFD\x51\x67\x86\x83\x21\x3B\xCE\xD3\xE0\x6B\xFA\x3C\x42\xEE\x73\xE0\x0E\x98\xDF\xA3\x67\x71\x81\x5B"
"\x85\xDD\x2D\xE1\x31\xAA\xF3\x22\x2E\x6F\xE9\x59\x99\xE5\x71\x5C\x14\xF3\x2B\x15\x71\x1C\xE7\x48\xDD"
"\xD2\xCB\xB2\x5C\x7C\x2C\x3E\xB0\x64\x47\xF1\x9D\x05\xDB\xB9\xA5\x33\x7F\xB9\x40\x9E\xAD\x95\xD8\x59"
"\x75\xFD\x3D\x7A\x36\x0F\x8B\x12\xEE\x8F\x4A\xD5\x2B\x54\xC8\x8B\xB9\xA9\x3D\x8F\xD1\x85\xF8\x02\xCE"
"\xE8\x25\xEA\x2F\xEE\xD1\xC1\x1E\x0C\x93\xA4\xC8\x17\x27\xE5\x71\x16\xF7\x93\x30\xB9\xDB\xF7\x30\x1A"
"\x0C\xD0\xC5\x18\xF5\xF2\x28\xF3\x39\x9A\x88\xEF\x8E\xE5\x6E\xE9\x48\xCC\x19\xBD\xAA\xFC\xE3\xE3\xBD"
"\x88\x92\x70\x1E\x87\x5F\xF4\x3D\x8F\x13\xB8\xB3\xF2\x44\x67\x9F\xA5\xC0\xD7\x81\x96\xDE\xED\x4C\x78"
"\xC1\x66\x9D\x09\x93\x38\xBB\xDF\xF7\x84\xB7\x1D\xCD\x3F\x78\xB9\x4A\x98\x59\x3F\x6F\xE8\xCB\x24\x2C"
"\x1E\x28\x1C\xFA\x57\x74\xB2\x0C\x1E\xCA\x67\x4F\xF0\x33\x1D\x4F\xBD\x7A\xED\x41\xF4\xF8\x63\x06\x74"
"\x41\xF9\x52\xF2\xA7\x50\x7E\xC1\xDE\xE9\xD4\xEF\x07\xF5\xBC\xD5\x55\xAC\xFF\xE5\xF6\x1E\x9E\xBE\x12"
"\x9F\x7B\x3C\x0E\xEB\x6A\xB3\xDD\x6E\xB6\xAB\xD5\xB6\x1A\xDB\xCD\x86\xFD\x6A\x83\x2E\xED\x96\x86\xB1"
"\x17\x77\x82\x60\x08\x7B\x49\xD8\x09\x86\x04\xFA\x6A\xE3\xD1\x8D\xE7\x79\x74\xCD\xC6\x1A\xFE\x6F\x15"
"\x5D\xDC\x41\xC6\x7E\x67\xF8\xCB\xE5\x7E\xB9\xDF\x2D\xF7\x06\xA7\x9B\xEB\xCD\xD6\x5B\xAF\x4D\x0C\x5C"
"\xB6\x3A\xD1\xF1\x6F\x03\x7F\x2B\xD8\x9F\x0F\x41\x12\x84\xBD\x78\xA0\x37\xE8\x76\xB3\xF2\xF8\xD8\xA2"
"\x78\x4E\x3F\x56\x7C\x13\x6B\x7D\xCB\x8A\x67\x07\xEA\x66\x2B\xA3\xC3\x7F\x5F\x75\x17\xBF\xCD\x97\xE1"
"\xC2\x2E\xFA\xBB\xE5\xEF\x69\xBF\xFB\xEF\xFB\xFF\xCC\x3A\x17\x10\xB6\xDA\x92\x47\x00\x00\x00\x00\x49"
"\x45\x4E\x44\xAE\x42\x60\x82"
}
};

static const binfile_t logo_gg = {"logo_gg.png", 1226, {
"\x89\x50\x4E\x47\x0D\x0A\x1A\x0A\x00\x00\x00\x0D\x49\x48\x44\x52\x00\x00\x00\x2E\x00\x00\x00\x32\x08"
"\x03\x00\x00\x00\x14\x73\x19\xE5\x00\x00\x00\x01\x73\x52\x47\x42\x00\xAE\xCE\x1C\xE9\x00\x00\x00\x04"
"\x67\x41\x4D\x41\x00\x00\xB1\x8F\x0B\xFC\x61\x05\x00\x00\x00\xDB\x50\x4C\x54\x45\xC6\xC7\xC8\xC8\xCC"
"\xC8\xC8\xCE\xD1\xD1\xD1\xD2\xC7\xCA\xCD\xC4\xC2\xBF\xE5\xF0\xF4\xF8\xF8\xF0\xF4\xF7\xF8\xF1\xF0\xF0"
"\xD0\xD0\xD1\xF8\xFC\xF8\xF1\xF0\xEF\xCF\xCF\xD0\xD0\xCD\xCF\xF8\xF8\xF8\xD6\xE9\xF6\xE0\xE4\xE9\xC4"
"\xD9\xE9\xAE\xCB\xE0\xBB\xD1\xDF\xB6\xD3\xEA\xCA\xE0\xEF\xA2\xC1\xD6\xE8\xE7\xE3\xE0\xE0\xE0\x62\x61"
"\x60\x1E\x21\x27\x28\x27\x26\x27\x2B\x34\x29\x2C\x28\x15\x1A\x1A\x7C\x80\x82\x08\x0A\x0E\x40\x43\x48"
"\x35\x40\x50\x2F\x34\x3C\x40\x46\x52\x38\x3E\x48\x33\x3A\x45\x1B\x17\x17\x1C\x25\x30\x50\x30\x06\x5B"
"\x45\x1B\x1C\x54\x7A\x4E\x66\x6A\x12\x78\xC8\x46\x88\xC5\x63\xA4\xEC\x48\x81\x95\x00\x00\x01\x45\xC1"
"\xF7\x18\xAF\xF8\xA0\xA1\xA2\x38\x4F\x8C\x17\x7C\xF2\x2B\x91\xF8\x54\xAA\x48\x27\xA3\x7E\x90\x8C\x08"
"\x88\x88\x00\x92\x73\x46\xD8\x88\x10\xB0\xB1\xB0\xE9\xE9\xEA\xE0\xE4\xE0\x7A\xB0\xEE\x9F\xD5\xF8\xE0"
"\xE2\xE0\x57\xA8\xF8\xB0\xB5\xBA\xB9\xB6\xB2\xA5\xA3\xA7\x89\xFB\xB4\xA0\x00\x00\x00\x09\x70\x48\x59"
"\x73\x00\x00\x0E\xC4\x00\x00\x0E\xC4\x01\x95\x2B\x0E\x1B\x00\x00\x03\x78\x49\x44\x41\x54\x48\x4B\x8D"
"\x55\x01\x7F\xA2\x36\x1C\x45\xDD\x51\x9C\xB3\x43\x92\x80\x1A\x29\x86\x84\x20\xA7\xD6\x6A\x6B\xF1\xB6"
"\xDD\xDC\xE9\xD4\x7D\xFF\x4F\xB4\x17\xA4\x56\xB1\xD7\x9F\xEF\x4F\x20\x24\x8F\x97\xC7\x9F\x24\x58\x96"
"\x55\xAB\x37\x6E\x8C\x5F\xBE\x58\x56\xC3\xBE\x73\x6E\x8B\xE6\xAF\x5F\xAC\x9A\xDD\xBA\x19\xBF\xB5\xAD"
"\xFB\xBB\xB2\x7E\x03\x7E\x6F\x5B\x0D\xA7\xD5\xB2\xDD\x56\xCB\xE9\xE0\xEC\xD8\xAE\xED\x76\x6C\xA7\xD3"
"\xC1\x98\x68\x71\x4C\x8B\x29\x1D\xA7\xE8\x37\xEA\x8E\x47\x08\xB5\x09\x61\xD4\xA5\xC4\x23\x28\x68\x60"
"\xAD\x3B\x46\x88\x6F\x53\x12\xF8\x94\x50\xEA\xE2\x8E\x42\xFD\xBE\xE5\x7B\x9E\xEF\xD9\xB6\x4B\x98\xC7"
"\x3C\x8F\x32\xC6\x02\x0F\xBA\x3E\x45\x07\x63\xAE\x0B\x71\xE2\x31\x0A\x8D\x42\xDD\x07\x3B\x70\x3D\x8A"
"\xF0\x5C\xCF\xF7\x4D\x8D\xB8\x0E\x44\x58\x00\x1E\x71\xF1\x10\xD8\x34\x70\x0B\xEF\x94\x51\xE8\x06\x84"
"\x05\xD4\xA7\x9E\x4F\x29\xBA\x31\x1A\xE4\x7C\x78\xF3\x3C\x2F\x20\xC4\x3C\x47\x8D\xF7\x7A\xD7\xB4\x31"
"\x46\x02\x3C\xE1\xC3\x2E\x2A\x8C\x52\xDB\xA5\x8C\x60\x1C\xC2\xF0\x4E\x81\xA1\xC3\x9C\x51\xB7\x7D\xC0"
"\x85\x07\x38\x41\xDD\x86\x35\xDC\x38\xB8\x1E\x9B\x71\x29\xBA\x70\x14\xDE\xCB\xA4\xDE\x80\x32\xEF\x37"
"\xE3\xA4\xDE\xEC\x7D\x8A\x66\x41\x3A\xA9\x77\xFB\x9C\x0F\xC2\x87\x8F\x83\x0F\xA2\x7E\xA7\xE0\xBF\xA9"
"\x0F\x45\x18\xCB\x9F\x87\x12\x43\xC3\x3A\xA9\x0F\xA3\x44\x6A\xA9\x53\xA5\xC2\x0B\xA4\x4A\xA7\x5A\x26"
"\x32\xEA\x77\x0D\xED\xA4\x3E\x4A\xB5\x56\x99\x61\x0C\xB2\xF7\xC0\x6D\x16\x2A\xAD\xD3\xA3\x9B\x33\x75"
"\x25\xB5\x8A\xC3\x28\xC2\xF1\x8E\x30\x12\x3C\x3E\xD2\x2F\xD5\x07\x3A\x4E\xE3\xAF\xE3\x49\x36\x99\x4C"
"\xA7\x8F\xB3\xA7\xF9\x23\x30\x99\x88\xC5\x62\x94\x80\x1F\x56\xD4\xC3\x24\x4D\xD5\x68\x90\x65\x93\xF9"
"\x7C\xFE\xFC\x72\xC4\xCC\xD0\x17\x4A\x4B\x39\x98\x56\xD4\x13\xAD\x42\x74\x0A\xD0\x97\xCF\xE0\x3F\xE3"
"\x34\x37\x74\x91\xA9\xC9\x6B\xD5\x7B\x86\xCC\x84\xFC\x48\x9F\xBF\xBC\xE4\xEF\x74\x1E\xA6\xAF\xA0\x57"
"\xD4\x65\xA2\x53\x2E\x40\x7F\x9D\xCF\x73\x60\x95\xAF\x56\xAF\xA0\x8B\x81\x52\xA9\xAC\x7A\x87\x7A\x22"
"\x79\xB4\x10\x72\xFA\xED\xDB\x1F\x25\xA6\x52\x2C\xA2\x0C\xDF\x43\x3E\x54\xBD\x4B\x0D\xF7\xA0\x8F\xC7"
"\x7F\xFE\xF5\x16\xFD\xB1\x10\x91\x42\x47\x72\xA5\x8E\xEF\x27\x35\x17\x62\xFC\xFD\xEF\x13\xBE\x83\xCE"
"\x75\x92\xAA\x2B\x75\x91\x71\x1E\xEB\xF4\x9A\xAE\x62\x7C\x6D\x55\x55\x17\x4A\x45\x3C\x96\x91\x18\x3F"
"\x8C\xBF\x9E\x22\x16\x91\x96\xA1\x0A\x33\x5E\x9D\x33\x32\xD6\x1C\xD3\x46\x44\xE2\x0C\x23\x01\xE7\x21"
"\xE7\x21\xAF\xA8\x47\x98\x8D\x1C\xF3\x06\xB9\x3C\x83\x71\x0E\xED\x4C\x87\x55\xEF\x21\xCC\xA4\x89\xD6"
"\x7C\x14\xF1\x37\x44\x03\x8C\x97\x86\x68\xBF\xF2\x8E\x5E\xE4\x26\x49\x31\x4A\x5A\x42\x61\x6E\xC9\x10"
"\x5E\xAE\x33\x33\xD0\x21\x5E\x49\xA5\xC8\x0E\x9E\x30\x30\xE7\x18\xB3\x9A\xF3\x87\x8F\xF2\x6E\xD8\x58"
"\x3E\xC9\x39\x8E\x2B\x0C\xEB\xE9\x4A\xBD\x5C\x75\x58\x54\x1F\x20\xAE\xAA\x47\x66\x95\x2A\xC3\x36\x8A"
"\xD5\x48\x47\x95\xBC\x0B\x7E\x54\x37\x8E\xAE\x83\x8B\x4B\xF5\xF5\xC5\xD7\xB9\xC6\x68\x78\xA1\xDE\x5A"
"\xF7\x3F\xC5\xF0\xDE\xEC\x63\x27\x75\xEC\x7A\x9D\xEE\x67\x71\xFC\x3F\x62\x7F\x6F\xFE\x14\x77\x95\x68"
"\xFE\xD3\xB6\x6A\xBD\x1F\x9D\x8F\x83\x6D\x36\x4F\x17\xB1\xFD\xB7\x6D\x59\xBD\x5E\xB7\x88\x5E\xE3\xAD"
"\x56\xC6\xEE\x31\xDF\xE5\xF9\x6E\xB7\x3A\x96\x55\x9E\x9B\xBF\x76\xA9\xDE\xDB\x1F\x1A\x87\x46\xED\xD0"
"\xD8\xD7\x4A\xF5\xDD\xE3\x6C\x9B\xEF\xB6\x4F\xDB\x0D\xCA\x6C\xBB\x01\xFD\x4C\xFD\xB0\x3F\x2C\x0F\xFB"
"\xF5\xFA\xB0\x3F\xA9\x83\x9E\xC3\xC3\xCC\x94\x8D\xA1\x9F\xAB\xD7\x1A\x87\x9E\xB5\xBC\x3F\x53\xDF\x6C"
"\x77\xA0\x17\x65\xB5\xDD\xAE\x2E\xD4\x8B\xA8\x5B\xEF\xF5\xED\x6C\xB5\x32\xBB\x0D\xF6\x1C\x73\x81\x7D"
"\xA8\x5B\x75\xBC\xE2\x09\x3F\xCA\x6B\x01\xFC\x61\x8B\x7F\xB3\x29\xA8\xD7\x3D\xD0\xEB\xCB\xE5\xFA\x36"
"\xEC\x97\xFF\xB5\xFF\x07\x6E\x96\xF0\x3D\x21\x18\xBF\x95\x00\x00\x00\x00\x49\x45\x4E\x44\xAE\x42\x60"
"\x82"
}
};

static const binfile_t logo_gw = {"logo_gw.png", 1045, {
"\x89\x50\x4E\x47\x0D\x0A\x1A\x0A\x00\x00\x00\x0D\x49\x48\x44\x52\x00\x00\x00\x2E\x00\x00\x00\x32\x08"
"\x03\x00\x00\x00\x14\x73\x19\xE5\x00\x00\x00\x01\x73\x52\x47\x42\x00\xAE\xCE\x1C\xE9\x00\x00\x00\x04"
"\x67\x41\x4D\x41\x00\x00\xB1\x8F\x0B\xFC\x61\x05\x00\x00\x00\xC9\x50\x4C\x54\x45\xBD\xC5\xBD\xBD\xCE"
"\xDE\xDE\xC5\xCE\xC7\xCA\xCD\xC4\xC2\xBF\xDE\xE6\xDE\xE6\xEF\xEF\xFF\xEF\xF7\xFF\xFF\xF7\xD0\xD0\xD1"
"\xF1\xF0\xEF\xCF\xCF\xD0\xF8\xF8\xF8\xF8\xFC\xF8\xDE\xC5\xB5\xE6\x9C\x94\xEF\xE6\xD6\xE6\x9C\xB5\xEF"
"\x9C\x7B\xDE\x31\x29\xE6\x52\x4A\xE6\x73\x6B\xE6\x52\x29\xDE\x73\x8C\xCE\x9C\x7B\xB5\x73\x5A\xB5\x52"
"\x5A\xE6\xE6\xBD\xDE\xC5\x9C\xBD\x9C\x7B\xBD\xC5\xA5\x9C\xAD\xA5\x94\x73\x5A\xBD\xB5\xA5\x94\x94\xA5"
"\x9C\x9C\x7B\x73\x6B\x5A\x94\x52\x5A\x73\x29\x19\x31\x08\x19\x52\x29\x19\x52\x08\x19\x94\x73\x9C\xB5"
"\x9C\x5A\x52\x4A\x5A\x52\x6B\x5A\x31\x4A\x19\x73\x8C\x5A\x73\x4A\x5A\x31\x29\x19\x10\x29\x19\x08\x08"
"\x08\xCE\x31\x5A\xA5\x31\x4A\x94\x31\x19\xB5\x31\x19\x94\x10\x19\x94\x9C\x5A\xBD\x94\xA5\xE9\xE9\xEA"
"\x73\xAD\xDE\x52\xAD\xDE\x94\xCE\xE6\xE0\xE2\xE0\x29\x6B\xDE\x31\x8C\xDE\xA5\xA3\xA7\x20\x45\x77\xE2"
"\x00\x00\x00\x09\x70\x48\x59\x73\x00\x00\x0E\xC4\x00\x00\x0E\xC4\x01\x95\x2B\x0E\x1B\x00\x00\x02\xD5"
"\x49\x44\x41\x54\x48\x4B\xCD\x96\xED\x62\x9A\x30\x18\x85\x81\x15\xED\xD6\x0D\x1C\x1F\x0E\x6A\xA2\x20"
"\x58\x65\xB4\x9B\xA8\x74\x73\x13\x87\xBB\xFF\x8B\xDA\x79\x43\xD0\x68\xAD\x73\xFF\x76\xA2\x21\x89\x4F"
"\x1E\x93\x88\xB5\x9A\xA6\xE9\xBA\x71\x65\x79\x73\xA3\x69\x66\xA7\x8B\xDC\x36\x69\xAF\x67\xD3\x79\x7B"
"\xA3\xE9\x1D\xD9\xB9\x22\xEF\xEE\x34\xE3\xA2\xF0\x38\xEF\x81\xFF\x83\xFD\x03\x70\xD9\xB4\xEC\x9E\x61"
"\x7F\xB4\xE8\xBD\x3A\xA6\xF2\x8E\x96\x7D\xE8\x90\x5D\x36\x1D\xD7\xF3\x5D\xDF\x77\x7C\x44\x5C\x6D\x34"
"\x6C\xC7\xF7\xFA\x36\x3A\x62\x09\x5D\xB2\xCB\xC9\x8E\xEB\xBB\x7D\xBF\xEF\x79\x0E\x6A\x31\xC1\x75\x3C"
"\xAF\x4F\x73\xFB\xB6\xDB\x50\xCA\xDA\x6D\xD7\x02\xE6\xC1\x48\xB0\x07\xBB\x4B\x7E\xDF\xEF\x3B\x9E\xE3"
"\x35\xCB\x53\xD6\x7E\x6B\xF4\xD4\x18\xBD\x6E\x73\xC5\x30\x9E\xCD\x07\xA3\xAC\xFD\x9A\xA8\xF6\x2B\xF2"
"\xDF\xD9\xBB\xB7\x3D\x5B\xE4\xD3\x5F\xD2\x93\xE7\x6E\xF8\xC1\xA5\x84\x4D\xEE\x0D\x69\x37\x02\x4B\xA6"
"\x37\x78\x11\xC6\x58\xC8\x51\xB1\xC0\x68\xED\xC7\xB8\x65\x0D\x45\x67\x38\xA4\x0E\x67\xE1\x28\x22\x9C"
"\x2B\xF6\x78\x9C\xA4\x63\xE0\x16\x8D\xC7\x28\xF4\xE0\x31\xF5\x18\x9B\xB4\xF8\xDE\x6E\x98\x63\xD3\x00"
"\xFE\x30\x9D\x65\x6A\xA6\x0F\x9C\x61\xF1\x12\x57\xEC\x9F\x63\xB2\x67\xA3\xA1\x92\x78\x14\x67\x9C\xF1"
"\x68\x72\x6A\x8F\x29\x84\xC7\x92\x14\x49\x46\xC3\x2C\x67\x2C\x11\x5B\x55\xED\x32\x0A\x2E\x1B\x59\x1E"
"\x87\xC9\x44\x6C\xE2\xCC\xC9\x9C\xC3\x79\x14\x49\x5C\xB5\x33\x94\x06\xDF\x4F\x41\x08\x97\x47\x74\x6C"
"\xC7\x08\xF0\x47\x20\xD8\x6E\xFA\xD4\xD0\x29\x70\xBC\x40\x39\xD8\xB9\x80\x91\x41\xF6\x05\x0C\xEC\xE9"
"\x53\x22\xF0\xC7\x23\x5C\xDA\xB1\xF3\x80\x07\x18\x92\x78\x92\x7C\x4D\x71\x2A\x0A\x8E\x73\x53\xEC\x8C"
"\xCD\x8B\xD9\x1E\xC7\x09\xA6\xA9\xB8\x12\x4E\x1A\xF0\xAA\x3D\xE0\x0F\x8B\x02\x77\x52\x8B\x63\x42\xB3"
"\x5F\xC2\x79\x18\x30\x1E\x72\xC5\x3E\x2F\x8A\x45\x01\xFF\x20\x5B\xA6\x08\xD6\x42\x05\x59\x66\x39\x5F"
"\xAD\xCA\xA0\x5C\x3D\x87\x07\xFB\x1C\x70\x51\x4C\x63\xE0\x94\x62\xB9\x5C\x2C\x50\x21\x59\x9E\x97\xEE"
"\x33\xFF\xB6\xFA\x0E\xBC\xB5\x87\x93\xD9\x62\x3A\x8F\xD8\xE0\x79\x76\x92\x32\xE7\x61\xC9\x83\xB0\x0C"
"\x15\x3B\x6D\x75\x8A\x0F\x83\xBE\x0C\x38\x85\x24\x8D\xA2\x28\xA1\xDB\x88\xB1\x9C\x07\xD4\x4A\x62\xC5"
"\x8E\x6F\xCC\xA4\xB9\x31\x44\x92\x28\x8D\xD2\xA4\x69\x47\x3C\xA0\x79\x31\xE1\x07\x3B\x49\xA1\xCA\xD7"
"\x6B\x3C\xD6\x90\x53\xD0\x5A\xE7\x0D\xCD\xF9\xC1\x5E\xDE\xEF\x53\xBE\x4C\x3B\xD6\xDA\x7B\x3F\x5E\x24"
"\x08\x7E\x04\x6D\xAB\x6D\x77\xA4\xFD\xEA\x34\x76\x91\x8E\x79\xA9\x98\x82\x82\x5D\xEF\xBC\x9A\xEE\x69"
"\xF9\x09\xDC\x7C\x2D\xFA\x66\x53\x1D\x95\xED\xAF\x3B\xFC\x6A\xBF\x96\xAA\xDE\x55\xBB\x5D\xD5\x3C\x2B"
"\xBA\xD2\xAF\x36\xBD\x12\xC7\xF8\xDF\xC0\x18\xA1\xC2\x74\x3D\xD6\x85\xA3\xAA\x37\xDB\x7A\xBB\xD9\x6C"
"\xB7\xDB\xAA\x46\x05\xBC\xB1\x1B\xF8\x83\x02\x36\xD6\x46\x98\x87\x82\x5A\xE0\x15\x10\xD0\x1B\xAC\x6A"
"\x87\x4E\xDD\xDA\x75\x03\x72\x43\xD3\x35\x43\x37\x75\xD4\xD2\x0E\xED\x0E\x53\xAA\x8A\x76\xB1\xA9\x6A"
"\x69\x3F\x9F\x6D\xBD\x3B\x4A\x5D\xC1\x7E\xE9\x68\x4E\x43\x8B\x19\x63\xC1\x57\x45\x1B\xFD\xBE\xFB\x03"
"\x06\xED\xB9\x4F\x4F\xBD\x2A\xDD\x00\x00\x00\x00\x49\x45\x4E\x44\xAE\x42\x60\x82"
}
};

static const binfile_t logo_lnx = {"logo_lnx.png", 1318, {
"\x89\x50\x4E\x47\x0D\x0A\x1A\x0A\x00\x00\x00\x0D\x49\x48\x44\x52\x00\x00\x00\x2E\x00\x00\x00\x32\x08"
"\x03\x00\x00\x00\x14\x73\x19\xE5\x00\x00\x00\x01\x73\x52\x47\x42\x00\xAE\xCE\x1C\xE9\x00\x00\x00\x04"
"\x67\x41\x4D\x41\x00\x00\xB1\x8F\x0B\xFC\x61\x05\x00\x00\x00\xD5\x50\x4C\x54\x45\xC4\xC2\xBF\xCF\xCF"
"\xD0\xC7\xCA\xCD\xF0\xF0\xEF\xF6\xF7\xF4\xE0\xE1\xE0\xE0\xE3\xE8\xE8\xE6\xE3\xF8\xFC\xF8\xD0\xD0\xD1"
"\x5E\x5E\x5D\xA3\xA5\xA5\xB2\xB7\xB9\x3B\x40\x4B\x4B\x49\x49\x7E\x7E\x80\x67\x63\x60\x8F\x90\x90\xF1"
"\xF0\xEF\xBA\xB4\xB0\xB0\xB0\xB0\x71\x73\x6F\xF8\xF8\xF8\x3D\x2E\x1A\x7B\x70\x45\xE8\xBF\x40\xCC\xA5"
"\x3B\x2C\x2F\x33\xA0\x82\x17\xCC\xB0\x4F\x99\x8D\x5D\x5A\x42\x20\x2C\x3A\x42\x83\x62\x11\xB0\x36\x2C"
"\x2E\x18\x07\xF3\xC3\x2E\xD6\xA6\x1B\xDC\xBE\x58\x71\x35\x0F\x1B\x17\x16\x18\x1B\x1D\x1F\x22\x29\x06"
"\x04\x05\x0F\x11\x15\x54\x5F\x6C\x21\x51\x62\x1E\x4D\x7A\x39\x69\x8D\x57\xA4\x66\x16\x7D\xBA\x2D\xBC"
"\xD0\x25\xBF\xEE\x56\xA5\xA9\x4F\x7B\x9F\x6C\xC0\x80\x5C\xCD\xF1\x96\xD4\xF7\x20\x88\xEC\x21\x78\xE3"
"\x37\x95\xF4\x7D\xB6\xF1\x66\xA9\xF2\x49\x90\xE0\x14\x50\xCF\xA8\x44\xAC\x88\xA1\xB3\xE9\xE9\xEA\xC2"
"\xD3\xE6\xE0\xE2\xE0\xA5\xA3\xA7\xCE\xB2\xB5\xC7\x00\x00\x00\x09\x70\x48\x59\x73\x00\x00\x0E\xC4\x00"
"\x00\x0E\xC4\x01\x95\x2B\x0E\x1B\x00\x00\x03\xDA\x49\x44\x41\x54\x48\x4B\x8D\x96\x0B\x7B\xA2\x38\x18"
"\x85\x61\x15\x71\x40\x6E\x2B\x6E\x28\xC1\x82\x8D\x8E\x24\x50\xB5\xED\xEA\x8C\x72\x73\xBA\xB3\xFB\xFF"
"\x7F\xD2\x9E\xA0\xAD\xF5\xD2\x79\xE6\x84\x87\xDC\x0E\xAF\x1F\xB9\x10\x15\x45\x55\xD4\xDF\xD5\x1F\x0A"
"\xEC\x9D\xEE\x49\x5A\x5B\xE9\x75\x74\x55\xED\xE8\x7A\xBF\xAB\x69\x5D\xBD\xD3\x6F\xBB\xBA\xDD\xCE\x17"
"\xE9\xEE\x9F\xA4\x19\x26\xEE\x1D\xC3\x1C\x58\xB6\xE2\xB8\x7D\xC5\x36\x06\xDE\xE0\xD0\x07\xFD\x89\x48"
"\xBA\xC7\xB2\x94\x62\x3B\xA8\x0E\x0D\xA3\xE3\xF8\x9A\xEB\xAA\x43\xD7\x1F\x39\xFE\xB1\xB3\xDF\xFF\xEB"
"\xC2\xEE\x59\xB6\xDA\xEF\x3B\x0E\xD0\x43\x18\xBD\x81\x8D\xD2\xC9\xDE\x3F\xB3\x77\x4D\xD7\x1D\x19\x5A"
"\xCF\x76\x6D\xC7\xF1\x47\x86\x61\x98\x86\xA1\x7E\x4A\xF7\x47\x9A\xA7\x9A\x8E\xEF\xF6\xD5\x91\x87\x4A"
"\x67\x64\x3A\xA6\xF7\x21\xF6\x03\xBD\x83\x17\x56\xE5\x88\x2A\x8A\x3F\x94\x57\x5B\xF2\x07\x8A\xAF\x0C"
"\x21\x65\x38\x68\xFB\xF5\x23\xDD\x23\xC1\x5D\x68\xD3\x68\x3C\x8E\x6C\x4A\x82\x30\x0C\x82\x28\xBC\x8F"
"\x69\x32\x19\xC7\xF1\x03\x14\xDF\xCB\x1E\xEF\x48\x1F\xB1\xFB\xE9\xD4\x26\x24\x98\x4D\x83\x38\xFA\x1A"
"\x4E\xC8\x7D\x18\xCD\x66\x36\x99\x7C\x45\xEB\xBC\x7D\x80\x50\x3A\x3A\xD2\x47\x69\x30\x9D\x91\x94\xF3"
"\x38\x88\xC6\x77\x11\x49\xF1\xF8\x2C\x0E\xC2\x28\x1A\x93\x94\x04\xD1\xE4\x61\x4E\x98\xE0\xA3\x23\xDD"
"\xCD\xE2\xC9\x24\x86\x72\x32\x9D\x06\x2C\xCB\x32\xD8\xD3\x2C\x0E\xA7\x53\x92\xB1\xF9\x24\xBC\x9B\xC5"
"\x2C\xCF\xDC\xB7\xD8\x99\x1B\xB6\x8A\x49\x18\xBA\x4C\x08\x06\x32\x15\x84\x46\xA1\x8C\x9D\x90\x68\x1C"
"\xE2\x37\xDF\x62\xEF\x6A\xBA\x2E\x07\xE3\x17\x52\x75\xAC\x9E\xD3\xB8\xEB\x86\xA0\x42\xD0\x9B\x12\x90"
"\xD1\x3B\x8D\x3B\xE4\xA5\x96\x45\x13\xDB\xB6\x2C\xCB\x96\x09\xA5\xB6\x22\xEB\x09\xB5\xAC\xD4\x91\xAE"
"\x77\xBA\x23\x2C\xB4\xCE\x59\x9E\xB3\x80\xC5\xF3\x79\x1C\x13\xDC\x09\xEA\x5C\x48\xBB\x70\x75\x69\x7B"
"\xB7\x73\x8B\x52\x8E\x31\xC9\x58\xCC\xD8\xC3\x9C\x4D\xE6\xF3\xF9\x84\xC8\x86\x0C\x31\x5A\xBC\x8D\xE6"
"\x44\xE7\x96\x10\xB2\x2F\x67\x71\x2C\x9F\x88\x09\x21\xC8\x73\xD9\xC6\x85\xC5\x1F\x2F\xE9\x22\xCD\x18"
"\x3B\xC6\x7B\x92\xCD\x58\x96\x8A\xE4\x8A\x9E\x08\x9E\xF0\x64\xF1\xB8\xC0\xB5\x5C\xAE\x90\x96\x4B\x59"
"\x4B\xE0\xC5\x75\x49\x47\x23\xE5\x34\x19\x05\x4F\xD1\xE4\xF9\xE5\x6F\x68\xBD\x8E\xA2\x45\x92\xA4\x09"
"\x45\xCF\x25\x9D\x72\xCE\x73\x9A\x6C\x9E\xD6\xDF\x9E\x5E\x5A\xFB\xCB\xCB\xD3\xB7\xD5\x82\x62\x6C\xD0"
"\x79\x41\x4F\xE5\x8B\x72\xBA\xD8\x48\xA3\xD4\xF7\xAD\xBC\x6F\x16\x34\x45\x87\xB8\xA2\x8B\x8C\xA5\x5C"
"\x2C\x56\xBB\xDD\xAE\xD8\x95\xD5\x76\x5B\xD5\xCD\x6E\xB7\x5A\x0A\x8E\x97\x15\xD7\xF4\x9C\xC2\xBE\xDC"
"\x34\xCD\x7A\xDD\xD4\x15\xFC\xDF\xBF\x4B\xBA\x48\x39\xCD\x6F\xD0\x73\x19\xE5\x72\xB9\xDF\xBB\xCE\x1E"
"\x6A\xB6\x70\x4B\x3B\xCF\x05\xEC\xD7\xB1\x73\xCC\xB8\xB4\x07\xCE\xE6\x71\xBF\x7F\xAE\x4A\xC4\xB5\x02"
"\x3D\x13\x37\x63\xC7\x94\xB6\xF4\xC5\xCA\xD9\x00\x5F\x95\x10\xE8\x72\x62\x6F\xD1\x33\x76\xB0\x2F\x37"
"\x3F\x7E\xC0\x5E\xCB\xD8\xD7\xA0\x63\x7B\xF1\x1B\xF4\x14\xC1\x4B\xFB\xE3\xEB\x2B\x82\xD9\x97\x5B\xE8"
"\x75\xC1\x33\x9A\x5F\xD3\x39\xC5\xCA\xCB\xC4\x72\x55\xC8\x91\x69\x8A\xA6\x28\x9A\x46\x06\x83\xB9\x13"
"\xD9\x8D\x59\x45\xE4\x39\x5F\xAC\x9E\xCF\xB4\x5A\xA4\x68\xCE\x6E\xAC\x99\x3C\x4B\xF3\x94\x26\x17\xA2"
"\x69\x9A\x66\xF9\xF5\x8A\xB4\x30\xAD\x2C\xCB\xB1\x72\xCE\x94\xCB\xD6\x9B\xEB\x1D\x03\xF6\x89\x60\xBF"
"\xA2\x23\x9A\x37\x71\xAC\x64\x7A\x2C\x43\x79\x72\x45\xCF\x28\xCD\xDF\xFD\xB9\xD4\xB1\x8C\x5A\x8A\xBE"
"\x73\xBA\xDF\x6E\xEB\xD6\x76\x2D\xF4\xA4\xDE\x19\xBD\xEF\xBB\xAE\xF1\x79\x32\xBC\xF6\xC4\x7B\xA7\xE3"
"\xB8\xEB\xE9\xBF\x4A\x87\xF3\x11\xF6\xCE\xA7\xEA\x5E\xA4\xCE\x3F\xB0\x6B\x5A\xEF\x76\xFA\x59\xD5\x67"
"\xAA\xAA\x7F\xF1\xE1\xD5\x34\xBD\x4D\x52\x87\xFC\x50\xD7\xEB\x7D\x59\x17\x65\x5D\xEF\xCA\xBA\x69\xF3"
"\x9D\x3C\xB5\xDF\xE8\x38\xBB\x4C\x75\x20\x3F\xCE\x47\x7A\x5D\x54\xDB\xA2\x92\xDB\x70\x5B\x37\x32\x2F"
"\xBE\x9C\xE8\xAA\x69\xE2\xA4\xF3\x4D\x3C\xF2\x46\x2F\x9A\x2D\xA8\xD8\xE4\x15\xB6\x39\xF2\xE2\x23\x1D"
"\xFF\x28\x14\xD0\x55\xED\x23\xBD\x2C\x6A\xEC\xAA\xBA\xAA\x65\xFE\x91\x7E\x9D\x2A\xAC\xF7\x72\x57\x96"
"\xF8\x8E\x60\xDB\x22\x2F\x41\x97\xF8\xDB\xEA\xFD\xBC\x94\x0C\xC6\x33\xFD\xDF\xD5\x7F\xEA\xFF\x91\xF1"
"\xD8\xE8\x7B\xB1\x30\xA5\x00\x00\x00\x00\x49\x45\x4E\x44\xAE\x42\x60\x82"
}
};

static const binfile_t logo_md = {"logo_md.png", 1106, {
"\x89\x50\x4E\x47\x0D\x0A\x1A\x0A\x00\x00\x00\x0D\x49\x48\x44\x52\x00\x00\x00\x2E\x00\x00\x00\x32\x08"
"\x03\x00\x00\x00\x14\x73\x19\xE5\x00\x00\x00\x01\x73\x52\x47\x42\x00\xAE\xCE\x1C\xE9\x00\x00\x00\x04"
"\x67\x41\x4D\x41\x00\x00\xB1\x8F\x0B\xFC\x61\x05\x00\x00\x00\x7B\x50\x4C\x54\x45\xCD\xCE\xCE\xD0\xCF"
"\xDE\xCA\xE6\xDD\xC7\xCA\xCD\xC4\xC2\xBF\xE8\xF0\xF7\xFF\xFF\xF8\xE6\xE6\xDF\xD0\xD0\xD1\xFF\xFF\xFF"
"\x80\x80\x80\xA2\xA3\xA3\xB7\xC8\xB9\x94\x94\x90\xB5\xAD\xB0\xAE\xAC\xAC\xF1\xF0\xEF\xCF\xCF\xD0\x5A"
"\x59\x59\x01\x01\x01\x17\x17\x17\x40\x40\x40\x1D\x1D\x1D\x39\x38\x38\x72\x71\x71\x09\x09\x08\xF8\xF8"
"\xF8\x68\x64\x64\x23\x23\x23\x4C\x4C\x4C\xF8\xFC\xF8\x2C\x2B\x2B\xE9\xE9\xEA\x91\xA5\xEA\x6B\xAC\xDE"
"\x94\xCE\xE6\xE0\xE2\xE0\x22\x6B\xDE\x2E\x8C\xE5\x52\xB7\xDE\xA5\xA3\xA7\xBB\x0D\x46\xAC\x00\x00\x00"
"\x09\x70\x48\x59\x73\x00\x00\x0E\xC4\x00\x00\x0E\xC4\x01\x95\x2B\x0E\x1B\x00\x00\x03\x60\x49\x44\x41"
"\x54\x48\x4B\x8D\x96\x81\xB6\xA3\x26\x18\x84\x35\x2D\xB2\xC4\xA8\x5D\x41\x94\xA2\xA5\x31\x4D\xB2\xEF"
"\xFF\x84\x3B\x03\x18\x63\xEE\xD9\xD3\x1D\x23\x02\x7E\x8C\xE3\xAF\xC9\xBD\x45\x54\xB9\x7F\x4E\x79\x3F"
"\x8E\xD2\xFE\xC7\x9F\x60\x45\xF5\x9B\x92\xDF\x80\x8B\x4A\x89\x33\x54\xAB\x1A\xED\xA5\x39\x0B\xD5\x34"
"\x4A\x72\x4A\xB4\x68\x9A\xF6\x2C\xE3\xA9\xAE\xFA\xEB\x7B\x51\x54\x42\xF5\x1A\xBA\xD4\x68\x8C\x34\x7A"
"\xA8\xAC\xA9\x46\x0C\xA6\xD2\x71\x7E\xD2\x45\x8B\xA3\x2B\xAB\xBF\x81\x8B\xAA\xD5\x83\xF7\x8D\x74\xB3"
"\xF7\x17\x65\xB4\xF6\xD6\x9C\xF5\xE2\xA7\x6A\x74\x98\x57\x93\xBE\x18\xEB\x7D\xA7\xC4\x3F\x74\xAF\x1A"
"\x5D\x2B\x29\x0B\xBD\x48\x29\x95\x71\xB0\xB4\x5E\xB7\x52\x0A\x63\x31\x23\x27\x0D\x3F\x76\xB2\x3B\xF0"
"\x02\x97\xC6\x05\xB1\xCE\xD8\x0E\x99\x3C\xFA\x56\xE0\x4A\x38\x10\xA7\x96\x6A\x73\x6F\x42\xC2\x17\x05"
"\x5C\xF9\x88\xBB\x18\xEC\x80\xBF\xDC\x55\x03\xBC\x57\x10\xF0\xCA\x00\x2F\x38\x88\x63\xDC\x2A\x8E\x52"
"\x2F\xAF\xEC\x61\x98\x75\xA3\xCD\x30\x0C\x2D\x70\x65\x81\x8F\xC3\xD0\x57\xD3\x30\xE8\x05\x78\xD5\xA3"
"\x33\xBD\xDC\x21\x5F\xB2\x1D\xAB\x0D\x87\xEA\x54\x5A\xE0\x0C\x1A\xAA\x9C\xBD\xAC\x21\x21\xD8\x4A\xD5"
"\x75\x0A\x7B\x81\x7E\xA7\x5A\xB4\x85\x2A\x6A\xC9\x53\xA5\xCA\xEE\x29\xE4\xFF\x2B\xBB\xF3\xA5\x11\x6F"
"\x6D\xD2\xFB\x4C\xDE\x93\x3B\x35\xCF\x76\xB6\xBB\xD8\x9F\x77\x19\x3B\x13\xA2\x7B\xC4\x4D\xFF\x26\x0F"
"\x0D\xFD\x82\xB7\x2B\xF8\x91\x03\xCE\x18\x50\x74\x27\xED\x1C\x6A\x48\x8D\xD8\xA8\xC5\x37\xE7\xE9\x3C"
"\x4D\xB5\xEF\x97\x38\x3F\x3A\xB7\x55\xA6\xAA\x58\x36\x3C\xC7\x7C\xE9\xB0\xF4\xFD\x14\xAF\xB3\xF4\xAE"
"\xEF\x87\x40\x11\xDF\xB2\x3B\x17\xC2\x1C\x52\xDA\x10\x86\x05\x8A\x78\x8F\x4E\xE8\x31\x15\x82\xFE\x74"
"\x77\x76\x0E\x71\xC1\xB2\xC4\x05\x59\x83\x59\xBE\xBA\x13\x8B\xEE\x61\x66\x52\xA4\xCF\x30\xE4\x10\x67"
"\x7E\xCF\xEE\x34\x36\xB8\x53\x63\x98\x89\x73\x11\xC4\x9B\x87\x12\xBE\xBB\x1B\xB3\x55\xDA\x18\x67\xAC"
"\xD9\x85\x53\x9C\x3E\x56\x86\xDF\x4A\x4C\x23\x3C\x8B\xCA\xB0\xBB\x86\xD1\x99\x63\x76\x4D\xEB\xE8\x32"
"\x3B\x1B\x0C\x98\x78\xDB\x16\x8F\xD3\xBA\x05\x16\x1F\xEE\x54\xC4\xAD\x4B\xA1\x40\x63\x49\x2A\x95\xCD"
"\xF8\xEE\xCE\xE8\x2F\xFC\xF0\xBE\x70\xF8\x6B\x77\xDE\x68\xD4\x8B\x45\xA2\x4F\x77\x5A\xA6\xEC\x38\x15"
"\x99\x58\xCC\x71\xE4\x02\x54\xE7\xAB\x3B\x02\x45\x43\xD4\x8E\x78\xAA\x22\xFA\x6C\x9C\xF9\xEA\x9E\x03"
"\x47\x86\x09\x28\xD0\xDC\x60\xF4\xEE\x4E\x9C\x28\xCA\x06\x3E\xA1\x71\x6D\x5C\x82\x89\x84\x1F\xDD\xA1"
"\x18\x35\xE2\xA8\x79\xDF\xC4\x71\xBA\xD2\xC1\xDD\x84\xD7\xC5\x73\x2F\x9A\x6F\xA5\xE1\x6B\xF3\xEE\xCE"
"\x7C\xA8\xBD\xF3\xB4\x66\xB2\x0D\x67\x27\xBA\xDB\x77\x77\xDA\x82\x1A\x5C\xE0\x39\x3C\xFA\xB9\x6B\x2F"
"\xF8\x4B\xD0\x75\x5B\xA5\x88\xBF\xDC\x39\x0E\xF8\x9C\x87\x7C\x77\xB3\xEB\xA2\x52\x70\xEA\xE0\x0E\x01"
"\x67\x08\x76\xB9\x80\x4F\x61\x63\x39\xF9\xE9\x8E\xB7\xB2\xEB\xDA\x8C\xBF\x29\xDE\x2F\x9E\xF6\x87\x3B"
"\x66\x27\x3F\x7D\xE2\x18\xA7\x4B\xEE\xEE\x62\xC3\x59\x8F\x78\xF6\xB5\x85\x66\x6C\xCE\xF5\xDC\x74\xC0"
"\xE3\xEF\xBB\xC4\xCF\xA0\x18\xC3\xC8\xEF\x0D\xEB\x4B\xED\xDF\xD4\x5D\xA0\xFE\x25\xFE\x2B\x9D\xAE\xEB"
"\x51\xB7\xFF\x32\x7E\x92\x65\x6C\x93\xD8\x87\xD6\xFB\xE3\x71\x7F\xAC\xEB\x23\xED\xE8\xF3\xAF\x36\xD0"
"\xB2\x6D\x2F\x45\x5B\xB6\x45\x3C\x14\x6D\x71\xC1\x0A\xF1\xBC\xAF\xA7\xFB\xF3\xBA\xDE\x6E\xDC\x6F\x58"
"\xF2\x2D\xB9\x17\x6D\x8D\x05\xF8\xA4\x03\x25\x4B\xB1\xDE\xD7\xDB\xFD\x71\xBD\xDD\xB8\x5F\xAF\xD7\x67"
"\x74\x87\xD1\x69\xFB\xB7\x23\xB5\x70\x8F\x61\x1E\xD7\x53\x0E\xB2\x3E\x9E\xEB\x13\xF8\x76\xAB\x29\x76"
"\x0E\x1D\x55\x0A\x58\x1F\xF5\xA4\x3B\xEC\x89\x65\xF4\xED\x50\x96\xE5\x09\x3B\x5B\x1C\x4F\xD7\xB2\x24"
"\x8E\xBC\xBF\xA1\x0E\xF7\x54\xFF\xF8\xFE\x13\xF5\x5E\x9D\xA9\x0B\xB6\x78\x9A\x00\x00\x00\x00\x49\x45"
"\x4E\x44\xAE\x42\x60\x82"
}
};

static const binfile_t logo_msx = {"logo_msx.png", 464, {
"\x89\x50\x4E\x47\x0D\x0A\x1A\x0A\x00\x00\x00\x0D\x49\x48\x44\x52\x00\x00\x00\x2E\x00\x00\x00\x32\x08"
"\x03\x00\x00\x00\x14\x73\x19\xE5\x00\x00\x00\x01\x73\x52\x47\x42\x00\xAE\xCE\x1C\xE9\x00\x00\x00\x04"
"\x67\x41\x4D\x41\x00\x00\xB1\x8F\x0B\xFC\x61\x05\x00\x00\x00\x45\x50\x4C\x54\x45\xCF\xCF\xD0\xA5\xA3"
"\xA7\xCE\xCE\xD1\xD6\xE6\xD6\xC7\xCA\xCD\xC4\xC2\xBF\xE7\xEF\xF7\xFF\xFF\xF9\xE6\xE6\xDE\xFF\xFF\xFF"
"\x23\x1F\x20\xB4\xAD\xAD\x75\x73\x73\x8F\x8E\x8E\x34\x30\x31\x81\x7F\x7F\xE0\xDF\xE0\xBD\xCE\xD6\x50"
"\x4E\x4F\xF8\xF8\xF8\xF8\xFC\xF8\xF1\xF0\xEF\xD0\xD0\xD1\xA6\xF2\xAC\x01\x00\x00\x00\x09\x70\x48\x59"
"\x73\x00\x00\x0E\xC4\x00\x00\x0E\xC4\x01\x95\x2B\x0E\x1B\x00\x00\x01\x14\x49\x44\x41\x54\x48\x4B\xCD"
"\x96\x8D\x6E\xC2\x30\x0C\x84\x4D\x47\x29\xB4\xFC\x8C\x8D\xED\xFD\x1F\x15\xDF\xD9\x0E\x0D\x2B\x92\x3B"
"\x29\x12\x9F\x48\x7C\x76\x0F\x37\x2D\x34\xAA\xC8\xA6\xAB\xF8\xF0\x61\x44\x66\x63\xDB\x4B\xDF\xED\x86"
"\x24\xFB\x4E\xED\x95\x1B\x49\x0C\x4C\xE5\x63\x43\x44\x86\x43\x9A\x41\xB4\xBB\xEB\x04\x6A\x6F\xD8\x7D"
"\xFD\xDA\xA5\xE9\xDA\xD7\x74\x6F\xBB\xF6\xF6\xDD\xC7\x15\xBC\xA5\x1D\x4F\x43\xCC\x16\x0B\x53\x14\x34"
"\x2E\xDA\x11\x66\x8C\xE3\x64\xA1\xD8\x8F\x96\x3F\xE6\x8A\x68\x53\xEC\xAC\x9E\xCE\x0C\x4C\xCE\x01\x4B"
"\xCA\xE9\x8F\xDD\x41\xB2\xE3\x41\x62\x45\x6B\xFE\xCA\xEE\xE0\xD0\xA5\x28\xC5\xEC\xAC\x04\x9F\x66\x20"
"\xB0\x14\xA1\x2C\xD8\x07\xBB\x70\xA2\x2B\x36\x81\xBB\xF9\xCA\xEE\x50\x5F\x59\x8A\x22\xED\x38\xBB\x7F"
"\xE5\x0B\xD2\x80\x9C\x5D\x08\x6B\xB4\x33\xE3\x2D\xBB\x3C\x9F\x08\xD3\x64\xC5\xDA\x3E\x9B\x1F\x60\x63"
"\x84\xCF\x43\xB1\x5F\x17\xED\xC5\xE6\xBF\xBA\x5F\x6A\x9A\xE6\x76\x7F\x6C\x53\xAC\xB3\x63\xE3\x70\x99"
"\x01\x1B\x87\xCB\x0C\xFF\xE8\xFE\xED\x3A\x01\xBA\xDF\x5C\x27\x68\xDC\xBD\x7F\xB3\xEE\x3F\xAE\x13\x68"
"\xF7\xFE\x77\x8F\xFF\x7E\x06\xBE\xA0\x6C\x9F\xDE\x71\x82\x3A\x23\x1B\xB9\x03\x86\x45\x49\xF0\x39\x10"
"\xD6\xE2\x00\x00\x00\x00\x49\x45\x4E\x44\xAE\x42\x60\x82"
}
};

static const binfile_t logo_nes = {"logo_nes.png", 1156, {
"\x89\x50\x4E\x47\x0D\x0A\x1A\x0A\x00\x00\x00\x0D\x49\x48\x44\x52\x00\x00\x00\x2E\x00\x00\x00\x32\x08"
"\x03\x00\x00\x00\x14\x73\x19\xE5\x00\x00\x00\x01\x73\x52\x47\x42\x00\xAE\xCE\x1C\xE9\x00\x00\x00\x04"
"\x67\x41\x4D\x41\x00\x00\xB1\x8F\x0B\xFC\x61\x05\x00\x00\x00\xD8\x50\x4C\x54\x45\xC7\xC5\xC5\xC8\xCD"
"\xCE\xD0\xCF\xD1\xC7\xCA\xCD\xC4\xC2\xBF\xDE\xDB\xD7\xE9\xE9\xEA\xF8\xF7\xF0\xF8\xF7\xF8\xF0\xF1\xF0"
"\xD0\xD0\xD1\xF8\xFC\xF8\xF6\xAC\x9F\xCE\x78\x6E\xF7\xC2\xBB\xEE\xB7\xAF\xE0\x72\x65\xF8\x8D\x7D\xD6"
"\x96\x8E\xF8\xE5\xE3\xDB\xCC\xC7\xF8\x9E\x8F\xF1\xF0\xEF\xCF\xCF\xD0\xCB\x3D\x2C\xE8\x59\x48\xF6\x6E"
"\x5B\xF6\x80\x6D\xE0\x42\x2E\xF8\xF8\xF8\xF0\xF8\xF8\xD0\xCC\xC8\xF8\xDA\xD4\xF8\xCC\xC4\xEB\x88\x78"
"\xDA\xD0\xC9\xE0\xE1\xE0\xE8\xE6\xE0\x5C\x5C\x5A\x30\x31\x33\x38\x37\x37\x27\x28\x28\xE0\xE3\xE8\x8D"
"\x8C\x8A\x40\x3C\x38\xA8\xA5\xA3\xB8\xB3\xAF\x9A\x96\x93\x18\x1C\x1B\x80\x7C\x78\x67\x67\x67\x62\x61"
"\x60\x78\x79\x7A\xD0\xC8\xC8\xB1\xB4\xB9\xBF\xB9\xB6\xA3\x9E\x9B\xC0\xC0\xC0\xB0\xB0\xB0\x1A\x17\x17"
"\x50\x4D\x4B\x02\x02\x04\x40\x3C\x40\x7E\x4F\x4E\xC2\xD3\xE6\x76\xAE\xF0\x5D\xA7\xF4\x94\xCB\xF8\xE0"
"\xE2\xE0\x2B\x7A\xD8\x2B\x87\xF5\xA5\xA3\xA7\xBC\x00\xD3\x08\x00\x00\x00\x09\x70\x48\x59\x73\x00\x00"
"\x0E\xC4\x00\x00\x0E\xC4\x01\x95\x2B\x0E\x1B\x00\x00\x03\x35\x49\x44\x41\x54\x48\x4B\xED\x95\x6D\x7B"
"\x9A\x30\x14\x86\x03\x2B\x3A\xD7\x08\x44\xC8\x4A\xC0\xCD\x80\x4A\x45\x8A\x2F\xD0\x8A\xA2\x7B\x11\xA7"
"\xFB\xFF\xFF\x68\x27\x11\x6D\xC5\x76\x57\xBF\xEC\xDB\x9E\x73\x91\x1C\xC3\x93\xDB\x43\x8C\x01\x21\xA4"
"\x28\xEA\x3B\xE3\xC3\x0D\x42\x5A\xA3\xF9\xB1\x8A\x66\xB3\x25\x7A\xA1\x17\x63\xE7\xBC\xF5\xE9\x06\x29"
"\x8D\x5B\x29\xDC\xD6\x0D\x93\x74\xAC\xDB\x8F\xCD\x86\x0D\x2D\x0C\xC9\x8B\x9A\x16\xCC\x96\x96\xDB\xCF"
"\x77\x48\x6D\x1E\x53\xE2\x30\xD7\xF1\x3C\xE2\x82\x1C\xD7\x24\x26\x36\x3D\x93\x12\x8F\x75\xA9\x49\xBC"
"\x23\xF3\x0B\xD8\xBF\xCA\x0C\xEC\x9E\xD3\x75\xBB\x8C\x11\x68\x61\xA2\x49\x1C\xC2\x58\xD7\xF5\x1C\xB7"
"\x8B\x1D\xFB\xC8\x7F\xA6\x53\x47\x37\xBB\x2E\x73\x4D\x2C\xCC\x8C\x98\xD4\xC1\xE2\x9B\xDC\x2E\x61\x84"
"\x69\xD2\x05\xF4\xDE\x57\x4B\x8A\x1B\x9C\xEB\xBA\xEE\xEB\xDC\x17\x97\xE1\x5B\x3E\x17\xBD\xE1\x73\xB8"
"\x2C\xAB\xD9\xB0\x2C\xA0\xDB\x16\x73\xA9\xE7\xB9\x38\x30\x31\xF3\x68\xE0\xB9\x06\x64\x1E\x21\x30\x16"
"\xC0\x93\x30\x78\x1C\x42\x99\x87\x31\xA3\x40\xB7\x1B\xCC\x15\xCF\x65\xE0\x36\x17\x99\xCB\x7C\x91\x11"
"\x06\x75\x60\x13\x5A\x26\x66\x98\xB8\xC3\xDB\xBE\xAC\xDD\x37\x74\x9D\xEB\x16\xB7\x65\xE6\x8B\xCC\x82"
"\x0E\xC4\x7D\xE8\x0D\x28\x46\xF7\x79\xBF\x69\x5B\x2F\x56\x46\x88\x77\x28\xC6\x3E\xC6\x01\xD5\x8D\x00"
"\x53\x4A\x31\xF1\x3A\xBC\xBA\x29\xF4\xBC\x32\x42\xBC\x4D\xA0\x52\x93\xB8\x9E\xE1\xB7\x7D\xCF\xA5\x01"
"\x83\x85\xAD\x6E\x82\x6A\x74\xCB\x20\x1E\xEF\xF8\x9C\x06\x86\xD5\xB1\x8C\x0E\xA5\x24\x08\x70\x75\x53"
"\xE8\x4C\x6F\x0D\x34\x11\x9A\x6C\x55\xE8\x45\x76\x94\x18\x69\x49\xD3\x99\x3E\x0C\xEF\xEF\x47\x57\x71"
"\x1F\x49\x41\x16\x8E\xA5\xFF\x44\x8F\x1F\x92\xC9\xB5\xA6\xD1\x0C\x14\x4E\x26\xC9\x68\x2E\x76\xC1\x99"
"\x3E\x4F\xFB\x6A\xEF\x2A\x26\xD1\x0C\x26\xA4\x90\x65\x99\xDC\x64\x27\xFA\x63\xD6\xEB\x3D\xD5\xC3\x5E"
"\x8C\x22\xA8\x27\xB5\x9F\xEC\x4C\x56\xF3\x4C\xCF\xFA\x2F\x7C\x55\xF4\xF2\x78\x0A\xB1\x14\xF4\x70\x28"
"\x6C\x7F\xA7\xAF\xA6\xCB\xE5\x72\x9A\x40\xF6\x2E\x3A\x8A\xA5\xFD\x3F\xBD\x1E\xFF\x9A\x3E\x4D\x96\xC9"
"\x1B\xF4\xA7\xFC\x4A\x49\x98\x65\x59\x18\xBF\xBA\x67\x50\x0E\xA7\xF1\xA5\x0A\xD8\x8F\xD1\x71\x47\xBE"
"\x42\x07\xCA\x65\x2C\xC4\x06\x5E\xA7\xFD\xA7\x7E\x9D\x1E\xE6\x45\xB2\xA8\xFE\x15\x27\x2D\x96\xE2\xDF"
"\x31\x0B\xF3\xC9\x22\xCC\x2E\xE9\x9B\x04\x76\x6A\x5D\x71\xB4\x5E\xAF\x67\x1B\xC8\x36\x35\x3A\x8C\xC5"
"\x57\x9A\xCF\xBE\x81\x42\x61\xAF\xD1\x1F\xE0\xE6\x95\xD2\xB5\xB0\x6F\xE2\x79\xFC\xBD\x46\x8F\xB2\xEC"
"\xC7\x8F\xF9\x63\xF6\x38\xCF\xD2\xB3\x42\xA8\x7C\x3D\x1B\xA5\x59\x7A\x5F\xA3\x47\x29\xD8\xB3\x30\xCC"
"\xC2\x4D\xE5\x05\x85\x92\x3E\x82\x2C\xCA\x2E\xE8\xC5\x2C\x3A\x9F\x2A\xCF\x8A\x84\xFB\xDB\x0C\x92\x75"
"\x7C\x41\xBF\x2D\x52\xF8\x01\xDF\x56\xDC\x13\xE7\xD8\x99\x0E\xA7\xDE\xB8\xF1\x97\x18\x1E\xDF\x65\x77"
"\x48\x69\xBD\x29\x78\xCB\x5E\x46\x03\xEC\xDA\x60\xFC\x7A\xFC\xDC\x6E\xCB\x8B\xD8\xFD\xBA\x43\x68\x30"
"\x18\xCA\xD3\x57\xB4\x43\x19\x55\x5F\xEE\x0F\xE5\xE1\x50\x1E\xAF\x52\xF4\xE2\xAD\x3D\x18\x8C\xB5\xA2"
"\x58\xAD\x72\x35\x41\x68\x85\x72\x4D\x29\x94\x95\x06\xF4\x72\xBF\xDD\xED\x77\xDB\xED\x6E\xB7\x2B\xF7"
"\xD0\x80\xFD\x48\x57\x8B\xA4\x48\xF2\xBC\x58\x2D\x8B\x22\x2F\x16\x45\x31\x59\x49\x7A\x09\x16\x70\x6F"
"\xA1\xAA\x03\x7C\xD8\x9F\xE8\x8A\x8A\x90\xAA\x22\x05\xF5\x14\x4D\x51\x72\xB5\xA2\x03\xF6\x00\x53\xCA"
"\x52\x3C\xC5\xB6\xDC\x0B\xFA\xA9\xE2\xAB\xD8\xED\x0F\x17\xDA\x97\x40\x17\x4B\xF3\xBA\xC6\x3F\xEB\x12"
"\xC5\x4C\x93\xE2\x7D\x5A\x24\xBF\xEF\xFE\x00\xEA\xC3\x16\x19\xA9\x50\x3D\xC2\x00\x00\x00\x00\x49\x45"
"\x4E\x44\xAE\x42\x60\x82"
}
};

static const binfile_t logo_ngp = {"logo_ngp.png", 1399, {
"\x89\x50\x4E\x47\x0D\x0A\x1A\x0A\x00\x00\x00\x0D\x49\x48\x44\x52\x00\x00\x00\x2E\x00\x00\x00\x32\x08"
"\x03\x00\x00\x00\x14\x73\x19\xE5\x00\x00\x00\x01\x73\x52\x47\x42\x00\xAE\xCE\x1C\xE9\x00\x00\x00\x04"
"\x67\x41\x4D\x41\x00\x00\xB1\x8F\x0B\xFC\x61\x05\x00\x00\x00\xDB\x50\x4C\x54\x45\xCE\xCE\xCE\xBD\xCE"
"\xD6\xCE\xCE\xDE\xD6\xE6\xD6\xC7\xCA\xCD\xC4\xC2\xBF\xE6\xEF\xF7\xFF\xFF\xF7\xE6\xE6\xDE\xD0\xD0\xD1"
"\xF1\xF0\xEF\xCF\xCF\xD0\xB5\xE6\xE6\x21\xAD\xE6\x00\x8C\xDE\x00\xA5\xE6\x94\xCE\xE6\x4A\xAD\xDE\xF8"
"\xF8\xF8\x67\xCE\xDE\xF8\xFC\xF8\x6B\xAD\xDE\x29\x8C\xE6\xFF\xEF\xF7\x08\x08\x10\x29\x29\x21\x4A\x4A"
"\x5A\x6B\x6B\x63\x45\x6B\x5A\x67\x6B\x9C\x68\x8C\x9C\x29\x21\x42\xB5\xA5\xCE\xB5\xAD\xAD\x94\xAD\xA5"
"\x8C\x8C\xA5\x8F\x73\x9C\x6B\x4A\x5A\x29\x4A\x5A\x08\x29\x19\x8C\x63\x5A\x40\x4D\x19\x79\x6E\x19\x4F"
"\x8C\x19\x29\x29\x9C\x29\x4A\x9C\x08\x19\x42\x8C\xA4\x76\x4A\x8C\xDE\x72\x6D\xDE\x6B\x8C\xDE\x4A\x6B"
"\xDE\xB0\xCE\xB4\xB5\xA5\xEF\x8C\xA5\xEF\x3D\x93\x5A\xA8\xAF\x76\x3A\xBE\x9C\x6B\xB8\x5A\x8C\x47\x9C"
"\xCE\xA5\x7B\xD2\xD4\xA5\xCE\xA5\x5A\x6B\x8C\x5A\xF4\xE9\x96\x94\xA5\xCE\x29\x08\x19\xE9\xE9\xEA\xE0"
"\xE2\xE0\x1C\x6B\xDE\xB5\x94\xA5\xE6\xC5\xDE\xA5\xA3\xA7\xBD\xB6\x3B\x96\x00\x00\x00\x09\x70\x48\x59"
"\x73\x00\x00\x0E\xC4\x00\x00\x0E\xC4\x01\x95\x2B\x0E\x1B\x00\x00\x04\x25\x49\x44\x41\x54\x48\x4B\x8D"
"\x56\x0D\x77\xA2\x38\x14\x85\xB8\x0B\x9D\x1D\x14\x5C\x57\x25\x80\x40\x12\x85\xB1\x4E\x17\x4B\x2D\x75"
"\x5A\xDD\xDA\xCE\xBA\xBB\xFF\xFF\x17\xED\x7D\x09\x28\x3D\x67\xE7\x9C\xBD\xC9\x0B\x31\x79\xB9\xB9\x79"
"\xF9\x68\x2D\xCB\xB6\x2C\x8B\x5D\xF3\xA0\xB5\x8F\xBF\x8C\xFD\xF4\x33\x7C\x1D\xF7\x7F\xE2\xE6\x13\xDC"
"\x3F\x78\xD3\x8F\xCE\xA8\xB8\x64\x6D\xBF\x7C\xB6\x2C\xAA\x78\xC3\xD1\xC8\x1F\x91\xF9\x01\x19\x39\x8F"
"\x75\x7D\x8C\x9A\x87\xAE\xC0\xF3\x5C\xF7\x57\xB8\xD3\x68\xED\x6D\x12\x5C\xD0\x49\xEE\xBE\x1F\x8C\xC8"
"\x7D\x32\x1A\x0D\x3D\xD7\x41\xFE\x8D\xD8\xE1\xEE\x8F\x86\x81\x86\xE7\x80\xCA\xF7\x47\x93\x96\xDD\x1F"
"\x3B\x63\x8C\x21\x25\x40\x9F\xDD\x1F\xFA\xB0\xC0\x41\xEF\x74\x04\xFF\xB1\x9E\x69\x38\x6C\xB5\x11\x5A"
"\x76\x37\x40\x2B\xA6\x24\x03\xFB\x04\xF3\xFB\x63\xA3\x7D\xD6\x77\xEF\xD8\x1D\x23\x25\xA0\x3E\xBD\x3C"
"\xE8\x85\x24\xAA\xF7\xC4\x74\xDA\xB5\x5E\xC2\xC8\x9F\x79\x20\x46\x13\x56\x89\xA1\xBA\x3E\x81\x24\x84"
"\x05\xE8\xD8\x11\x11\x83\xA1\x87\x65\x93\xBB\x8B\x65\x6A\x76\x54\x75\x20\xA9\xCD\xB0\xB7\xEB\xD6\x70"
"\xE6\x6D\xE5\x02\xC7\x35\x4D\xF0\x6A\xD9\xBB\x11\x97\xD2\x64\x53\x37\xA5\xAE\x5C\xD9\x9D\x5E\x69\xD0"
"\x6F\x69\xAD\x63\x27\xEB\x4A\x7C\xAE\xA3\xF4\xF7\x52\x10\xBB\xE3\x86\x3C\x02\xE2\x24\xD6\x58\xC4\x71"
"\x8A\x82\x12\x65\x42\x42\xFD\x59\xA8\xD9\x5D\x37\xB3\x2D\x9B\x5D\x31\xD0\x46\x49\x57\x35\x6E\x50\x8F"
"\x5A\xED\x99\x9D\x0B\x69\x13\x44\x9A\x2E\x90\x62\x93\xD3\x05\x72\xDB\x61\xDB\x2C\x76\x8C\xF6\x6C\xA0"
"\x92\x48\x8A\xA5\xCD\x64\xC6\x09\x99\x49\xAB\x55\x94\x71\xA5\xDD\x63\x69\xB3\xE4\xC2\x6E\xE7\x68\x82"
"\x22\x99\x69\xF0\x82\xBC\xCB\xD5\x97\x2F\x2B\xBE\xC4\xED\xA4\x01\xEC\xCA\x8E\x0B\xCB\xA8\xD1\x02\x7B"
"\xB2\x5E\xAF\x79\x58\x14\x25\xE7\x6B\xBE\x32\xEC\xB4\x34\x12\x73\x61\xB7\xA4\x54\x82\xD8\xCB\x88\xDF"
"\x6E\x6E\x6F\x93\xE4\x16\xE0\x11\xE7\x4A\xB3\x2B\x45\x62\x2E\xEC\x72\x19\x2B\x95\x93\x98\xAF\x77\x94"
"\xEE\xB2\x3B\xC2\xD7\xDF\x35\x7B\xAE\x4A\xBE\x1C\xC4\xF3\x4B\x64\x54\x12\xF2\x4A\x31\xC9\xD7\xDB\xFB"
"\xFA\x81\x70\x4F\x45\x5D\x90\x76\x61\x2B\x5E\x2E\x7A\x91\xD9\xA5\x25\x0F\x23\x69\x83\x3D\x7D\xB4\x1B"
"\x33\xE0\xE1\xBE\xDE\x92\xF6\xB8\x50\x4C\xA5\x56\x2F\x32\x96\x2A\x78\x19\x0B\x88\x29\x52\x04\xE9\xF1"
"\x7E\x5B\x37\x75\x7D\x5F\x83\x5D\xE5\x9C\x17\x83\x1B\xBD\xD4\x4E\x3B\xD4\xC4\x29\x54\xCA\x6C\xBD\xD9"
"\x6C\x2A\x59\x3F\xD4\xF5\x76\xFB\xD8\x34\x45\xA6\xEC\x24\x8B\x19\x45\xF2\x1A\x19\xFD\xF2\xA1\x05\x81"
"\xDC\x3C\x6D\x9E\x9E\xD2\x34\x55\x8B\x87\x3C\xDD\x82\x9D\xD9\x39\xA3\xE8\xF4\x22\x43\xFB\x40\x2D\x2A"
"\x5B\xEF\xAB\xEA\x5B\xF2\xFC\x5C\x7D\x7B\x79\xA9\xAA\x67\x2C\x95\x3A\x08\xEC\x1A\x19\xA2\xA7\x16\x88"
"\x39\xEC\xF7\x4F\xD5\xF1\x50\xFD\xB1\x8F\xF7\x87\x63\xD4\x1E\x02\x9A\xBA\xBF\xAB\x7A\x04\xDC\xA3\x83"
"\x38\xBC\x1E\x4F\xA7\xE3\xE9\xF0\x72\x38\x1D\x13\x9E\x12\x13\xFA\x11\x99\x2B\xBB\x2D\x84\xCC\xC1\xCE"
"\xE3\xD3\x71\x07\xF6\xDD\xDB\x49\x56\xBB\xD3\x09\x67\x46\xCF\x4B\xEC\xBD\x5D\xB5\xC5\x9B\xCC\x2D\x8A"
"\xCC\xFE\x35\x49\x92\x74\xB1\xA8\x5E\x93\xB8\x3A\xAC\x33\xB0\x63\x5B\xC9\xBD\xD3\x5E\x20\x4E\x22\xC7"
"\x91\x81\x98\x30\xA4\x13\x5C\x86\x61\x89\x33\x86\x2F\x45\xC6\x42\xD0\xD1\x99\x5C\xB5\xE3\xC2\x50\x93"
"\xC8\xC2\xF2\x9D\x7C\x91\xCD\x37\xC3\x11\xD3\x7D\x16\x8B\xDB\x5D\xE5\x98\x0E\x93\x51\x73\x4C\xB7\x32"
"\xCA\x28\x67\x28\x71\x83\x05\x82\x8E\x8C\xFE\xA8\xD5\x1E\xC6\x32\x17\xF9\x8E\xEE\x88\xBE\x9E\x88\x04"
"\xED\x1A\x4D\x09\x06\xBA\x3B\x79\x2E\xDE\x96\x61\xCB\x8E\xA7\xA0\x88\x70\xE1\x97\x0A\x90\x4A\x4A\x21"
"\xDF\x60\x42\x02\x68\x59\xA6\x31\x26\xE5\x61\xF7\xCE\xE8\x67\x65\xEE\x86\x00\xD6\x87\x6B\xD7\x02\xD5"
"\xF7\xF2\x1D\xAD\xF4\xCE\x00\xDD\x0B\xAC\x1F\x1D\xFD\xF8\xCC\xCD\xA7\x45\x57\xEF\x1E\x2A\xC3\xDE\x6B"
"\xEE\x83\x7E\xE9\xCE\x4B\x37\xB1\xDF\x38\x73\xE7\xBF\x31\xD7\x09\x8F\xB2\xF6\x80\x7D\x27\xF7\x1F\xC1"
"\x6B\xA6\x1F\x11\xFC\xD9\xBA\xE3\xB6\xE8\xD2\x80\xEA\xC0\xF4\x3C\xDB\x9E\x67\xD3\xE9\xCC\x18\xEA\xF4"
"\x57\x1B\xAE\x4C\x88\x9D\x25\x98\xB0\x10\x7C\x6C\x8B\xB0\x76\x18\xE1\x8C\xCF\x53\xEF\x3C\x69\xA6\x41"
"\x40\x16\x60\xC8\x27\xC3\x6E\x89\xBF\x30\x00\x59\xEA\x0F\x90\xDF\x30\x67\x7A\xAE\x83\xF3\xAC\x09\x82"
"\x2D\xAC\x69\x9A\xB1\x66\x07\xD1\x80\xF6\x90\xFE\xC5\x00\xB0\xA7\x60\xD7\x62\x66\x8D\xB7\xED\xC4\x8C"
"\xA7\x13\xB8\x77\x4B\x35\xB2\x5B\xD1\x1A\xCC\x09\x1E\x66\x2D\xB6\xC6\xC6\xC4\x6E\xE3\xF1\xA6\x6E\xE3"
"\xF5\xB7\xF9\xE8\x16\xC6\x3C\x7D\x6C\x3C\xFA\x7A\x8F\x8C\x91\x3B\xF4\xFE\x18\x38\x7A\x6D\xDA\x89\x5C"
"\xFE\xF3\xF9\x5F\xF0\x5C\x96\x1E\xFE\x25\x1A\x0C\x00\x00\x00\x00\x49\x45\x4E\x44\xAE\x42\x60\x82"
}
};

static const binfile_t logo_pce = {"logo_pce.png", 1275, {
"\x89\x50\x4E\x47\x0D\x0A\x1A\x0A\x00\x00\x00\x0D\x49\x48\x44\x52\x00\x00\x00\x2E\x00\x00\x00\x32\x08"
"\x03\x00\x00\x00\x14\x73\x19\xE5\x00\x00\x00\x01\x73\x52\x47\x42\x00\xAE\xCE\x1C\xE9\x00\x00\x00\x04"
"\x67\x41\x4D\x41\x00\x00\xB1\x8F\x0B\xFC\x61\x05\x00\x00\x00\xDB\x50\x4C\x54\x45\xC7\xC8\xC7\xCC\xCD"
"\xD0\xD0\xD1\xD2\xC7\xCA\xCD\xC4\xC2\xBF\xF0\xF0\xF0\xF8\xF7\xF0\xF6\xF7\xF8\xF7\xDA\xDA\xF8\xE8\xE6"
"\xF4\xCD\xCC\xF0\xF4\xE8\xD0\xD0\xD1\xF8\xFC\xF8\xF5\x1A\x19\xF8\x42\x41\xF5\xA4\xA4\xC5\x44\x44\xDF"
"\x76\x74\xF6\xBF\xBF\xF8\x93\x91\xF1\xF0\xEF\xCF\xCF\xD0\xDE\x92\x93\xD9\x1D\x1E\xF8\xF8\xF8\xF5\x7E"
"\x7D\xF5\xB5\xB5\xF8\x66\x65\xF8\xF5\xE8\xE1\xE0\xD8\xD8\xDB\xDE\xE0\xE2\xE3\xD1\xCE\xBD\xE8\xE7\xE3"
"\x5E\x5E\x60\x39\x3A\x39\x55\x59\x50\x94\x93\x86\x48\x46\x44\xD7\xD7\xC5\xBF\xC0\xB9\xC9\xC7\xB4\x78"
"\x79\x74\xE8\xE7\xD4\xE0\xE1\xD0\xD8\xDB\xD0\xE0\xDC\xC8\xE0\xE0\xC8\xF0\xF1\xDE\xF8\xF4\xE0\xF8\xF8"
"\xE0\xF0\xEC\xDD\x60\x60\x57\x6E\x75\x75\xA5\xA6\x9E\xB8\xB6\xB1\x90\xB4\x98\x68\xAF\x85\x38\x9C\x60"
"\xB0\xB0\xAE\x19\x19\x17\xE9\xE9\xEA\xC3\xD3\xE5\x7D\xB4\xF0\x65\xA9\xF1\x98\xCE\xF8\xE0\xE2\xE0\x21"
"\x74\xD6\x3D\x94\xF7\x19\x7C\xF2\xB0\xB4\xB9\xA5\xA3\xA7\x31\x09\x06\x88\x00\x00\x00\x09\x70\x48\x59"
"\x73\x00\x00\x0E\xC4\x00\x00\x0E\xC4\x01\x95\x2B\x0E\x1B\x00\x00\x03\xA9\x49\x44\x41\x54\x48\x4B\x8D"
"\x96\x8B\x62\x9A\x48\x18\x85\x81\xAE\x72\xB1\xE8\xC4\x61\x83\x0B\x78\x21\xA9\x16\x70\x10\x46\x31\xBA"
"\x59\xBA\x15\xAA\x66\xDF\xFF\x89\xF6\x0C\xA0\x8D\x31\xA6\x3D\x27\x30\x30\x9E\xF9\xE6\x67\x00\x8D\x04"
"\xC9\xCA\x6F\xFA\xD3\x1F\x92\xA4\xB4\xDA\x6A\x5B\x83\xD4\x76\x5B\xD7\xB4\x56\x5B\x33\x60\x5D\x45\xEF"
"\x1B\x77\x3E\x23\xDE\x32\x4D\x53\xEF\x76\xBB\x3D\x43\x25\x77\xDD\x6E\x9F\xF6\x2D\x42\x2C\x82\xDE\x2B"
"\xFD\x79\x2F\xC9\x6D\xA4\xED\x41\xAF\xD7\x25\x14\x63\xBA\x03\x84\x09\xB1\x69\x93\xB8\xD0\x5F\xF7\x92"
"\xA2\x9A\x26\xBD\xEB\x6B\xCE\x80\xF4\xEF\x88\x4E\x5D\x42\xFA\xC4\xA5\xBA\x8A\x7E\x15\x15\x54\xC2\x61"
"\x1B\x3B\xB3\xA6\x7B\x83\x6E\x6F\xD0\xB3\x06\xF6\xD0\x34\x35\xC4\x6D\xC3\x73\x1C\x4B\xD7\x1C\xC7\xF1"
"\x3C\x1C\x3A\x2E\xB5\x1D\xAB\x5D\xD3\xD5\x11\x2A\xEF\xDE\x51\x6F\x40\x5D\xCF\xA1\x44\x37\x88\x6B\x53"
"\xC3\x70\x2C\xAB\x8F\xCD\xC2\xA1\x6B\x59\x0E\x71\x5B\x15\x5D\x54\xAE\x69\xBA\x98\xA3\x3B\xF0\x6C\x8A"
"\x4F\x2C\xD7\x71\x88\x88\x5A\x16\x41\xD2\x76\x2D\x4C\x61\xEB\x15\x5D\xB7\xFB\xAE\xB8\x10\xDA\xF7\x3C"
"\xAA\x11\x50\xD1\xBA\x18\x42\x1C\xCC\xE5\x58\x04\x61\x03\xA3\x48\x4D\x17\xD1\x93\x54\xC3\x71\x5D\x0A"
"\x12\x45\x8C\x1A\x43\x17\x35\x13\xE2\x78\x8E\xE5\x78\xB4\xDD\xAC\xCC\x2B\xA9\x14\xC2\x08\x9D\x1A\x56"
"\xBF\x6F\x00\xED\x6A\x1A\xD5\x44\xAF\x7E\x5A\x99\xF7\xA4\x1A\x04\x51\x7A\xF1\xE9\x35\xFD\x2C\xDD\xC6"
"\x55\x56\xD7\xF4\x4A\x67\x7A\x67\x3C\xAA\x3D\x69\x3C\xF2\x5D\x57\x69\xFA\xC6\x23\xF1\xA4\xBC\xA2\x3F"
"\x3C\x7E\xF9\x50\xD3\x49\x95\x6F\xE8\xEA\xEC\xAB\x1F\xF8\x95\xC2\x28\x8A\x42\xB8\xD9\x57\x7D\xB2\xFF"
"\x75\x2E\xA8\x67\xFA\x7C\x3E\x1C\xB1\xDA\x31\xBC\x48\x16\xA9\x68\xE3\xA6\x6F\x38\x7F\x7C\x10\xB1\x53"
"\xED\xF3\x39\xE3\xC3\x65\xE5\x15\xCF\xEA\x24\xC3\x71\xDD\x93\xB1\xF9\x5A\x54\xF3\x93\xFE\xC4\xF8\xAA"
"\x53\x99\x31\xC6\xD1\x2E\x39\xA8\x75\x4F\x87\xB3\x9B\x74\x96\xF1\x7A\x96\xEA\xB8\x6E\x6F\xD3\xD9\x89"
"\xF8\xFA\xEC\x26\x9D\xB3\x9F\x6C\xE1\xB8\xDA\xDF\xA4\x33\xD6\x70\x1B\xD7\xE7\x37\xE9\xF1\x69\x7D\x1A"
"\x73\x26\xF6\xB7\xE8\xFC\xA2\x72\x78\x39\x12\xAB\x74\x8B\xCE\x45\xAD\x19\x3F\x19\xD7\xC1\xB2\x0F\xE8"
"\x19\xEB\x30\xC9\x8F\xCE\x1E\xAD\x7E\x45\x8F\x36\xB3\xB3\x36\x3E\x56\x6A\x85\xFB\x7C\x4D\x0F\x02\x71"
"\xE7\x63\x1E\x6D\x5E\x29\xE2\x71\x8A\x67\x26\x08\xAE\xE8\x81\x9F\x24\x49\x10\x73\x3F\xC5\x53\x90\x61"
"\x4B\x59\x16\xFB\x3C\x0D\xD0\x1D\x05\xD7\x74\x29\x5D\xA4\x22\xBE\xC0\xB3\xD2\x28\xF5\x79\x1C\x2C\xD2"
"\x85\xFF\x1E\x3D\x4E\x60\xEE\x27\x80\x67\x49\x02\xF6\x89\x9E\xFE\x8A\x1E\x24\x41\x80\x39\x3E\xA0\xC7"
"\x8C\x73\x3C\xE9\xDC\x67\x3C\x0B\xB0\x4A\x59\xC2\x96\x0C\x2B\x83\xEE\x25\x7B\x67\xDD\x1F\x10\x7F\x88"
"\x91\x18\xC6\x6C\xB8\xEA\x0C\x59\x3C\xE4\x3E\xDE\x14\x41\x79\x67\xDD\xFD\x68\x1B\x6E\xF1\x76\xE2\x4E"
"\x62\xAD\xC5\x3D\x58\x71\x1F\x2F\xAB\x78\x87\xAF\xE8\x8F\x41\x38\x9B\xFD\xFD\x34\xDF\x46\x41\x8A\x5A"
"\x20\x1E\x2C\x12\xBC\xDF\x9B\xF9\x2C\x8C\x82\xA7\x37\xF4\x69\x14\x3D\x3F\x3F\xFF\x83\x38\x94\xA4\x71"
"\x1A\x23\x2B\x94\xCF\x66\xD8\x4F\x2F\xE9\xF9\xB7\xE9\x7A\x5A\x69\x2D\x84\x13\xB8\x96\x68\xA7\xDF\x66"
"\x17\x74\x33\x7F\x5C\x3F\xDE\xD6\x7A\x26\x8B\xEF\xB1\x33\xDD\x34\x5B\x93\x87\x8F\x5C\x7F\xEB\x81\xDE"
"\x69\xDD\x52\xFB\x8D\x87\xFF\xDE\x4B\xD2\x78\x72\x43\xDF\x77\xC5\x85\x76\xE5\x0F\xC4\x47\xE3\xC9\x78"
"\x31\xC1\x20\xB4\x62\xDE\xD1\x69\xFE\x62\x7F\x38\x1C\x0F\x45\x71\x38\x14\x87\xBD\x68\x8F\xE2\x57\x7B"
"\x9C\xBF\xE4\x1B\x69\x3B\x96\xF2\x70\x2B\x29\x72\x98\x4B\x2F\x8A\xA4\x84\xE1\xA4\xD8\xEF\xCA\xFD\x6E"
"\xB7\x2B\xCB\x52\x0C\x29\x8B\xFD\x67\x41\xCF\xF3\x4D\x1E\x86\x72\x18\x6E\x36\xDB\x2D\xC6\xE6\xA2\xC9"
"\xB7\x72\xB1\x2F\x4A\xD0\xCB\x12\x43\x30\x74\x77\xAC\xE9\xB2\x22\x6D\x15\xFC\x2B\xB1\x50\x64\x79\x8B"
"\x51\x61\x38\xC6\x2C\x8A\x22\xE8\x87\x63\xB1\x03\x19\xF1\xB2\x40\x5C\xD0\x4F\xB5\xBE\x75\x89\xDA\x51"
"\xFC\xE1\x58\x6F\xF8\x13\x74\x79\x7C\xFA\x7D\xB9\xF0\x64\x34\xFE\xFE\x56\x88\xCB\xB3\x4D\xFE\x7B\x7A"
"\xD9\xFC\x77\xFF\x3F\xAA\xE0\x0D\x7A\xB6\xAD\x71\x92\x00\x00\x00\x00\x49\x45\x4E\x44\xAE\x42\x60\x82"
}
};

static const binfile_t logo_recent = {"logo_recent.png", 1093, {
"\x89\x50\x4E\x47\x0D\x0A\x1A\x0A\x00\x00\x00\x0D\x49\x48\x44\x52\x00\x00\x00\x2E\x00\x00\x00\x32\x08"
"\x03\x00\x00\x00\x14\x73\x19\xE5\x00\x00\x00\x01\x73\x52\x47\x42\x00\xAE\xCE\x1C\xE9\x00\x00\x00\x04"
"\x67\x41\x4D\x41\x00\x00\xB1\x8F\x0B\xFC\x61\x05\x00\x00\x00\xC0\x50\x4C\x54\x45\xFF\x00\xFF\x09\x09"
"\x09\x13\x13\x13\x43\x43\x43\x4A\x4A\x4A\x49\x49\x49\x36\x36\x36\x4B\x4B\x4B\x2C\x2C\x2C\x61\x61\x61"
"\xCA\xCA\xCB\xEA\xE9\xEA\xDD\xDD\xDD\xBE\xBE\xBE\xB8\xB8\xB8\x8D\x8D\x8D\x50\x50\x50\x86\x86\x86\xEE"
"\xEE\xEE\xF1\xF1\xF1\xBB\xBB\xBB\x53\x53\x53\x47\x47\x47\xBD\xBD\xBD\xAD\xAD\xAD\x99\x99\x99\xC5\xC4"
"\xC6\xC1\xC1\xC1\xFA\xFA\xFA\x22\x22\x22\xAE\xAE\xAE\xFC\xFC\xFC\xD0\xD0\xD0\xAC\xAC\xAC\xE1\xE1\xE1"
"\xE4\xE4\xE4\xF7\xF7\xF7\xF3\xF3\xF3\xB1\xB1\xB1\x6A\x6A\x6A\x75\x75\x75\xA6\xA6\xA6\xF9\xF9\xF9\xFE"
"\xFE\xFE\xD7\xD7\xD7\x3D\x3D\x3D\x5C\x44\x6A\x71\x3F\x8E\x78\x3E\x9A\x87\x59\xA2\x7B\x44\x9C\x66\x42"
"\x7B\x52\x47\x58\xCD\xCD\xCD\xBE\xB7\xC2\xA1\x88\xB1\xCF\xBC\xDB\xBD\xA2\xCD\x76\x3D\x97\xD4\xD3\xD4"
"\x91\x6A\xA9\xCB\xC2\xD0\xB6\xA8\xBF\x9A\x7A\xAE\x88\x32\x51\x76\x00\x00\x00\x09\x70\x48\x59\x73\x00"
"\x00\x0E\xC4\x00\x00\x0E\xC4\x01\x95\x2B\x0E\x1B\x00\x00\x03\x0E\x49\x44\x41\x54\x48\x4B\xAD\x96\x0B"
"\x73\xA2\x30\x10\xC7\x5B\xCD\x4A\x0D\x6A\x6D\x40\xB4\x4A\xC1\x52\x7C\xD4\xA3\x1A\x11\x6C\x2F\x7A\xF5"
"\xFB\x7F\xAB\xDB\x3C\x7C\xA0\xB4\x76\x6E\xEE\x37\x99\x6C\x94\x3F\x3B\xBB\xEB\x26\xF1\xE6\x1F\xB9\xFD"
"\x0A\xF3\xFC\x94\x4A\x95\x00\xE0\x50\x93\xB2\xC7\x25\xA9\x9D\xBF\x51\xB3\xC8\x5E\xA6\xED\xC9\x12\x08"
"\xB1\x2A\x46\xA7\xB9\x03\xA8\x53\xBB\x8C\x46\xB3\xD5\xBA\x6F\x03\x14\xFC\x03\x3C\x30\x87\xE9\x71\x6E"
"\xA9\xEB\xBA\x1D\xF0\x8C\x52\x52\x03\xEB\x52\x76\xB0\xAE\xDB\xED\x01\x31\x52\x89\x07\x8F\x8C\xB1\xFE"
"\xA0\x3F\x18\x0C\xFA\x8E\xEF\xA0\x4C\xA1\xDF\xE8\xBB\x5D\xD7\x23\x4F\x46\x8B\x58\x64\xE0\xD8\xBD\x40"
"\xD3\x73\x42\xA7\xC0\xB0\xDB\xED\xB6\xC9\x9D\xD1\x22\x16\x34\x99\x1B\x3C\x3F\xE3\xC0\xA9\x19\x16\xBD"
"\x0F\xD1\xFB\x37\xF2\xEE\x55\x39\x06\xE3\x9A\x58\x02\xE9\xBD\xC0\x95\x60\xAE\x7B\xBF\x94\x1F\x0B\x59"
"\x2A\xC7\x60\x94\x3C\xB8\x90\x3B\xFF\x23\xD5\xC8\x24\x1A\x04\xF6\x4F\x52\x65\x76\x4B\xF3\xE2\xFB\xD7"
"\xBC\x4B\x79\x1C\x1A\xFC\xD1\x35\x39\x06\xF3\x35\xE5\xC1\x38\x51\xF4\x12\x21\x38\x29\xAB\x96\xF6\x97"
"\xC1\x8C\xF7\x95\x51\xA3\x67\x96\x91\x5F\x26\x1F\x38\x2F\x28\xC0\xA2\xE3\x30\x6F\x68\x3B\x0E\xCB\xEB"
"\x6E\x2B\xF9\xC1\xBB\x22\xE8\x05\x0F\x13\xAB\x3D\x7D\x6D\x5E\xA6\x4A\x7B\xE7\x3C\x4F\xE5\xB6\x96\x78"
"\xE4\x22\xF6\x59\x18\xFE\x92\x75\xC4\x49\x8F\xC4\x53\xC7\x80\xA5\x0F\x85\x37\xA3\x45\x74\x65\x46\xF1"
"\x2C\x46\x70\x52\xF6\x01\x35\xF3\x05\x5F\x2E\x53\xCE\x57\xF8\xCE\x71\x73\x97\xD5\x7D\x42\x48\xC6\x97"
"\xC3\x5C\xB2\x4E\xF9\x0A\x43\x32\x6A\xED\x3D\x19\x9B\x9E\x51\xA0\xEF\x79\xBA\xB6\xFD\xD0\xF7\xE3\x28"
"\xCF\xDF\xF9\x82\x40\xF5\x44\xEE\x14\x2A\x13\x00\x64\x7C\x18\x7E\xFC\x46\x39\x42\xE9\xBB\x58\x00\x98"
"\x74\x65\x30\xB6\x71\xAB\xA9\x13\x10\xFD\x30\x14\x7C\xC3\x64\xFA\x71\x9E\x6F\xF9\x9C\x80\x91\xA3\x77"
"\x7F\x5F\x6F\x69\x7B\x18\xCA\xD6\xF7\x43\x21\xD6\x03\x74\x1E\xFA\x2C\xA7\x42\x00\xD1\x47\x25\xCA\x1D"
"\x67\x96\x1C\x79\x05\xE0\x7F\x8C\x1C\xC3\xC1\x31\x44\xF7\x19\xD1\xD1\xAB\x54\x67\xF2\x6B\x6C\x5F\xF9"
"\xF8\x1E\x32\xC1\x8C\x5C\x79\xF7\x1B\xF4\x53\x60\x75\x8E\x72\xDD\xDC\xDA\x4E\x60\xCE\xE3\x82\xDC\xA6"
"\x7D\x8C\x46\x1F\xC4\xAA\xEE\x2C\x19\x1E\xE8\x90\x39\x97\x29\x0A\x9E\x4A\x3E\xC2\xD0\xC9\x29\xE7\x44"
"\x07\xAF\xBC\x9F\xA6\xDA\x39\x78\xE7\x02\x49\x13\x66\x53\x2A\xF8\xDE\x3B\xCA\x75\x03\x1B\x79\x1D\xE6"
"\x2A\x76\xFB\x5D\x81\x07\x73\x83\xAE\x65\xE5\xA5\x5A\x05\x13\xEF\x4F\x60\xC9\x94\x58\x3C\x91\xD1\x6C"
"\x50\x29\x49\x36\xF9\x0E\x1B\xC1\xD2\x72\xF4\x1E\x37\xC6\x81\x6A\x03\x9C\xC6\x8F\x1E\xF0\x9D\x4A\x11"
"\x87\x9C\x46\x39\x4D\x45\x46\x74\x5B\x02\xB4\x1C\xA6\x9F\xE9\x42\x86\x1E\xF6\x57\x72\xFC\xEC\xAB\xAE"
"\x01\x73\xA3\x55\x61\x22\x1B\x78\x14\x8F\x62\x1C\x72\x7A\x25\xB0\x48\xA3\x83\x7C\x83\x91\xF3\x6C\xDF"
"\xC3\x15\xF0\x1A\x85\xBA\x33\xD6\x06\x8B\x2F\x93\x58\x8A\x71\x73\xD3\x4F\x2E\xE6\x00\xFB\xEB\x12\x6F"
"\xCE\x86\xE9\x73\xC3\x06\xFB\x5B\xF0\xCF\xBC\x11\x25\x79\x4E\xB7\xB8\x43\x08\xA9\x19\xF5\xCD\x2D\x6E"
"\x96\xFA\xB4\x40\x07\x37\xD3\x8A\xA7\xCB\xDD\x6E\xBB\xC4\xE2\x67\x00\x27\xDB\x0F\xC3\x37\x57\xF4\xC1"
"\xCA\xA5\xB5\xC2\x1F\x89\x8B\x45\x86\x5F\x1D\x7C\x2B\x2A\x4F\x6F\xE7\x54\xD5\x29\x60\xE1\xFD\x7F\x71"
"\xCD\x97\x53\x53\x87\x01\x58\x6F\x27\xB7\xEA\xF7\x54\x2A\x95\xB2\x7F\x28\x3F\xE3\xE6\xE6\x2F\x79\x00"
"\xA3\x4D\x4F\x8D\x30\xE6\x00\x00\x00\x00\x49\x45\x4E\x44\xAE\x42\x60\x82"
}
};

static const binfile_t logo_sms = {"logo_sms.png", 1166, {
"\x89\x50\x4E\x47\x0D\x0A\x1A\x0A\x00\x00\x00\x0D\x49\x48\x44\x52\x00\x00\x00\x2E\x00\x00\x00\x32\x08"
"\x03\x00\x00\x00\x14\x73\x19\xE5\x00\x00\x00\x01\x73\x52\x47\x42\x00\xAE\xCE\x1C\xE9\x00\x00\x00\x04"
"\x67\x41\x4D\x41\x00\x00\xB1\x8F\x0B\xFC\x61\x05\x00\x00\x00\xDB\x50\x4C\x54\x45\xC8\xCB\xCD\xD1\xD0"
"\xD0\xC7\xCA\xCD\xC4\xC2\xBF\xE8\xE9\xEA\xF8\xF8\xF0\xF7\xF8\xF8\xF2\xF0\xEF\xD0\xD0\xD1\xF8\xFC\xF8"
"\xF1\xF0\xEF\xCF\xCF\xD0\xD0\xCD\xCF\xF8\xD8\xD7\xF8\xF8\xF8\xEE\x64\x63\xEB\x4F\x4D\xD2\x23\x23\xF7"
"\x76\x75\xF8\xB5\xB3\xF8\xC5\xC5\xDD\x9E\x9F\xF6\x81\x7F\xE0\xB4\xB4\xF6\xA1\xA0\xF7\x8B\x8A\xB8\x19"
"\x18\xF7\x97\x95\xD0\x57\x55\xD2\x77\x78\xB5\x36\x37\xE0\xE1\xE0\xE8\xE5\xE0\x5F\x5F\x60\x20\x22\x20"
"\x1F\x22\x28\x1A\x19\x19\xE0\xE3\xE8\x88\x88\x8B\x05\x06\x08\x83\x7C\x78\x80\x80\x80\x10\x11\x13\x28"
"\x28\x28\x25\x2A\x31\x65\x62\x63\x78\x7C\x80\x3A\x3A\x3B\x32\x30\x32\x40\x27\x26\x37\x1F\x23\x28\x21"
"\x20\x61\x1D\x1F\x73\x1F\x21\x99\x19\x18\x8B\x13\x14\xEC\x10\x10\x7C\x46\x48\xB2\xB2\xB2\xE9\xE9\xEA"
"\xB8\xD3\xEF\x74\xA7\xE6\x67\xA8\xF3\x8B\xC4\xF7\xE0\xE2\xE0\xCA\xD4\xDD\x69\xB2\xF8\x26\x77\xD7\x37"
"\x8F\xF5\x12\x79\xF6\xBB\xBA\xBB\x9D\x9E\xA0\xA5\xA3\xA7\x35\xE7\x0E\xFE\x00\x00\x00\x09\x70\x48\x59"
"\x73\x00\x00\x0E\xC4\x00\x00\x0E\xC4\x01\x95\x2B\x0E\x1B\x00\x00\x03\x3C\x49\x44\x41\x54\x48\x4B\x8D"
"\x95\x0F\x7B\xAA\x36\x1C\x85\xED\x56\xE1\xBA\x96\x81\x41\x53\x22\xFE\xA9\x42\x4B\x07\x78\x2B\x14\xAE"
"\xAB\x13\x99\x8A\xB8\xEF\xFF\x89\x76\x12\x91\xA2\x62\x1F\xCF\x31\x18\xC2\xE1\xF5\x47\x08\xD2\xE0\xBA"
"\xBB\xD1\xBF\xFD\x8E\xEC\x7D\x53\xBA\xCD\xF2\x0F\xC4\xEF\x5B\x37\xEB\x8F\x87\xC6\xA3\xAC\x28\x2D\x09"
"\xED\x54\xCD\x8B\x11\xE8\x4F\x1E\x57\x35\x59\x69\x93\x96\xD4\xC2\x47\xEF\x88\x6F\x49\xEE\x52\xF2\x24"
"\xA3\x23\x29\x5D\xBE\xC5\x28\xC6\x5B\x0F\x8D\x86\x44\xDA\x06\xEB\x51\x83\x1A\x3A\xA5\x2A\xE9\x98\x86"
"\xAE\xD2\x4E\xBF\xD3\xE9\x9B\xFA\x80\x50\xAA\x75\x0C\xA6\x33\x6A\xB2\xAE\x02\xFA\x9D\x44\x34\xC8\x34"
"\x4D\x4D\x65\x88\xAB\x54\x55\x55\xA6\x74\x35\x42\x88\x39\x54\x19\xD1\xA8\xCA\xD4\xBE\xA1\x52\xC6\x04"
"\x9D\x32\x0D\x7D\xAA\xF5\x75\x0D\x67\x68\xAA\x69\x0E\x14\xA9\xA9\xF7\x35\x55\x35\x89\xC6\x10\x36\x8D"
"\xBE\x8E\x61\x2A\xE8\x94\x29\x0A\x01\xB1\x8F\x51\x1C\x35\x95\xEE\x40\x51\x06\x0A\x0A\xE9\xEB\xFA\x00"
"\xE7\x50\xE5\x09\x71\x66\x52\xD0\x1F\x65\xCA\x5A\x4D\xC2\x0C\x95\x31\x42\x75\xA6\x9B\x94\x0E\x3A\xF2"
"\x13\x20\xDD\xAE\x42\x48\x87\x19\x06\x65\x03\x83\xE0\xB0\xA0\xE3\xBA\x71\xF1\xFC\xDA\x8F\x5B\x3E\x22"
"\x3F\xA9\x44\x16\x23\x5F\xE2\xF4\xE6\x61\x4E\xCF\x25\xF1\xFB\x71\x26\x41\x2F\xFA\xB7\xA8\xA4\xCB\xA3"
"\x6F\x25\x8B\x50\x49\x7F\x1E\x4F\xAC\x6F\x6C\x8F\x5F\x44\xFE\x48\x7F\x75\xEC\x89\x65\x5F\x11\x8E\x38"
"\x6F\x9C\x5A\xD2\xFF\x72\x5C\xCB\xAB\xF2\xAA\xF6\x27\xAE\x33\x15\x0B\xF7\x48\xFF\xE9\xB8\x3C\xFF\xE5"
"\xAF\x34\xFA\xAE\xEB\x88\x6A\xAA\x74\x9E\xF7\x8F\xB2\x4A\x71\x36\xE2\xD3\x67\x1E\xAB\xD2\x5D\xFB\xBD"
"\x4E\x33\x9B\xC7\x6B\xE8\x95\xF8\xCC\x2F\x7D\x88\xD7\xD1\x67\x45\x18\x71\x6F\x52\xD4\x5E\xC4\xBF\xA7"
"\xBF\x23\x79\xD0\x35\xBA\x7D\x42\x0F\xC2\x30\xFC\x40\x0B\x83\xAB\x74\xCC\x88\x27\xEC\xFB\x51\xFC\xAB"
"\x50\x14\x79\xF5\x74\xBB\x32\xEF\x1F\x01\xF8\x68\xB3\xC0\x0B\x7D\xE0\x6B\xE8\x07\xF2\xC1\x51\x14\xC7"
"\xF3\xF9\x3C\x9E\xC7\x41\xE8\xF9\xB5\x74\xBF\x42\x8F\x87\xED\xF6\xDF\x42\x71\x64\xA1\xFA\x4B\x7A\x59"
"\x39\xF7\xBC\x37\xFC\x6C\xB7\x7B\xC3\x76\x2F\x8E\xB0\x7F\x49\xAF\x56\x6E\x79\xF3\xDE\xE7\xE7\x50\x08"
"\x74\xCF\xB7\x2F\xE8\x5F\x64\x6E\xD0\xA1\x36\x24\xE8\xFE\x05\xBD\x5A\x39\xE8\xBF\x7A\x85\x38\xDD\xF2"
"\xCE\xE9\x28\xBD\xB2\x4E\x30\x33\x51\x2C\x5A\x1C\x04\x7C\xDF\x3D\xA5\xBF\xD9\xF1\x89\x78\x10\x73\x59"
"\xCA\x9E\x9E\xD0\xDF\x9C\x30\x8C\x82\xD0\xFE\xB0\x6D\xDC\x7A\xBE\x02\xD0\xF8\x17\x36\xDC\xEE\xF8\x7C"
"\x66\x82\x28\xB2\x70\xBB\xC5\x53\x82\x6A\x7D\x0F\xB3\xCD\x35\x99\xD5\xD4\xEE\x58\xD6\xAC\x78\x86\x3C"
"\x7F\x26\x1A\x9E\x50\x2E\x9B\xCF\xCC\x59\xED\x3F\x5D\xEF\xE3\x9D\xA7\x60\xDC\x14\xDB\xE2\xCD\xF6\xB0"
"\x37\x99\xF0\x31\xF7\x94\xBE\xB0\xF9\x0A\x2E\xE4\x60\x01\x1D\x1A\xB6\xBC\xE3\x3A\xEE\xEB\x09\xBD\xB5"
"\x98\x8E\xA1\xE9\x15\x8F\x5F\x1F\xF9\xFF\x58\x49\xC7\xBF\xDE\xCB\xFD\x37\x7E\x3E\xBC\x1F\xF1\xF6\x90"
"\xAF\xAA\x79\x66\xF9\x1F\xC4\x47\xA3\x97\x7A\x2F\x93\x55\x21\xDE\x49\x56\x49\xFA\xAF\x88\x3F\x0B\x8F"
"\xD6\xC7\x5E\xE1\xCD\x36\x5B\xED\xB2\xD5\x2A\xCB\x56\xD9\x6E\xB7\x42\x9F\xBF\xB5\x8F\xF4\x45\xBE\xCE"
"\xD7\x8D\xFC\x2E\x6F\x14\xF4\xCD\x36\x59\x6E\xD3\xCD\x66\x99\xA6\x49\xB6\x49\x71\xCA\x8F\x0A\x3D\xCF"
"\x17\xFB\x7C\xC1\x55\xD2\x93\x74\x97\x25\x08\x6F\x36\x09\xCE\xD9\x6C\xAB\xF4\xBC\xB1\xCE\x47\x8D\xFD"
"\x63\x85\x9E\x2E\xB3\x5D\x92\xA2\x18\xFC\x86\x88\x57\xE8\xC2\xD8\x2D\xFB\xE9\x36\x13\xDA\x15\x6D\x2B"
"\x6A\x47\xBE\x5E\x2F\xEB\xF5\xF2\xC4\x6B\x1E\xDF\xEF\x45\xC1\x37\x68\xFF\xDF\xC3\xFF\x62\x36\x04\x33"
"\x49\x4C\x11\xC8\x00\x00\x00\x00\x49\x45\x4E\x44\xAE\x42\x60\x82"
}
};

static const binfile_t logo_snes = {"logo_snes.png", 1348, {
"\x89\x50\x4E\x47\x0D\x0A\x1A\x0A\x00\x00\x00\x0D\x49\x48\x44\x52\x00\x00\x00\x2E\x00\x00\x00\x32\x08"
"\x03\x00\x00\x00\x14\x73\x19\xE5\x00\x00\x00\x01\x73\x52\x47\x42\x00\xAE\xCE\x1C\xE9\x00\x00\x00\x04"
"\x67\x41\x4D\x41\x00\x00\xB1\x8F\x0B\xFC\x61\x05\x00\x00\x00\xCC\x50\x4C\x54\x45\xC5\xCE\xCE\xD6\xCE"
"\xCE\xC7\xCA\xCD\xC4\xC2\xBF\xE6\xEF\xEF\xFF\xFF\xF7\xFF\xEF\xF7\xD0\xD0\xD1\xE6\xBD\x9C\xB5\x73\x5A"
"\xE6\xC5\xBD\xE6\x73\x6B\xEF\x9C\x7B\xCE\xA5\x67\xE6\xE6\xDE\xE6\xCE\xCE\xF1\xF0\xEF\xCF\xCF\xD0\xDE"
"\x31\x29\xE6\x4F\x4A\xE6\x9C\xA5\xF8\xF8\xF8\xB5\x31\x19\xE6\x52\x29\xE6\x73\x4A\xF8\xFC\xF8\xE6\x73"
"\x8C\xD6\xDE\xDE\xE6\xCE\xE6\xBD\xA5\xCE\xBD\xC5\xB5\xB5\xB5\xB5\x9C\x94\x9C\x6B\x6B\x6B\x73\x8C\x9C"
"\x73\xCE\xDE\x73\xAD\xDE\x94\xCE\xE6\x52\xAD\xDE\x9C\xAD\xA5\x10\x8C\xDE\x52\x8C\xDE\xBD\x9C\xA5\x4A"
"\x4A\x5A\x4A\x6B\x5A\x73\x4A\x5A\x73\x6B\x4A\x08\xCE\x5A\x08\xEF\x5A\x9C\x9C\x7B\x08\xCE\x19\x89\x7B"
"\x5A\x4A\xAD\x5A\x08\xAD\x19\x73\xAD\x9C\xEA\xE0\x11\x94\x73\x9C\xE6\xB5\x08\xE9\xE9\xEA\xBD\xCE\xE6"
"\x94\xA5\xEF\xE0\xE2\xE0\x08\x6B\xDE\x31\x8C\xDE\x29\x6B\xDE\xBD\xE6\xE6\x31\xAD\xDE\xA5\xA3\xA7\x8E"
"\xEA\x23\x4A\x00\x00\x00\x09\x70\x48\x59\x73\x00\x00\x0E\xC4\x00\x00\x0E\xC4\x01\x95\x2B\x0E\x1B\x00"
"\x00\x04\x01\x49\x44\x41\x54\x48\x4B\x8D\x55\x01\x7B\xEB\x24\x14\x05\x25\x7B\x73\xCD\x63\xAE\xAD\x6F"
"\x4F\xE9\x80\xC4\x26\xAC\xED\xE6\x8C\x53\xB7\xE7\x66\xB3\xE9\xFF\xFF\x4F\x9E\x73\x49\xDA\x6C\x7E\x9F"
"\x9F\x17\x48\x20\x1C\x0E\x87\xCB\x85\x28\x9A\xFE\x9F\xE9\xAB\xAF\x81\x35\x45\x71\x32\xA6\xA1\x3E\x36"
"\x91\xCC\xB1\x6E\x3E\x00\xCE\x36\x50\xA7\xDF\x9C\x9D\xCE\xCA\x8F\x16\x0D\x7B\x6E\xF9\x25\xE7\x72\x66"
"\xA4\x1F\xB9\xF8\xF6\x42\xC8\x61\x27\xE5\x7C\x31\x9B\xCF\x66\xE5\x0C\x26\xEF\x53\x54\x96\x65\xB9\x98"
"\x97\x68\x64\xFC\x77\x80\x03\x6B\x90\xCA\x4F\xB3\xCB\xF9\xE7\xC5\x62\x51\xCE\x3F\x23\x61\xC0\xBC\xBC"
"\x5C\x5C\x2E\x66\x97\xB3\xCB\xE5\xFC\x0C\x02\x8B\xE2\xFB\x0B\x8A\x11\x5B\xCE\xCE\x96\xA0\x29\xCB\x33"
"\x14\xD8\xF2\xF4\x07\x70\xC3\x30\xC5\x72\x66\xC9\x78\x64\x3F\x9A\xD0\xE4\xB5\xB1\x32\xBC\xB3\x81\x3D"
"\x6B\xFF\xD7\x80\x37\x36\x42\xA6\xEC\xC6\x4D\xC7\x4C\xCC\x58\x3E\x58\x23\x3B\xDF\x68\x99\xC2\x5A\x67"
"\x1C\x4B\x7E\x1E\x8A\xB5\x86\xE0\x03\x3B\xB1\xA6\x70\xCE\x1A\x6B\x57\x28\x04\x4C\x0A\xC6\x60\xFB\x38"
"\x82\x9E\x11\x76\x82\xED\x0A\xC5\x59\x6C\xF6\x95\x0F\x76\xA5\x9C\xBA\xC2\xCE\x5F\x71\x0E\x9B\x51\x23"
"\x7B\x61\x8C\xC3\x00\x17\xA2\xB2\x41\x79\xAF\x95\xF3\x2A\x78\xED\x83\x0A\x96\x1D\x42\x6F\xC0\xEE\x30"
"\x0A\x4A\xF0\xD1\xB9\xAA\x76\xC1\x69\xAF\x9C\x03\x0C\x50\xBE\x54\xEE\x22\x2C\xB3\x53\x95\xD2\xDA\xB9"
"\x95\xD3\x41\xBB\x10\xFC\x55\xC0\x14\x50\x84\x2A\xE0\x9A\x49\x44\x0C\xEC\x45\xC1\x0F\xFC\x3C\xDA\xA1"
"\x26\x58\x24\x8A\x37\x03\xBB\x29\x10\xC7\x1C\x21\xD9\x9D\x0B\xF0\x3C\x37\xE4\x23\xBA\x49\x7A\x64\xCF"
"\x67\x44\x11\x40\x64\x1E\x41\xB4\x74\xE0\x49\xD6\x83\x67\x78\xA6\xBC\x9C\x2C\xF4\x89\x12\x61\x96\x36"
"\x3B\xFC\xC8\x9E\x3D\x0A\x97\x61\x59\x5C\x1B\x00\x02\x15\x34\xD2\x8F\xEB\x06\x1D\x84\x99\xE3\xAE\xC2"
"\x1F\x40\x56\x55\x15\x34\x9C\x2E\x60\xA0\xBD\xD2\x4D\xDB\xB6\x0A\x9D\xEF\xB4\x27\x52\x13\x0E\x17\xCA"
"\x0A\xA8\x97\xEB\xBF\xBE\xDE\xA0\x27\xE1\x58\x0C\xEC\xE2\xF7\xB4\xC5\x80\x6A\x57\x25\xEF\xAF\xF2\x82"
"\x41\x2E\x5E\x71\x41\x2F\xCF\xE2\x84\x1D\x78\x1D\x6F\x6E\x2B\xA0\xC5\x10\x04\x80\x69\xEF\xB0\x0A\x8D"
"\x9D\xC3\x89\xF4\x13\xED\x64\x8F\x3B\xD8\x4F\x1C\x03\x78\xA0\x67\x94\xBA\xFB\xF9\x4E\x31\x0A\x00\xDF"
"\x1E\xD8\x29\xAA\x50\xDD\x6E\x77\xC3\xCC\x19\xB0\x30\x68\xF0\xFA\xEE\x97\x3B\x70\x63\x11\x9F\xEE\xE3"
"\x3B\xF6\x1A\xDC\xBB\xDB\x1B\x24\xC2\xC9\xAE\xC3\xAF\xBF\xFD\x9E\x30\x0E\xEE\x8C\xF5\xC8\x2E\xC3\x0A"
"\x7D\x5F\x77\x11\x33\xEC\x62\x8A\x09\x51\x49\xFA\x6D\x48\xE9\xFC\xE1\x01\xAA\x62\x57\x89\x88\x89\xF6"
"\xBA\x7B\xAC\x31\x41\x97\xE0\x23\x7A\xC4\x29\x95\x62\x7C\x78\xF8\xF2\x80\xBE\xEA\x3D\x7B\xAA\xEE\x33"
"\x3B\xE8\xE9\x11\xF1\xC9\x36\x7E\xFC\xF2\x65\xDB\x3D\x76\x55\x78\xA7\x3D\x6D\x63\xFD\xD8\x45\x9A\x48"
"\x81\xEF\xE1\x95\x18\x43\xE8\xEA\xAE\x0E\x69\x64\xCF\x7E\x77\x31\x25\x48\xAC\xBB\x64\x19\x54\x8C\x1B"
"\x46\x8C\x0B\x8F\x5D\x1D\xF5\x16\x33\xBE\xDD\x55\x2C\x50\x0C\x21\xA6\x15\xA2\x41\xEB\x58\x31\x12\x25"
"\xEE\x52\x9A\xEE\x2A\xCC\x41\x33\x07\x78\xE2\x13\xD0\x2A\x56\x15\x63\x1A\xF0\x14\xB6\x98\xFA\xA0\x9D"
"\xD3\x80\x3D\x6D\x49\x84\x5D\x54\xBB\x5B\xA5\x7D\x75\x33\x72\x93\xFC\x1D\xBB\x0D\xC0\x8B\x1E\xEF\x45"
"\x0F\xB6\x93\x67\x43\xF0\x20\x0F\x13\xBF\x43\xBC\x81\x47\x24\x28\xE5\x7C\x00\x49\x30\x6F\x04\x72\x83"
"\x3C\x72\x81\x83\xDF\x89\xF7\x9E\xEA\x8F\xEB\x15\xDD\x23\x77\xF4\x5E\x50\x07\xBF\x17\x86\x1C\x99\x1F"
"\x68\x48\xCA\x67\x91\xBA\x91\x12\x2E\x71\x70\x8A\x76\x09\x49\xF8\xB2\xAA\x89\xCF\x03\x44\x06\x8C\x1F"
"\x1E\xAB\xF1\x0F\x33\x61\x67\xE1\x6D\x2B\x99\x66\x50\xC9\xAD\x01\x20\xB7\x98\x32\xB4\x93\xF1\x99\x73"
"\xB6\x93\x49\x2A\xF8\xFC\x03\x70\x92\xC9\xA5\x7F\x30\xB9\xE8\xAD\x7D\x7A\x5E\xBF\xB5\xE6\x4F\xC0\x39"
"\xA7\x64\x79\xC9\xFC\x2B\xBE\x4D\xBB\xEF\x99\xDB\xBE\x6F\x37\x7B\xDC\x1F\xFB\x6B\xFE\xB5\xC1\xA5\xB1"
"\x28\x15\x74\xE2\xCD\x12\x9C\x4A\x38\xD5\x2B\x6B\xDA\x97\xF5\xD3\x4B\xB3\x7E\x6E\x9A\x66\xBD\x69\x9A"
"\xE7\xFE\xE5\x03\xD8\xF1\xCF\x50\x70\xA0\x84\x00\xE2\x35\x9B\xC2\x5F\xA7\xDD\x6F\x9A\x7D\xBF\x06\x70"
"\xBD\xE6\x14\x4D\x4F\x76\x8A\x95\x7D\xE4\x46\x32\x6A\x31\x0F\x0E\x2B\xD8\xFB\xE7\xD7\xBF\x5E\x80\x6A"
"\x5B\x91\xDE\xF6\x64\xA7\xEA\xAC\x79\x78\x66\x73\xE6\x79\xD3\x8B\xED\xFB\x7E\x73\x8D\xF2\xD2\x92\x5D"
"\x9D\x03\xB4\x1A\xB0\xB2\xC8\x61\xAD\xEE\xE9\xF5\x69\x6A\xAF\x4F\x84\xCB\xC1\x18\x82\xE5\xBF\x2D\xFD"
"\x7D\xF1\x0F\x81\x6C\x9E\x62\x6A\xC1\x04\x1B\x00\x00\x00\x00\x49\x45\x4E\x44\xAE\x42\x60\x82"
}
};

static const binfile_t logo_txt = {"logo_txt.png", 1251, {
"\x89\x50\x4E\x47\x0D\x0A\x1A\x0A\x00\x00\x00\x0D\x49\x48\x44\x52\x00\x00\x00\x2E\x00\x00\x00\x32\x08"
"\x03\x00\x00\x00\x14\x73\x19\xE5\x00\x00\x00\x60\x50\x4C\x54\x45\xFF\xFF\xFF\xFF\xFF\xFC\xFE\xFD\xFD"
"\xFC\xFC\xFC\xFB\xFB\xFB\xFA\xFA\xFA\xF9\xF9\xF8\xF8\xF7\xF7\xF6\xF6\xF5\xF4\xF4\xF4\xF3\xF3\xF2\xF1"
"\xF1\xF1\xF0\xEF\xEF\xEE\xEE\xEE\xED\xEC\xEC\xEB\xEB\xEA\xE6\xE5\xE4\xDF\xDF\xDE\xD6\xD5\xD6\xCB\xCA"
"\xCA\xC0\xBF\xBF\xB7\xB6\xB7\xAF\xAC\xAF\xA6\xA6\xA6\xA3\xA0\xA5\x96\x96\x95\x8A\x87\x8E\x7D\x7D\x7D"
"\x75\x72\x78\x62\x5E\x66\x54\x4B\x60\x3F\x3F\x3E\xC6\xCE\x71\x9E\x00\x00\x04\x3E\x49\x44\x41\x54\x78"
"\xDA\x6D\x56\x8B\x9A\xB3\x2A\x0C\x4C\x11\xB9\x0B\x28\xDE\xF0\x52\xDF\xFF\x2D\x4F\x82\x5A\x7B\xFE\x6D"
"\xBE\xDD\xAE\x95\xD9\xF9\x06\x92\x4C\x80\x0A\xAC\xAF\xC1\x78\x09\x2A\x28\x10\xDE\x00\xF7\x8E\x31\xD7"
"\x9C\x0B\xBA\x2C\x68\x90\xE7\x02\x7C\xC3\xF5\x4F\x38\xFB\x5A\x00\xEB\x6A\x66\x1A\x7C\xD7\x28\xAE\xBC"
"\xE1\xD2\x3B\x2E\x1A\x57\xD7\xAE\x91\xDC\x7A\xC5\x4D\x50\x4C\x7A\xCD\x44\x63\x58\x0D\xCE\x73\x30\x41"
"\x20\xB7\x04\x50\x00\x20\x2B\x00\x51\x03\x70\x01\xC0\xF0\x1D\x08\xCE\x64\x30\x50\x07\x8B\x52\xEA\xCA"
"\x38\xC9\xB5\x33\x90\xDE\xDB\xFE\x37\xB6\xFD\x3D\x82\xAB\xA4\x33\x95\x40\x10\x03\x17\x90\x3F\x42\xDA"
"\xF2\xF4\x2B\x32\xE1\x2B\x41\xDC\xC1\x81\x31\xB2\xD6\x56\x41\xDA\x07\x30\x5A\x6B\x63\xCA\xE7\xF9\x43"
"\x5F\x5C\x58\x8E\x11\x6C\x2D\xAD\xA9\x05\x72\xE3\x11\x84\x9A\xD0\x5D\x17\x7F\x44\xD7\xB6\xEB\x31\x49"
"\xD4\xEE\x50\x8A\x14\xDA\x48\x05\x79\x07\x7C\x3F\xCE\x7F\x62\x6C\xDB\xD8\x1F\x1B\x34\x4A\x48\xA3\x8B"
"\x76\x81\x52\x26\xD9\xB6\x79\x5F\xFF\x8D\x65\xCF\x31\xF6\x28\xDF\x60\x8A\x42\x03\x4A\x4B\x69\xD8\x7C"
"\x24\xD9\xE5\x7D\x0A\x6D\x44\xB6\x27\xDA\xD0\x6F\x83\xED\x57\xA4\x37\x5A\x49\x09\x0D\x6A\x6F\xF8\x74"
"\x24\x9E\xB6\x4D\xAB\x57\x09\xA5\x95\x66\x2F\xC6\xD8\x4B\xF2\x9C\xAB\x61\x3D\x56\x90\x45\xBB\xC2\x30"
"\x0C\xE1\x75\xDA\x56\x88\xD3\x48\xE1\x85\x11\xFD\x80\x31\x76\x90\x33\x27\x38\x33\x84\x2C\xDA\x25\x20"
"\x5C\x20\xBC\x1D\x13\x45\x9F\x53\x9C\xFB\x71\xD9\xE6\x34\xA5\xE9\x84\xF3\xA6\x68\x97\x52\x69\xCD\xA6"
"\x77\x61\xEF\x67\x78\x61\xDA\x5F\x69\x9E\x3A\xFC\x58\x12\xCC\xF3\xCD\x6E\x25\xB1\x17\xED\xF5\x25\xA6"
"\x1F\x7D\x8F\x91\x5E\x63\x06\xD5\x2F\x4B\xCF\xA6\x1B\x7E\x69\xC7\x53\x97\x1F\xED\xFD\x64\xF0\xF4\xBB"
"\x56\x8D\x59\x98\x7E\xD9\x7A\xF8\xC0\x19\xA6\x59\xC8\x47\xFB\x0D\xA7\x40\xB8\x54\xA8\x7D\x78\xE0\x45"
"\xBB\xC3\x5A\x35\x56\x3D\xEC\x8E\x76\x9A\x88\x5D\xF4\x31\xA5\x07\x5E\x95\xAA\xC1\x7A\xBF\xCE\xFD\x84"
"\xAB\x96\x82\xE0\x98\xB0\xD8\xAA\x7F\xB5\x1B\x2B\xB8\xE5\x78\x32\xA2\xC0\x69\xAB\x43\x4F\x70\xFC\xD3"
"\x0F\x61\xFC\x68\x57\xCE\xF0\x1A\xFF\xC1\x7E\x6B\x17\x81\x42\x8F\xB9\x0E\xDE\xFB\xC0\x1F\xED\xAE\xF4"
"\x2A\x76\xAA\x53\x77\x9A\xFA\x31\x50\x2A\x89\x5D\x96\xA4\xC6\x0F\x7B\xE5\x58\xED\x6C\xE9\x55\xC7\x6F"
"\xF8\x24\xBC\x73\x8D\x23\x76\x7C\xC0\x7D\x7D\x69\xF7\xD4\xAB\xB6\xA9\x99\xE3\x77\x56\x1F\x76\x51\xD8"
"\x1F\xED\xA0\x1A\xCB\x38\x70\xB2\x8D\x47\xBB\x0C\xC1\x07\x8F\xEC\x02\xCB\x37\xC4\x7A\xFA\x16\xD3\x9C"
"\xB6\xF4\x81\x0F\xF9\xE5\xAC\xB5\x06\xD9\x39\x35\xAA\x05\x44\x9F\x05\x5C\xB9\x8F\x2D\xB9\xEA\x12\x33"
"\x2C\xB1\xD4\x8C\x19\x73\xD5\xD1\x41\xC6\xFC\x88\x71\x06\xC5\x5C\x5B\xBD\xE0\xEF\x95\xBC\x62\xCE\x63"
"\x1E\x8A\x8D\x2C\xEF\xAF\x34\xDD\xB6\xF4\x29\x82\xE1\x78\x93\x15\xBD\xDF\xEB\xBA\x9F\x4F\xC7\xA3\x9D"
"\xDF\xB6\x84\xDA\x0B\xFB\xD6\xCE\xA7\x75\xBD\x31\xCE\xA7\xA5\x5D\x9E\x12\xF3\xA7\x2D\xD9\xEA\x64\xDF"
"\xAE\xB6\xF6\xC3\xB6\x51\x97\x53\xD5\x84\xE5\xDC\x2A\x53\x56\x5F\xB6\x74\x95\xD8\xBA\x8F\x91\xAC\x0B"
"\x5B\x80\x31\x81\xDD\x8D\xA1\xD2\x36\xC9\xAF\x12\x23\x5B\xD2\xA4\x5D\x74\xC3\xB2\x2F\x7F\x62\x9B\xD1"
"\x67\x4A\x6B\x7F\x6C\xA9\x9C\x3B\x96\x6E\x1A\x2E\x1B\x25\x37\x38\x9F\xE6\x21\x9C\xF0\xAB\xB5\x95\xBA"
"\x9A\x0F\x5D\x2C\x62\x82\x84\xD6\xD2\x91\x69\xC4\xDA\x18\xA1\xB4\x23\xD3\x2B\xEC\x8F\x2D\xD5\x78\x32"
"\xB2\x34\x46\x97\xF0\x77\xA4\x5C\x8D\xF8\x94\x3A\x6C\xDC\x13\xFE\x6D\x4B\xD5\x7C\x74\xB2\x23\xF8\xBC"
"\xE0\x6A\x8E\xC3\x9C\xE6\x31\xC6\x79\xA6\x97\x17\xFB\x97\x2D\xE5\x23\x35\x65\x61\x1B\x3B\x84\x27\xDC"
"\x61\x1E\x63\x8B\x5F\xD1\x33\xDB\x11\x3D\xF2\xCB\x96\x94\x4A\xFB\xDA\xFA\x87\x1D\x53\x30\x22\x3C\x2E"
"\x99\xD8\x13\x0E\x90\x81\xA3\xF5\xEA\xD3\x96\x6C\xA4\xA3\x49\x1D\x31\x75\x6D\x4C\xB9\x43\x37\xC8\x43"
"\xA4\x2F\x88\x9E\x16\x34\x60\xC6\x6F\x5B\x12\xDA\xC9\xFE\xBD\x0D\x7D\xEA\xCE\x48\xCB\xBA\xAC\x43\xDB"
"\x75\xF4\xD3\xE3\x74\x3A\x66\x81\xE7\x77\xDB\x12\xD5\x64\xFF\x5E\x73\x1E\x7F\x44\x5E\xF6\x63\xC2\x39"
"\x6A\x2F\x5B\xD2\x56\xD6\xCA\x43\x7F\x1C\xF7\xF0\x28\xE9\xBC\xE7\x07\x56\x65\xC6\x1D\x62\xC5\xDC\xB6"
"\x64\x71\xDC\x58\xD5\x1F\xEF\x5F\x71\x20\xB7\x29\x63\xB8\xD8\x92\x13\x38\x84\x25\x57\x8D\xA9\xD2\xF1"
"\x23\x06\x81\x93\xDF\x69\x4E\x83\xB8\xD8\x12\x5D\x21\xF0\xEC\x95\xC7\xE1\x1F\x1C\x13\xA1\xA9\xB8\xF7"
"\xD8\x93\x41\x32\xF2\xAC\x72\x15\x09\xE6\x63\x4B\x82\xE9\xF3\x12\xC1\x84\xD3\x8C\x63\x53\x56\xC6\xA2"
"\x45\x60\x1B\x2B\x27\x2B\x5A\x90\x74\x81\x20\x5B\x6A\x70\xC4\x7B\x41\xDC\x74\x69\x61\xC2\xA3\x9D\x34"
"\xAE\x62\x0E\xF9\xF1\xDE\xC2\x74\x59\xD0\x50\x17\x5B\x2A\x37\x0E\x84\xFF\xEF\x6D\x43\x37\x9A\xB2\x20"
"\x41\x87\xAF\x85\xFF\x00\x69\x5A\x88\x3C\x03\x67\x12\xD2\x00\x00\x00\x00\x49\x45\x4E\x44\xAE\x42\x60"
"\x82"
}
};


const binfile_t *builtin_images[] = {&background_2600,
&background_col,
&background_collections,
&background_doom,
&background_favorite,
&background_gb,
&background_gba,
&background_gbc,
&background_gg,
&background_gw,
&background_lnx,
&background_md,
&background_msx,
&background_nes,
&background_pce,
&background_recent,
&background_sms,
&background_snes,
&background_txt,
&banner_col,
&banner_doom,
&banner_favorite,
&banner_gb,
&banner_gbc,
&banner_gg,
&banner_gw,
&banner_lnx,
&banner_md,
&banner_nes,
&banner_ngp,
&banner_pce,
&banner_recent,
&banner_sms,
&banner_snes,
&banner_txt,
&logo_col,
&logo_doom,
&logo_favorite,
&logo_gb,
&logo_gbc,
&logo_gg,
&logo_gw,
&logo_lnx,
&logo_md,
&logo_msx,
&logo_nes,
&logo_ngp,
&logo_pce,
&logo_recent,
&logo_sms,
&logo_snes,
&logo_txt,

0
};
